<mamecheat version="1">

  <cheat desc="동전 무제한">
    <script state="run">
      <action>maincpu.pb@E019=99</action>
    </script>
  </cheat>

  <cheat desc="시간 무제한">
    <script state="run">
      <action condition="(frame % 300 == 0)">maincpu.pb@E44A=30</action>
    </script>
  </cheat>

  <cheat desc="Reset Timer (once)">
    <script state="on">
      <action>maincpu.pb@E44A=60</action>
    </script>
  </cheat>

  <cheat desc="Always 1st Down">
    <script state="run">
      <action>maincpu.pb@E432=00</action>
    </script>
  </cheat>

  <cheat desc="See the Dip Switch Menu to enable 무적."/>

</mamecheat>
<!-- Cheat file downloaded from http://www.mamecheat.co.uk, see cheat.txt for list of contributors. -->
