<mamecheat version="1">

  <cheat desc="동전 무제한">
    <script state="run">
      <action>maincpu.pb@FF0D59=09</action>
    </script>
  </cheat>

  <cheat desc="무적 - 1st Side Fighter">
    <script state="run">
      <action>maincpu.pb@FF9A64=02</action>
      <action>maincpu.pb@FF9AE4=02</action>
    </script>
  </cheat>

  <cheat desc="무적 - 2nd Side Fighter">
    <script state="run">
      <action>maincpu.pb@FF9964=02</action>
      <action>maincpu.pb@FF99E4=02</action>
    </script>
  </cheat>

  <cheat desc="적 방어 무력화 ">
    <script state="on">
      <action>temp0 =maincpu.mw@001C24</action>
      <action>temp1 =maincpu.mw@001DEE</action>
      <action>temp2 =maincpu.mw@00F178</action>
    </script>
    <script state="run">
      <action>maincpu.mw@001C24=01B8</action> <!-- This ROM cheat was made by nolberto82 -->
      <action>maincpu.mw@001DEE=0001</action>
      <action>maincpu.mw@00F178=0001</action>
    </script>
    <script state="off">
      <action>maincpu.mw@001C24=temp0 </action>
      <action>maincpu.mw@001DEE=temp1 </action>
      <action>maincpu.mw@00F178=temp2 </action>
    </script>
  </cheat>

  <cheat desc="총알 속도 빠르게 - 1st Side Fighter">
    <script state="run">
      <action>maincpu.pb@FF9A6D=03</action>
      <action>maincpu.pb@FF9AED=03</action>
    </script>
  </cheat>

  <cheat desc="총알 속도 빠르게 - 2nd Side Fighter">
    <script state="run">
      <action>maincpu.pb@FF996D=03</action>
      <action>maincpu.pb@FF99ED=03</action>
    </script>
  </cheat>

  <cheat desc=" "/>

  <cheat desc="P1 에너지 무제한">
    <script state="run">
      <action>maincpu.pw@FF0DA4=0606</action>
    </script>
  </cheat>

  <cheat desc="P1 무적">
    <parameter>
      <item value="0x01">Enabled</item>
      <item value="0x00">Disabled</item>
    </parameter>
    <script state="run">
      <action>maincpu.pb@FF0DFA=param</action>
    </script>
  </cheat>

  <cheat desc="P1 총알 속도 빠르게">
    <script state="run">
      <action>maincpu.pb@FF1471=03</action>
      <action>maincpu.pb@FF3871=03</action> <!-- 1st = Player -->
      <action>maincpu.pb@FF38F1=03</action> <!-- 2nd + 3rd = Afterimages -->
    </script>
  </cheat>

  <cheat desc="P1 Infinite Weapon Time">
    <script state="run">
      <action>maincpu.pb@FF0DE7=99</action>
    </script>
  </cheat>

  <cheat desc="P1 Select Perm. Weapon">
    <parameter>
      <item value="0x48">Normal</item>
      <item value="0x28">M. Gun</item>
      <item value="0x18">S. Shell</item>
      <item value="0x08">Missile</item>
    </parameter>
    <script state="run">
      <action condition="param==48">temp0=00</action>
      <action condition="param==28">temp0=01</action>
      <action condition="param==18">temp0=02</action>
      <action condition="param==08">temp0=03</action>
      <action condition="(maincpu.pb@FF0040 == 01)">maincpu.pw@9080B0=4758</action>
      <action condition="(maincpu.pb@FF0040 == 01)">maincpu.pw@9080B4=4759</action>
      <action condition="(maincpu.pb@FF0040 == 01)">maincpu.pb@FF0DC8=temp0</action>
      <action condition="(maincpu.pb@FF0040 == 01)">maincpu.pb@FF0DE7=00</action>
      <action condition="(maincpu.pb@FF0040 == 01)">maincpu.pb@9081AD=param</action>
      <action condition="(maincpu.pb@FF0040 == 01)">maincpu.pb@9081B1=param+1</action>
      <action condition="(maincpu.pb@FF0040 == 01)">maincpu.pb@9081B5=param+2</action>
      <action condition="(maincpu.pb@FF0040 == 01)">maincpu.pb@9081B9=param+3</action>
    </script>
  </cheat>

  <cheat desc="P1 Maximum Fire Rate">
    <script state="run">
      <action>maincpu.pb@FF1461=00</action>
    </script>
  </cheat>

  <cheat desc="P1 Extreme Firepower">
    <script state="run">
      <action>maincpu.pb@FFC578=06</action>
    </script>
  </cheat>

  <cheat desc="P1 Always have Side Fighters">
    <script state="run">
      <action>maincpu.pd@FF9918=01010001</action>
      <action>maincpu.pb@FF9944=05</action>
      <action>maincpu.pd@FF9998=01010000</action>
      <action>maincpu.pb@FF99C4=05</action>
    </script>
  </cheat>

  <cheat desc=" "/>

  <cheat desc="P2 에너지 무제한">
    <script state="run">
      <action>maincpu.pw@FF0DA6=0606</action>
    </script>
  </cheat>

  <cheat desc="P2 무적">
    <parameter>
      <item value="0x01">Enabled</item>
      <item value="0x00">Disabled</item>
    </parameter>
    <script state="run">
      <action>maincpu.pb@FF0DFB=param</action>
    </script>
  </cheat>

  <cheat desc="P2 총알 속도 빠르게">
    <script state="run">
      <action>maincpu.pb@FF14F1=03</action>
      <action>maincpu.pb@FF3971=03</action> <!-- 1st = Player -->
      <action>maincpu.pb@FF39F1=03</action> <!-- 2nd + 3rd = Afterimages -->
    </script>
  </cheat>

  <cheat desc="P2 Infinite Weapon Time">
    <script state="run">
      <action>maincpu.pb@FF0DE8=99</action>
    </script>
  </cheat>

  <cheat desc="P2 Select Perm. Weapon">
    <parameter>
      <item value="0x48">Normal</item>
      <item value="0x28">M. Gun</item>
      <item value="0x18">S. Shell</item>
      <item value="0x08">Missile</item>
    </parameter>
    <script state="run">
      <action condition="param==48">temp0=00</action>
      <action condition="param==28">temp0=01</action>
      <action condition="param==18">temp0=02</action>
      <action condition="param==08">temp0=03</action>
      <action condition="(maincpu.pb@FF0040 == 01)">maincpu.pw@9080EC=4758</action>
      <action condition="(maincpu.pb@FF0040 == 01)">maincpu.pw@9080F0=4759</action>
      <action condition="(maincpu.pb@FF0040 == 01)">maincpu.pb@FF0DCB=temp0</action>
      <action condition="(maincpu.pb@FF0040 == 01)">maincpu.pb@FF0DE8=00</action>
      <action condition="(maincpu.pb@FF0040 == 01)">maincpu.pb@9081E9=param</action>
      <action condition="(maincpu.pb@FF0040 == 01)">maincpu.pb@9081ED=param+1</action>
      <action condition="(maincpu.pb@FF0040 == 01)">maincpu.pb@9081F1=param+2</action>
      <action condition="(maincpu.pb@FF0040 == 01)">maincpu.pb@9081F5=param+3</action>
    </script>
  </cheat>

  <cheat desc="P2 Maximum Fire Rate">
    <script state="run">
      <action>maincpu.pb@FF14E1=00</action>
    </script>
  </cheat>

  <cheat desc="P2 Extreme Firepower">
    <script state="run">
      <action>maincpu.pb@FFC57C=07</action>
    </script>
  </cheat>

  <cheat desc="P2 Always have Side Fighters">
    <script state="run">
      <action>maincpu.pd@FF9A18=01010101</action>
      <action>maincpu.pb@FF9A44=05</action>
      <action>maincpu.pd@FF9A98=01010100</action>
      <action>maincpu.pb@FF9AC4=05</action>
    </script>
  </cheat>

  <cheat desc=" "/>

  <cheat desc="사운드 테스트">
    <parameter min="1" max="255" step="1"/>
    <script state="change">
      <action>maincpu.pb@800181=param</action>
    </script>
  </cheat>

</mamecheat>
<!-- Cheat file downloaded from http://www.mamecheat.co.uk, see cheat.txt for list of contributors. -->
