<mamecheat version="1">

  <cheat desc="동전 무제한">
    <script state="on">
      <action>maincpu.pb@E018=01</action>
    </script>
    <script state="run">
      <action>maincpu.pw@E010=0809</action> <!-- Must poke 0908 not 0909 -->
    </script>
  </cheat>

  <cheat desc="생명 무제한">
    <script state="run">
      <action>maincpu.pb@E101=06</action>
    </script>
  </cheat>

  <cheat desc="Infinite Loops/Rs">
    <script state="run">
      <action>maincpu.pb@E09B=06</action>
    </script>
  </cheat>

  <cheat desc="무적">
    <script state="run">
      <action>maincpu.pb@E0A5=02</action>
    </script>
  </cheat>

  <cheat desc="적 방어 무력화 ">
    <script state="on">
      <action>temp0 =maincpu.mb@3487</action>
      <action>temp1 =maincpu.mb@34B2</action>
      <action>temp2 =maincpu.mb@34F3</action>
      <action>temp3 =maincpu.mb@34FC</action>
      <action>temp4 =maincpu.mb@3536</action>
      <action>temp5 =maincpu.mb@356E</action>
      <action>temp6 =maincpu.mb@358A</action>
    </script>
    <script state="run">
      <action>maincpu.mb@3487=00</action> <!-- This ROM cheat was made by nolberto82 -->
      <action>maincpu.mb@34B2=86</action>
      <action>maincpu.mb@34F3=3A</action>
      <action>maincpu.mb@34FC=86</action>
      <action>maincpu.mb@3536=3A</action>
      <action>maincpu.mb@356E=86</action>
      <action>maincpu.mb@358A=C6</action>
    </script>
    <script state="off">
      <action>maincpu.mb@3487=temp0 </action>
      <action>maincpu.mb@34B2=temp1 </action>
      <action>maincpu.mb@34F3=temp2 </action>
      <action>maincpu.mb@34FC=temp3 </action>
      <action>maincpu.mb@3536=temp4 </action>
      <action>maincpu.mb@356E=temp5 </action>
      <action>maincpu.mb@358A=temp6 </action>
    </script>
  </cheat>

  <cheat desc="Select Fire Type">
    <parameter>
      <item value="0x00">Normal Fire</item>
      <item value="0x80">Power Up Fire</item>
    </parameter>
    <script state="run">
      <action>maincpu.pb@E164=param</action>
    </script>
  </cheat>

  <cheat desc="시작 레벨 선택">
    <parameter min="1" max="32" step="1"/>
    <script state="run">
      <action condition="(maincpu.pb@E103==00)">maincpu.pb@E103=(param-1)</action>
    </script>
  </cheat>

  <cheat desc="Always get 99%">
    <script state="run">
      <action>maincpu.pb@E155=63</action>
      <action>maincpu.pb@E165=64</action>
    </script>
  </cheat>

  <cheat desc="총알 속도 빠르게">
    <script state="run">
      <action>maincpu.pb@E0A3=00</action>
    </script>
  </cheat>

  <cheat desc="Select Player Speed">
    <parameter>
      <item value="0x03">x1.5</item>
      <item value="0x04">x2</item>
      <item value="0x05">x2.5</item>
      <item value="0x06">x3</item>
    </parameter>
    <script state="run">
      <action>maincpu.mw@2629=param * 0xC0</action>
      <action>maincpu.mb@2630=param</action>
    </script>
    <script state="off">
      <action>maincpu.mw@2629=0180</action>
      <action>maincpu.mb@2630=02</action>
    </script>
  </cheat>

  <cheat desc="Select Shot Speed">
    <parameter>
      <item value="0x09">x1.5</item>
      <item value="0x0C">x2</item>
      <item value="0x0F">x2.5</item>
      <item value="0x12">x3</item>
    </parameter>
    <script state="run">
      <action>maincpu.mb@2A2F=param</action>
    </script>
    <script state="off">
      <action>maincpu.mb@2A2F=06</action>
    </script>
  </cheat>

</mamecheat>
<!-- Cheat file downloaded from http://www.mamecheat.co.uk, see cheat.txt for list of contributors. -->
