<mamecheat version="1">

  <cheat desc="동전 무제한">
    <script state="run">
      <action>maincpu.pb@E312=09</action>
    </script>
  </cheat>

  <cheat desc="Infinite Loops">
    <script state="run">
      <action>maincpu.pb@E12B=11</action>
    </script>
  </cheat>

  <cheat desc="다음 레벨 선택">
    <parameter min="1" max="9" step="1"/>
    <script state="change">
      <action>maincpu.pb@E451=(param-1)</action>
    </script>
  </cheat>

  <cheat desc="Select Smart Bomb">
    <parameter>
      <item value="0x00">Thunder Bomb</item>
      <item value="0x01">Tsunami Bomb</item>
    </parameter>
    <script state="run">
      <action>maincpu.pb@E145=param</action> <!-- The alternative 'smart bomb' efect a sort of Tsunami (Tidal Wave) MegaCrush -->
    </script>
  </cheat>

  <cheat desc=" "/>

  <cheat desc="P1 에너지 무제한">
    <script state="run">
      <action>maincpu.pb@F206=40</action>
    </script>
  </cheat>

  <cheat desc="P1 무적">
    <script state="run">
      <action>maincpu.pb@F214=02</action>
    </script>
  </cheat>

  <cheat desc="P1 Always Enable Secret Code"> <comment>Get the weapon at the start of every stage</comment>
    <script state="on">
      <action>temp0 =maincpu.mb@7274</action>
    </script>
    <script state="run">
      <action>maincpu.mb@7274=18</action>
    </script>
    <script state="off">
      <action>maincpu.mb@7274=temp0 </action>
    </script>
  </cheat>

  <cheat desc="P1 Infinite Weapon Time">
    <script state="run">
      <action>maincpu.pb@F257=63</action>
    </script>
  </cheat>

  <cheat desc="P1 무기 선택">
    <parameter>
      <item value="0x00">Normal</item>
      <item value="0x01">Auto Gun</item>
      <item value="0x02">Shot Gun</item>
      <item value="0x03">Mega Shot Gun</item>
      <item value="0x04">Three Way Gun</item>
      <item value="0x08">Shell Gun</item>
      <item value="0x10">Laser Gun</item>
      <item value="0x30">Laser+ Gun</item>
    </parameter>
    <script state="run">
      <action>maincpu.pb@F251=param</action>
    </script>
  </cheat>

  <cheat desc="P1 Always have Twin Planes">
    <script state="run">
      <action>maincpu.pb@F204=01</action>
      <action>maincpu.pb@F210=14</action>
    </script>
    <script state="off">
      <action>maincpu.pb@F204=00</action>
      <action>maincpu.pb@F210=07</action>
    </script>
  </cheat>

  <cheat desc="P1 총알 속도 빠르게">
    <script state="run">
      <action>maincpu.pb@F254=F8</action>
      <action>maincpu.pb@F256=00</action>
    </script>
  </cheat>

  <cheat desc=" "/>

  <cheat desc="P2 에너지 무제한">
    <script state="run">
      <action>maincpu.pb@F286=40</action>
    </script>
  </cheat>

  <cheat desc="P2 무적">
    <script state="run">
      <action>maincpu.pb@F294=02</action>
    </script>
  </cheat>

  <cheat desc="P2 Always Enable Secret Code"> <comment>Get the weapon at the start of every stage</comment>
    <script state="on">
      <action>temp0 =maincpu.mb@7295</action>
    </script>
    <script state="run">
      <action>maincpu.mb@7295=18</action>
    </script>
    <script state="off">
      <action>maincpu.mb@7295=temp0 </action>
    </script>
  </cheat>

  <cheat desc="P2 Infinite Weapon Time">
    <script state="run">
      <action>maincpu.pb@F2D7=63</action>
    </script>
  </cheat>

  <cheat desc="P2 무기 선택">
    <parameter>
      <item value="0x00">Normal</item>
      <item value="0x01">Auto Gun</item>
      <item value="0x02">Shot Gun</item>
      <item value="0x03">Mega Shot Gun</item>
      <item value="0x04">Three Way Gun</item>
      <item value="0x08">Shell Gun</item>
      <item value="0x10">Laser Gun</item>
      <item value="0x30">Laser+ Gun</item>
    </parameter>
    <script state="run">
      <action>maincpu.pb@F2D1=param</action>
    </script>
  </cheat>

  <cheat desc="P2 Always have Twin Planes">
    <script state="run">
      <action>maincpu.pb@F284=01</action>
      <action>maincpu.pb@F290=14</action>
    </script>
    <script state="off">
      <action>maincpu.pb@F284=00</action>
      <action>maincpu.pb@F290=07</action>
    </script>
  </cheat>

  <cheat desc="P2 총알 속도 빠르게">
    <script state="run">
      <action>maincpu.pb@F2D4=F8</action>
      <action>maincpu.pb@F2D6=00</action>
    </script>
  </cheat>

</mamecheat>
<!-- Cheat file downloaded from http://www.mamecheat.co.uk, see cheat.txt for list of contributors. -->
