<mamecheat version="1">

  <cheat desc=" "/>

  <cheat desc="Always Marked Secret Item">
    <script state="on">
      <action>temp0=maincpu.mw@7209</action>
      <action>temp1=maincpu.mb@75CF</action>
      <action>temp2=maincpu.mw@785F</action>
      <action>temp3=maincpu.mw@78CD</action>
    </script>
    <script state="run">
      <action>maincpu.mw@7209=4F58</action>
      <action>maincpu.mb@75CF=9E</action>
      <action>maincpu.mw@785F=092F</action>
      <action>maincpu.mw@78CD=0FF8</action>
    </script>
    <script state="off">
      <action>maincpu.mw@7209=temp0</action>
      <action>maincpu.mb@75CF=temp1</action>
      <action>maincpu.mw@785F=temp2</action>
      <action>maincpu.mw@78CD=temp3</action>
    </script>
  </cheat>

</mamecheat>
<!-- Wayder's Cheat file downloaded from http://wayder.web.fc2.com/ -->
