<mamecheat version="1">

  <cheat desc="동전 무제한">
    <script state="run">
      <action>maincpu.pb@E312=09</action>
    </script>
  </cheat>

  <cheat desc="Infinite Loops">
    <script state="run">
      <action>maincpu.pb@E12B=11</action>
    </script>
  </cheat>

  <cheat desc="다음 레벨 선택">
    <parameter min="1" max="15" step="1"/>
    <script state="change">
      <action>maincpu.pb@E450=(param-1)</action>
    </script>
  </cheat>

  <cheat desc="Select Smart Bomb">
    <parameter>
      <item value="0x00">Thunder Bomb</item>
      <item value="0x01">Tsunami Bomb</item>
    </parameter>
    <script state="run">
      <action>maincpu.pb@E145=param</action> <!-- The alternative 'smart bomb' efect a sort of Tsunami (Tidal Wave) MegaCrush -->
    </script>
  </cheat>

  <cheat desc="적 방어 무력화 " tempvariables="13">
    <script state="on">
      <action>temp0 =maincpu.mb@5879</action>
      <action>temp1 =maincpu.mb@588E</action>
      <action>temp2 =maincpu.mb@58AB</action>
      <action>temp3 =maincpu.mb@58B4</action>
      <action>temp4 =maincpu.mb@5B21</action>
      <action>temp5 =maincpu.mb@5EE7</action>
      <action>temp6 =maincpu.mb@5EFE</action>
      <action>temp7 =maincpu.mb@5F12</action>
      <action>temp8 =maincpu.mb@5F1B</action>
      <action>temp9 =maincpu.mb@6689</action>
      <action>temp10=maincpu.mb@669E</action>
      <action>temp11=maincpu.mb@66B3</action>
      <action>temp12=maincpu.mb@66BC</action>
    </script>
    <script state="run">
      <action>maincpu.mb@5879=3A</action> <!-- This ROM cheat was made by nolberto82 -->
      <action>maincpu.mb@588E=3A</action>
      <action>maincpu.mb@58AB=02</action>
      <action>maincpu.mb@58B4=02</action>
      <action>maincpu.mb@5B21=02</action>
      <action>maincpu.mb@5EE7=3A</action>
      <action>maincpu.mb@5EFE=3A</action>
      <action>maincpu.mb@5F12=02</action>
      <action>maincpu.mb@5F1B=02</action>
      <action>maincpu.mb@6689=3A</action>
      <action>maincpu.mb@669E=3A</action>
      <action>maincpu.mb@66B3=02</action>
      <action>maincpu.mb@66BC=02</action>
    </script>
    <script state="off">
      <action>maincpu.mb@5879=temp0 </action>
      <action>maincpu.mb@588E=temp1 </action>
      <action>maincpu.mb@58AB=temp2 </action>
      <action>maincpu.mb@58B4=temp3 </action>
      <action>maincpu.mb@5B21=temp4 </action>
      <action>maincpu.mb@5EE7=temp5 </action>
      <action>maincpu.mb@5EFE=temp6 </action>
      <action>maincpu.mb@5F12=temp7 </action>
      <action>maincpu.mb@5F1B=temp8 </action>
      <action>maincpu.mb@6689=temp9 </action>
      <action>maincpu.mb@669E=temp10</action>
      <action>maincpu.mb@66B3=temp11</action>
      <action>maincpu.mb@66BC=temp12</action>
    </script>
  </cheat>

  <cheat desc=" "/>

  <cheat desc="P1 에너지 무제한">
    <script state="run">
      <action>maincpu.pb@F206=40</action>
    </script>
  </cheat>

  <cheat desc="P1 무적">
    <script state="run">
      <action>maincpu.pb@F214=02</action>
    </script>
  </cheat>

  <cheat desc="P1 Always Enable Secret Code"> <comment>Get the weapon at the start of every stage</comment>
    <script state="on">
      <action>temp0 =maincpu.mb@702D</action>
    </script>
    <script state="run">
      <action>maincpu.mb@702D=18</action>
    </script>
    <script state="off">
      <action>maincpu.mb@702D=temp0 </action>
    </script>
  </cheat>

  <cheat desc="P1 Infinite Weapon Time">
    <script state="run">
      <action>maincpu.pb@F257=63</action>
    </script>
  </cheat>

  <cheat desc="P1 무기 선택">
    <parameter>
      <item value="0x00">Normal</item>
      <item value="0x01">Auto Gun</item>
      <item value="0x02">Shot Gun</item>
      <item value="0x03">Mega Shot Gun</item>
      <item value="0x04">Three Way Gun</item>
      <item value="0x08">Shell Gun</item>
      <item value="0x10">Laser Gun</item>
    </parameter>
    <script state="run">
      <action>maincpu.pb@F251=param</action>
    </script>
  </cheat>

  <cheat desc="P1 Always have Twin Planes">
    <script state="run">
      <action>maincpu.pb@F204=01</action>
      <action>maincpu.pb@F210=14</action>
    </script>
    <script state="off">
      <action>maincpu.pb@F204=00</action>
      <action>maincpu.pb@F210=07</action>
    </script>
  </cheat>

  <cheat desc="P1 총알 속도 빠르게">
    <script state="run">
      <action>maincpu.pb@F254=F8</action>
      <action>maincpu.pb@F256=00</action>
    </script>
  </cheat>

  <cheat desc=" "/>

  <cheat desc="P2 에너지 무제한">
    <script state="run">
      <action>maincpu.pb@F286=40</action>
    </script>
  </cheat>

  <cheat desc="P2 무적">
    <script state="run">
      <action>maincpu.pb@F294=02</action>
    </script>
  </cheat>

  <cheat desc="P2 Always Enable Secret Code"> <comment>Get the weapon at the start of every stage</comment>
    <script state="on">
      <action>temp0 =maincpu.mb@7063</action>
    </script>
    <script state="run">
      <action>maincpu.mb@7063=18</action>
    </script>
    <script state="off">
      <action>maincpu.mb@7063=temp0 </action>
    </script>
  </cheat>

  <cheat desc="P2 Infinite Weapon Time">
    <script state="run">
      <action>maincpu.pb@F2D7=63</action>
    </script>
  </cheat>

  <cheat desc="P2 무기 선택">
    <parameter>
      <item value="0x00">Normal</item>
      <item value="0x01">Auto Gun</item>
      <item value="0x02">Shot Gun</item>
      <item value="0x03">Mega Shot Gun</item>
      <item value="0x04">Three Way Gun</item>
      <item value="0x08">Shell Gun</item>
      <item value="0x10">Laser Gun</item>
    </parameter>
    <script state="run">
      <action>maincpu.pb@F2D1=param</action>
    </script>
  </cheat>

  <cheat desc="P2 Always have Twin Planes">
    <script state="run">
      <action>maincpu.pb@F284=01</action>
      <action>maincpu.pb@F290=14</action>
    </script>
    <script state="off">
      <action>maincpu.pb@F284=00</action>
      <action>maincpu.pb@F290=07</action>
    </script>
  </cheat>

  <cheat desc="P2 총알 속도 빠르게">
    <script state="run">
      <action>maincpu.pb@F2D4=F8</action>
      <action>maincpu.pb@F2D6=00</action>
    </script>
  </cheat>

</mamecheat>
<!-- Cheat file downloaded from http://www.mamecheat.co.uk, see cheat.txt for list of contributors. -->
