<mamecheat version="1">

  <cheat desc="동전 무제한">
    <script state="run">
      <action>maincpu.pb@921D51=09</action>
    </script>
  </cheat>

  <cheat desc="시작 스테이지 선택 (Buggy!)"> <comment>Do not use this cheat unless you have to it's not working properly yet</comment>
    <parameter min="1" max="15" step="1"/>
    <script state="run">
      <action condition="(maincpu.pb@9221A9==00)">maincpu.pb@9221A9=(param-1)</action>
    </script>
  </cheat>

  <cheat desc="Select Side Fighter Weapon">
    <parameter>
      <item value="0x00">Normal Shot</item>
      <item value="0xFF">Laser</item>
    </parameter>
    <script state="run">
      <action>maincpu.pb@92BFF6=param</action>
    </script>
  </cheat>

  <cheat desc=" "/>

  <cheat desc="P1 에너지 무제한">
    <script state="run">
      <action>maincpu.pb@9226A5=4B</action>
    </script>
  </cheat>

  <cheat desc="P1 폭탄 무제한">
    <script state="run">
      <action>maincpu.pb@922405=0A</action>
    </script>
  </cheat>

  <cheat desc="P1 무적">
    <script state="run">
      <action>maincpu.pb@92267E=10|(maincpu.pb@92267E BAND ~10)</action>
      <action>maincpu.pb@9226EF=02</action> <!-- 1st + 2nd = Player -->
      <action>maincpu.pb@92287E=10|(maincpu.pb@92287E BAND ~10)</action>
      <action>maincpu.pb@9228EF=02</action> <!-- 3rd + 4th = Left Fighter -->
      <action>maincpu.pb@92297E=10|(maincpu.pb@92297E BAND ~10)</action>
      <action>maincpu.pb@9229EF=02</action> <!-- 5th + 6th = Right Fighter -->
    </script>
  </cheat>

  <cheat desc="P1 Maximum Fire Power">
    <script state="run">
      <action>maincpu.pb@922429=03</action>
    </script>
  </cheat>

  <cheat desc="P1 Always Maximum Charge">
    <script state="run">
      <action>maincpu.pb@922419=B6</action>
    </script>
  </cheat>

  <cheat desc="P1 Infinite Side Arm Stock">
    <script state="run">
      <action>maincpu.pb@9223FB=63</action>
    </script>
  </cheat>

  <cheat desc="P1 Maximum Gold">
    <script state="run">
      <action>maincpu.pb@9223FD=64</action>
    </script>
  </cheat>

  <cheat desc="P1 Laser never overheats">
    <script state="run">
      <action>maincpu.pb@92242E=00</action>
    </script>
  </cheat>

  <cheat desc="P1 총알 속도 빠르게"> <comment>This cheat has a charge weapon problem. Turn if OFF on the name entry screen</comment>
    <script state="run">
      <action>maincpu.pb@9223F6=00|(maincpu.pb@9223F6 BAND ~10)</action>
    </script>
  </cheat>

  <cheat desc="P1 Auto Charge Shot Fire">
    <script state="run">
      <action>maincpu.pb@92241B=40</action>
    </script>
  </cheat>

  <cheat desc=" "/>

  <cheat desc="P2 에너지 무제한">
    <script state="run">
      <action>maincpu.pb@9227A5=4B</action>
    </script>
  </cheat>

  <cheat desc="P2 폭탄 무제한">
    <script state="run">
      <action>maincpu.pb@922505=0A</action>
    </script>
  </cheat>

  <cheat desc="P2 무적">
    <script state="run">
      <action>maincpu.pb@92277E=10|(maincpu.pb@92277E BAND ~10)</action>
      <action>maincpu.pb@9227EF=02</action> <!-- 1st + 2nd = Player -->
      <action>maincpu.pb@922A7E=10|(maincpu.pb@922A7E BAND ~10)</action>
      <action>maincpu.pb@922AEF=02</action> <!-- 3rd + 4th = Right Fighter -->
      <action>maincpu.pb@922B7E=10|(maincpu.pb@922B7E BAND ~10)</action>
      <action>maincpu.pb@922BEF=02</action> <!-- 5th + 6th = Left Fighter -->
    </script>
  </cheat>

  <cheat desc="P2 Maximum Fire Power">
    <script state="run">
      <action>maincpu.pb@922529=03</action>
    </script>
  </cheat>

  <cheat desc="P2 Always Maximum Charge">
    <script state="run">
      <action>maincpu.pb@922519=B6</action>
    </script>
  </cheat>

  <cheat desc="P2 Infinite Side Arm Stock">
    <script state="run">
      <action>maincpu.pb@9224FB=63</action>
    </script>
  </cheat>

  <cheat desc="P2 Maximum Gold">
    <script state="run">
      <action>maincpu.pb@9224FD=64</action>
    </script>
  </cheat>

  <cheat desc="P2 Laser never overheats">
    <script state="run">
      <action>maincpu.pb@92252E=00</action>
    </script>
  </cheat>

  <cheat desc="P2 총알 속도 빠르게"> <comment>This cheat has a charge weapon problem. Turn if OFF on the name entry screen</comment>
    <script state="run">
      <action>maincpu.pb@9224F6=00|(maincpu.pb@9224F6 BAND ~10)</action>
    </script>
  </cheat>

  <cheat desc="P2 Auto Charge Shot Fire">
    <script state="run">
      <action>maincpu.pb@92251B=40</action>
    </script>
  </cheat>

  <cheat desc=" "/>

  <cheat desc="No Background Music">
    <script state="run">
      <action>audiocpu.pw@F026=0000</action>
    </script>
  </cheat>

  <cheat desc="사운드 테스트">
    <parameter min="1" max="199" step="1"/>
    <script state="change">
      <action>audiocpu.pw@F015=0000</action>
      <action>audiocpu.pq@F100=00001000000000FF</action>
      <action>audiocpu.pq@F108=00FFFF0000000000</action>
      <action>audiocpu.pq@F110=1000100000000000</action>
      <action>audiocpu.pq@F118=00FFFF0000000000</action>
      <action>audiocpu.pb@F111=param</action>
      <action>audiocpu.pb@F015=20</action>
    </script>
  </cheat>

</mamecheat>
<!-- Cheat file downloaded from http://www.mamecheat.co.uk, see cheat.txt for list of contributors. -->
