<mamecheat version="1">

  <cheat desc="동전 무제한">
    <script state="run">
      <action>maincpu.pb@10309D=09</action>
    </script>
  </cheat>

  <cheat desc="Select Starting Mission"> <comment>Set on the character select screen</comment>
    <parameter min="1" max="7" step="1"/>
    <script state="change">
      <action>maincpu.pb@1095A0=(param-1)</action>
    </script>
  </cheat>

  <cheat desc="무적">
    <script state="on">
      <action>temp0 =maincpu.mb@05F452</action>
    </script>
    <script state="run">
      <action>maincpu.mb@05F452=60</action>
    </script>
    <script state="off">
      <action>maincpu.mb@05F452=temp0 </action>
    </script>
  </cheat>

  <cheat desc=" "/>

  <cheat desc="P1 생명 무제한">
    <script state="run">
      <action>maincpu.pb@10A4BA=06</action>
    </script>
  </cheat>

  <cheat desc="P1 폭탄 무제한">
    <script state="run">
      <action>maincpu.pb@10A4BB=09</action>
    </script>
  </cheat>

  <cheat desc="P1 Maximum Power">
    <script state="run">
      <action>maincpu.pb@10A4D2=FF</action>
    </script>
  </cheat>

  <cheat desc="P1 에너지 무제한">
    <script state="run">
      <action>maincpu.pw@10A4D1=03FF</action>
    </script>
  </cheat>

  <cheat desc="P1 Always Maximum Charge">
    <script state="run">
      <action>maincpu.pb@10A8ED=2B</action>
    </script>
  </cheat>

  <cheat desc="P1 Always Maximum Shot Power">
    <script state="run">
      <action>maincpu.pb@10A4C7=04</action>
    </script>
  </cheat>

  <cheat desc="P1 Infinite Charge Shot Time"> <comment>Only use for F-15 or TORNADO</comment>
    <script state="run">
      <action>maincpu.pb@10A8E3=0F</action>
    </script>
  </cheat>

  <cheat desc="P1 Select Main Shot">
    <parameter>
      <item value="0x06">F-15</item>
      <item value="0x04">EF2000</item>
      <item value="0x00">RAFALE</item>
      <item value="0x02">SU-37</item>
      <item value="0x03">F-14</item>
      <item value="0x07">F-22</item>
      <item value="0x01">F-2A(FS-X)</item>
      <item value="0x08">F-117A</item>
      <item value="0x05">TORNADO</item>
    </parameter>
    <script state="run">
      <action>maincpu.pb@10A8D5=param</action>
    </script>
  </cheat>

  <cheat desc="P1 Select Sub Shot">
    <parameter>
      <item value="0x00">F-15</item>
      <item value="0x04">EF2000</item>
      <item value="0x02">RAFALE</item>
      <item value="0x06">SU-37</item>
      <item value="0x03">F-14</item>
      <item value="0x01">F-22 / F-117A</item>
      <item value="0x07">F-2A(FS-X)</item>
      <item value="0x02">TORNADO</item>
    </parameter>
    <script state="run">
      <action>maincpu.pb@10A8DB=param</action>
    </script>
  </cheat>

  <cheat desc="P1 Select Charge Shot">
    <parameter>
      <item value="0x08">F-15</item>
      <item value="0x01">EF2000</item>
      <item value="0x02">RAFALE</item>
      <item value="0x05">SU-37</item>
      <item value="0x04">F-14</item>
      <item value="0x07">F-22</item>
      <item value="0x00">F-2A(FS-X)</item>
      <item value="0x06">F-117A</item>
      <item value="0x03">TORNADO</item>
    </parameter>
    <script state="run">
      <action>maincpu.pb@10A8D9=param</action>
    </script>
  </cheat>

  <cheat desc="P1 Select Bomb">
    <parameter>
      <item value="0x02">F-15</item>
      <item value="0x07">EF2000</item>
      <item value="0x01">RAFALE</item>
      <item value="0x00">SU-37</item>
      <item value="0x04">F-14</item>
      <item value="0x08">F-22</item>
      <item value="0x06">F-2A(FS-X)</item>
      <item value="0x05">F-117A</item>
      <item value="0x03">TORNADO</item>
    </parameter>
    <script state="run">
      <action>maincpu.pb@10A8EB=param</action>
    </script>
  </cheat>

  <cheat desc="P1 속도 선택">
    <parameter min="0" max="15" step="1"/>
    <script state="run">
      <action>maincpu.pb@10A8F6=(param)</action>
    </script>
  </cheat>

  <cheat desc="P1 총알 속도 빠르게"> <comment>Hold down shot button</comment>
    <script state="run">
      <action>maincpu.pb@10A8DF=00</action>
    </script>
  </cheat>

  <cheat desc=" "/>

  <cheat desc="P2 생명 무제한">
    <script state="run">
      <action>maincpu.pb@10A4E8=06</action>
    </script>
  </cheat>

  <cheat desc="P2 폭탄 무제한">
    <script state="run">
      <action>maincpu.pb@10A4E9=09</action>
    </script>
  </cheat>

  <cheat desc="P2 Maximum Power">
    <script state="run">
      <action>maincpu.pb@10A500=FF</action>
    </script>
  </cheat>

  <cheat desc="P2 에너지 무제한">
    <script state="run">
      <action>maincpu.pw@10A4FE=03FF</action>
    </script>
  </cheat>

  <cheat desc="P2 Always Maximum Charge">
    <script state="run">
      <action>maincpu.pb@10A979=2B</action>
    </script>
  </cheat>

  <cheat desc="P2 Always Maximum Shot Power">
    <script state="run">
      <action>maincpu.pb@10A4F5=04</action>
    </script>
  </cheat>

  <cheat desc="P2 Infinite Charge Shot Time"> <comment>Only use for F-15 or TORNADO</comment>
    <script state="run">
      <action>maincpu.pb@10A96F=0F</action>
    </script>
  </cheat>

  <cheat desc="P2 Select Main Shot">
    <parameter>
      <item value="0x06">F-15</item>
      <item value="0x04">EF2000</item>
      <item value="0x00">RAFALE</item>
      <item value="0x02">SU-37</item>
      <item value="0x03">F-14</item>
      <item value="0x07">F-22</item>
      <item value="0x01">F-2A(FS-X)</item>
      <item value="0x08">F-117A</item>
      <item value="0x05">TORNADO</item>
    </parameter>
    <script state="run">
      <action>maincpu.pb@10A961=param</action>
    </script>
  </cheat>

  <cheat desc="P2 Select Sub Shot">
    <parameter>
      <item value="0x00">F-15</item>
      <item value="0x04">EF2000</item>
      <item value="0x02">RAFALE</item>
      <item value="0x06">SU-37</item>
      <item value="0x03">F-14</item>
      <item value="0x01">F-22 / F-117A</item>
      <item value="0x07">F-2A(FS-X)</item>
      <item value="0x02">TORNADO</item>
    </parameter>
    <script state="run">
      <action>maincpu.pb@10A967=param</action>
    </script>
  </cheat>

  <cheat desc="P2 Select Charge Shot">
    <parameter>
      <item value="0x08">F-15</item>
      <item value="0x01">EF2000</item>
      <item value="0x02">RAFALE</item>
      <item value="0x05">SU-37</item>
      <item value="0x04">F-14</item>
      <item value="0x07">F-22</item>
      <item value="0x00">F-2A(FS-X)</item>
      <item value="0x06">F-117A</item>
      <item value="0x03">TORNADO</item>
    </parameter>
    <script state="run">
      <action>maincpu.pb@10A965=param</action>
    </script>
  </cheat>

  <cheat desc="P2 Select Bomb">
    <parameter>
      <item value="0x02">F-15</item>
      <item value="0x07">EF2000</item>
      <item value="0x01">RAFALE</item>
      <item value="0x00">SU-37</item>
      <item value="0x04">F-14</item>
      <item value="0x08">F-22</item>
      <item value="0x06">F-2A(FS-X)</item>
      <item value="0x05">F-117A</item>
      <item value="0x03">TORNADO</item>
    </parameter>
    <script state="run">
      <action>maincpu.pb@10A977=param</action>
    </script>
  </cheat>

  <cheat desc="P2 속도 선택">
    <parameter min="0" max="15" step="1"/>
    <script state="run">
      <action>maincpu.pb@10A982=(param)</action>
    </script>
  </cheat>

  <cheat desc="P2 총알 속도 빠르게"> <comment>Hold down shot button</comment>
    <script state="run">
      <action>maincpu.pb@10A96B=00</action>
    </script>
  </cheat>

</mamecheat>
<!-- Cheat file downloaded from http://www.mamecheat.co.uk, see cheat.txt for list of contributors. -->
