<mamecheat version="1">

  <cheat desc="동전 무제한">
    <script state="run">
      <action>maincpu.pb@FF4D15=09</action>
    </script>
  </cheat>

  <cheat desc="시작 레벨 선택"> <comment>Use on ship select screen. NOTE, Level 7 is usually linked from level 6 - ignore the strange effect if you jump directly to it.</comment>
    <parameter min="1" max="7" step="1"/>
    <script state="change">
      <action>maincpu.pb@FF4DD4=(param-1)</action>
    </script>
  </cheat>

  <cheat desc=" "/>

  <cheat desc="P1 생명 무제한">
    <script state="run">
      <action>maincpu.pb@FF82EC=06</action>
    </script>
  </cheat>

  <cheat desc="P1 폭탄 무제한">
    <script state="run">
      <action>maincpu.pb@FF8305=06</action>
    </script>
  </cheat>

  <cheat desc="P1 무적">
    <script state="run">
      <action>maincpu.pb@FF8244=02</action>
      <action>maincpu.pb@FF82F2=FF</action>
    </script>
  </cheat>

  <cheat desc="P1 무기 선택">
    <parameter>
      <item value="0x00">Normal</item>
      <item value="0x04">Flames</item>
      <item value="0x08">3-way</item>
      <item value="0x0C">Shell</item>
    </parameter>
    <script state="run">
      <action>maincpu.pb@FF82F1=param</action>
    </script>
  </cheat>

  <cheat desc="P1 항상  폭탄 파워 최대">
    <script state="run">
      <action>maincpu.pb@FF830F=02</action>
    </script>
  </cheat>

  <cheat desc="P1 항상  보너스 최대">
    <script state="run">
      <action>maincpu.pb@FF8328=1D</action>
    </script>
  </cheat>

  <cheat desc="P1 항상  파워 최대">
    <script state="run">
      <action>maincpu.pb@FF8337=FF</action>
    </script>
  </cheat>

  <cheat desc="P1 비행기 선택"> <comment>You will need to die or complete the level to see any effect if you select during the game</comment>
    <parameter>
      <item value="0x00">Lightning</item>
      <item value="0x01">Sinden</item>
      <item value="0x02">Mosquito</item>
    </parameter>
    <script state="run">
      <action>maincpu.pb@FF8247=param</action>
    </script>
  </cheat>

  <cheat desc="P1 총알 속도 빠르게"> <comment>No charge shot available</comment>
    <script state="run">
      <action>maincpu.pw@FF82E4=0000|(maincpu.pw@FF82E4 BAND ~1010)</action>
    </script>
  </cheat>

  <cheat desc=" "/>

  <cheat desc="P2 생명 무제한">
    <script state="run">
      <action>maincpu.pb@FF83EC=06</action>
    </script>
  </cheat>

  <cheat desc="P2 폭탄 무제한">
    <script state="run">
      <action>maincpu.pb@FF8405=06</action>
    </script>
  </cheat>

  <cheat desc="P2 무적">
    <script state="run">
      <action>maincpu.pb@FF8344=02</action>
      <action>maincpu.pb@FF83F2=FF</action>
    </script>
  </cheat>

  <cheat desc="P2 무기 선택">
    <parameter>
      <item value="0x00">Normal</item>
      <item value="0x04">Flames</item>
      <item value="0x08">3-way</item>
      <item value="0x0C">Shell</item>
    </parameter>
    <script state="run">
      <action>maincpu.pb@FF83F1=param</action>
    </script>
  </cheat>

  <cheat desc="P2 항상  폭탄 파워 최대">
    <script state="run">
      <action>maincpu.pb@FF840F=02</action>
    </script>
  </cheat>

  <cheat desc="P2 항상  보너스 최대">
    <script state="run">
      <action>maincpu.pb@FF8428=1D</action>
    </script>
  </cheat>

  <cheat desc="P2 항상  파워 최대">
    <script state="run">
      <action>maincpu.pb@FF8437=FF</action>
    </script>
  </cheat>

  <cheat desc="P2 비행기 선택"> <comment>You will need to die or complete the level to see any effect if you select during the game</comment>
    <parameter>
      <item value="0x00">Lightning</item>
      <item value="0x01">Sinden</item>
      <item value="0x02">Mosquito</item>
    </parameter>
    <script state="run">
      <action>maincpu.pb@FF8347=param</action>
    </script>
  </cheat>

  <cheat desc="P2 총알 속도 빠르게"> <comment>No charge shot available</comment>
    <script state="run">
      <action>maincpu.pw@FF83E4=0000|(maincpu.pw@FF83E4 BAND ~1010)</action>
    </script>
  </cheat>

  <cheat desc=" "/>

  <cheat desc="지역 선택"> <comment>This cheat sets the machine region - the effectiveness may vary! You have to enable this ASAP - ON or before the ROM check screen! Or enable + RESET</comment>
    <parameter>
      <item value="0x00">Japan</item>
      <item value="0x01">USA</item>
      <item value="0x02">Asia</item>
      <item value="0x03">Hispanic</item>
      <item value="0x04">Euro</item>
      <item value="0x05">Brazil</item>
    </parameter>
    <script state="run">
      <action>maincpu.pb@FF4D6E=param</action>
    </script>
  </cheat>

  <cheat desc="사운드 테스트">
    <parameter min="1" max="528" step="1"/>
    <script state="change">
      <action>audiocpu.pw@F007=0000</action>
      <action>audiocpu.pq@F100=0000FF0000FF00FF</action>
      <action>audiocpu.pq@F108=00FFFF0000000000</action>
      <action>audiocpu.pq@F110=1000FF0000FF0000</action>
      <action>audiocpu.pq@F118=00FFFF0000000000</action>
      <action>audiocpu.pb@F111=param</action>
      <action condition="(param LT 100)">audiocpu.pb@F111=param</action>
      <action>temp0=param/100</action>
      <action condition="(param GE 100)">audiocpu.pb@F110=temp0</action>
      <action condition="(param GE 100)">audiocpu.pb@F111=param-(temp0*100)</action>
      <action>audiocpu.pb@F007=20</action>
    </script>
  </cheat>

</mamecheat>
<!-- Cheat file downloaded from http://www.mamecheat.co.uk, see cheat.txt for list of contributors. -->
