<mamecheat version="1">

  <cheat desc=" "/>

  <cheat desc="P1 Unlimited Fire">
    <script state="run">
      <action condition="(frame % 2 == 0)">maincpu.pb@FF82E4=00|(maincpu.pb@FF82E4 BAND ~10)</action>
      <action>maincpu.pb@FF82E6=00</action>
    </script>
  </cheat>

  <cheat desc="P1 Always Enable Marker Missile"> <comment>Can't use together with [발사 속도].(Can use with [Unlimited Fire])</comment>
    <script state="run">
      <action>maincpu.pb@FF82E8=01</action>
      <action>maincpu.pb@FF8338=00</action>
    </script>
  </cheat>

  <cheat desc=" "/>

  <cheat desc="P2 Unlimited Fire">
    <script state="run">
      <action condition="(frame % 2 == 0)">maincpu.pb@FF83E4=00|(maincpu.pb@FF83E4 BAND ~10)</action>
      <action>maincpu.pb@FF83E6=00</action>
    </script>
  </cheat>

  <cheat desc="P2 Always Enable Marker Missile"> <comment>Can't use together with [발사 속도].(Can use with [Unlimited Fire])</comment>
    <script state="run">
      <action>maincpu.pb@FF83E8=01</action>
      <action>maincpu.pb@FF8438=00</action>
    </script>
  </cheat>

</mamecheat>
<!-- Wayder's Cheat file downloaded from http://wayder.web.fc2.com/ -->
