<mamecheat version="1">

  <cheat desc="동전 무제한">
    <script state="run">
      <action>maincpu.pb@800BA620=63</action>
    </script>
  </cheat>

  <cheat desc=" "/>
  <cheat desc="This game hasn't even been looked at due to time"/>
  <cheat desc="constraints (Too many games and so little time). It"/>
  <cheat desc="is even possible that this game may be a clone of"/>
  <cheat desc="an existing game which may have cheats. Please"/>
  <cheat desc="search the cheat forums before posting ANY cheat"/>
  <cheat desc="requests or before commencing cheat finding."/>

</mamecheat>
<!-- Cheat file downloaded from http://www.mamecheat.co.uk, see cheat.txt for list of contributors. -->
