<mamecheat version="1">

  <cheat desc="이어하기 무제한">
    <script state="run">
      <action>maincpu.pb@1000C1=64</action>
    </script>
  </cheat>

  <cheat desc="선택 시간 무제한">
    <script state="run">
      <action>maincpu.pb@105BA4=02</action>
    </script>
  </cheat>

  <cheat desc="게임 시간 무제한">
    <script state="run">
      <action>maincpu.pb@104290=59</action>
    </script>
  </cheat>

  <cheat desc="Infinite Total Outs">
    <script state="run">
      <action>maincpu.pb@1000C0=16</action>
    </script>
  </cheat>

  <cheat desc="Always Hit a Home Run"> <comment>Press or hold Bunt button before or during play. Ball must be in the air.</comment>
    <script state="on">
      <action>temp0 =maincpu.rd@004572</action>
      <action>temp1 =maincpu.rw@004576</action>
      <action>temp2 =maincpu.rd@0FFFE0</action>
      <action>temp3 =maincpu.rd@0FFFE4</action>
      <action>temp4 =maincpu.rd@0FFFE8</action>
      <action>temp5 =maincpu.rd@0FFFEC</action>
      <action>temp6 =maincpu.rd@0FFFF0</action>
      <action>temp7 =maincpu.rd@0FFFF4</action>
    </script>
    <script state="run">
      <action>maincpu.rd@004572=4EB9000F</action> <!-- This ROM cheat was made by nolberto82 -->
      <action>maincpu.rw@004576=FFE0</action>
      <action>maincpu.rd@0FFFE0=02395540</action>
      <action>maincpu.rd@0FFFE4=0010FD95</action>
      <action>maincpu.rd@0FFFE8=6706397C</action>
      <action>maincpu.rd@0FFFEC=49800002</action>
      <action>maincpu.rd@0FFFF0=08AD0004</action>
      <action>maincpu.rd@0FFFF4=80AB4E75</action>
    </script>
    <script state="off">
      <action>maincpu.rd@004572=temp0 </action>
      <action>maincpu.rw@004576=temp1 </action>
      <action>maincpu.rd@0FFFE0=temp2 </action>
      <action>maincpu.rd@0FFFE4=temp3 </action>
      <action>maincpu.rd@0FFFE8=temp4 </action>
      <action>maincpu.rd@0FFFEC=temp5 </action>
      <action>maincpu.rd@0FFFF0=temp6 </action>
      <action>maincpu.rd@0FFFF4=temp7 </action>
    </script>
  </cheat>

  <cheat desc="스트라이크 무제한">
    <script state="run">
      <action condition="maincpu.pb@((maincpu.pw@1000CA)+100005)!=maincpu.pb@1000CB">maincpu.pb@((maincpu.pw@1000CA)+100040)=00</action>
    </script>
  </cheat>

  <cheat desc="공 무제한">
    <script state="run">
      <action condition="maincpu.pb@((maincpu.pw@1000CA)+100005)!=maincpu.pb@1000CB">maincpu.pb@((maincpu.pw@1000CA)+100041)=00</action>
    </script>
  </cheat>

  <cheat desc="Infinite Outs">
    <script state="run">
      <action condition="maincpu.pb@((maincpu.pw@1000CA)+100005)!=maincpu.pb@1000CB">maincpu.pb@((maincpu.pw@1000CA)+100042)=00</action>
    </script>
  </cheat>

  <cheat desc="스트라이크를 0 으로 설정 즉시!">
    <script state="on">
      <action condition="maincpu.pb@((maincpu.pw@1000CA)+100005)!=maincpu.pb@1000CB">maincpu.pb@((maincpu.pw@1000CA)+100040)=00</action>
    </script>
  </cheat>

  <cheat desc="스트라이크를 2 로 설정 즉시!">
    <script state="on">
      <action condition="maincpu.pb@((maincpu.pw@1000CA)+100005)!=maincpu.pb@1000CB">maincpu.pb@((maincpu.pw@1000CA)+100040)=02</action>
    </script>
  </cheat>

  <cheat desc="볼를 0 으로 설정 즉시!">
    <script state="on">
      <action condition="maincpu.pb@((maincpu.pw@1000CA)+100005)!=maincpu.pb@1000CB">maincpu.pb@((maincpu.pw@1000CA)+100041)=00</action>
    </script>
  </cheat>

  <cheat desc="볼를 3 으로 설정 즉시!">
    <script state="on">
      <action condition="maincpu.pb@((maincpu.pw@1000CA)+100005)!=maincpu.pb@1000CB">maincpu.pb@((maincpu.pw@1000CA)+100041)=03</action>
    </script>
  </cheat>

  <cheat desc="아웃을 0 으로 설정 즉시!">
    <script state="on">
      <action condition="maincpu.pb@((maincpu.pw@1000CA)+100005)!=maincpu.pb@1000CB">maincpu.pb@((maincpu.pw@1000CA)+100042)=00</action>
    </script>
  </cheat>

  <cheat desc="아웃을 2 로 설정 즉시!">
    <script state="on">
      <action condition="maincpu.pb@((maincpu.pw@1000CA)+100005)!=maincpu.pb@1000CB">maincpu.pb@((maincpu.pw@1000CA)+100042)=02</action>
    </script>
  </cheat>

  <cheat desc="현재 이닝 선택 즉시!">
    <parameter>
      <item value="0x00">Top of 1st</item>
      <item value="0x01">Bottom of 1st</item>
      <item value="0x02">Top of 2nd</item>
      <item value="0x03">Bottom of 2nd</item>
      <item value="0x04">Top of 3rd</item>
      <item value="0x05">Bottom of 3rd</item>
      <item value="0x06">Top of 4th</item>
      <item value="0x07">Bottom of 4th</item>
      <item value="0x08">Top of 5th</item>
      <item value="0x09">Bottom of 5th</item>
      <item value="0x0A">Top of 6th</item>
      <item value="0x0B">Bottom of 6th</item>
      <item value="0x0C">Top of 7th</item>
      <item value="0x0D">Bottom of 7th</item>
      <item value="0x0E">Top of 8th</item>
      <item value="0x0F">Bottom of 8th</item>
      <item value="0x10">Top of 9th</item>
      <item value="0x11">Bottom of 9th</item>
    </parameter>
    <script state="change">
      <action condition="maincpu.pb@((maincpu.pw@1000CA)+100005)!=maincpu.pb@1000CB">maincpu.pb@((maincpu.pw@1000CA)+100043)=param</action>
    </script>
  </cheat>

  <cheat desc="항상 빠른 승리"><comment>Strike out for an easy win. Enable this cheat and turn off the other cheats for this to work properly.</comment>
    <script state="run">
      <action condition="maincpu.pb@((maincpu.pw@1000CA)+100005)!=maincpu.pb@1000CB">(maincpu.pb@((maincpu.pw@1000CA)+100042)=02)</action>
      <action condition="maincpu.pb@((maincpu.pw@1000CA)+100005)!=maincpu.pb@1000CB">(maincpu.pb@((maincpu.pw@1000CA)+100040)=02)</action>
      <action condition="maincpu.pb@((maincpu.pw@1000CA)+100005)!=maincpu.pb@1000CB">(maincpu.pb@((maincpu.pw@1000CA)+100043)=11)</action>
      <action condition="maincpu.pb@((maincpu.pw@1000CA)+100005)!=maincpu.pb@1000CB">(maincpu.pb@((maincpu.pw@1000CA)+100044)=63)</action>
      <action condition="maincpu.pb@((maincpu.pw@1000CA)+100005)!=maincpu.pb@1000CB">(maincpu.pb@((maincpu.pw@1000CA)+100045)=00)</action>
    </script>
  </cheat>

  <cheat desc=" "/>

  <cheat desc="P1 점수 선택">
    <parameter min="1" max="100" step="1"/>
    <script state="run">
      <action condition="maincpu.pb@((maincpu.pw@1000CA)+100005)!=maincpu.pb@1000CB">maincpu.pb@((maincpu.pw@1000CA)+100044)=param</action>
    </script>
  </cheat>

  <cheat desc="P2 점수 선택">
    <parameter min="1" max="100" step="1"/>
    <script state="run">
      <action condition="maincpu.pb@((maincpu.pw@1000CA)+100005)!=maincpu.pb@1000CB">maincpu.pb@((maincpu.pw@1000CA)+100045)=param</action>
    </script>
  </cheat>

  <cheat desc=" "/>

  <cheat desc="카트리지/ 네오지오 타입 선택"> <comment>Use in conjunction with the '램/롬 체크 스킵' cheat for the best effect, then enable it and reset. The Home (NEOGEO) setting may open up other aspects of the game or it may even make the game unplayable.</comment>
    <parameter>
      <item value="0x80">Arcade (MVS)</item>
      <item value="0x00">Home (NEOGEO)</item>
    </parameter>
    <script state="run">
      <action>maincpu.pb@10FD82=param</action>
    </script>
  </cheat>

  <cheat desc="램/롬 체크 스킵"> <comment>Also allows a quicker start-up without the green screens.</comment>
    <script state="on">
      <action>temp0 =maincpu.rd@C1315C</action>
      <action>temp1 =maincpu.rd@C1314E</action>
      <action>temp2 =maincpu.rd@C131E8</action>
      <action>temp3 =maincpu.rd@C13184</action>
      <action>temp4 =maincpu.rd@C1212E</action>
      <action>temp5 =maincpu.rd@C134FA</action>
    </script>
    <script state="run">
      <action condition="(maincpu.rd@C1315C==51CFFFF2)">maincpu.rd@C1315C=6000EB08</action> <!-- Euro + Japan-S2 BIOSs -->
      <action condition="(maincpu.rd@C1314E==51CFFFF2)">maincpu.rd@C1314E=6000EB16</action> <!-- Euro-S1 + Japan-S1 BIOSs -->
      <action condition="(maincpu.rd@C131E8==51CFFFF2)">maincpu.rd@C131E8=6000EA52</action> <!-- US BIOS -->
      <action condition="(maincpu.rd@C13184==51CFFFF2)">maincpu.rd@C13184=6000EAB6</action> <!-- US-E BIOS -->
      <action condition="(maincpu.rd@C1212E==51CFFFF2)">maincpu.rd@C1212E=6000EB36</action> <!-- Asia BIOS -->
      <action condition="(maincpu.rd@C134FA==51CFFFF2)">maincpu.rd@C134FA=6000E892</action> <!-- Japan BIOS -->
    </script>
    <script state="off">
      <action>maincpu.rd@C1315C=temp0 </action>
      <action>maincpu.rd@C1314E=temp1 </action>
      <action>maincpu.rd@C131E8=temp2 </action>
      <action>maincpu.rd@C13184=temp3 </action>
      <action>maincpu.rd@C1212E=temp4 </action>
      <action>maincpu.rd@C134FA=temp5 </action>
    </script>
  </cheat>

  <cheat desc="동전 무제한"> <comment>Alternatively just set Free Play to ON in the Dip Switches menu</comment>
    <script state="run">
      <action>maincpu.rb@D00034=99</action>
    </script>
  </cheat>

</mamecheat>
<!-- Cheat file downloaded from http://www.mamecheat.co.uk, see cheat.txt for list of contributors. -->
