<mamecheat version="1">

  <cheat desc="시간 무제한">
    <script state="run">
      <action>maincpu.pb@2042=9A</action>
    </script>
  </cheat>

  <cheat desc="무적">
    <script state="on">
      <action>temp0 =maincpu.mb@080A</action>
    </script>
    <script state="run">
      <action>maincpu.mb@080A=C3</action>
    </script>
    <script state="off">
      <action>maincpu.mb@080A=temp0 </action>
    </script>
  </cheat>

  <cheat desc="Always Keep Maximum Speed">
    <script state="run">
      <action>maincpu.pb@213E=A8</action>
    </script>
  </cheat>

  <cheat desc="Get Turbo Boost Now!"> <comment>Press the '1 Player Start Button' (normally 1) ingame to get the turbo boost</comment>
    <script state="run">
      <action condition="(maincpu.pb@2020 BAND 80)==00">maincpu.pb@213E=A8</action>
    </script>
  </cheat>

</mamecheat>
<!-- Cheat file downloaded from http://www.mamecheat.co.uk, see cheat.txt for list of contributors. -->
