<mamecheat version="1">

  <cheat desc="Select Game"> <comment>Faster and easier than the ingame selection</comment>
    <parameter>
      <item value="0x00">01. Ms. Pac-Man</item>
      <item value="0x01">02. Galaga</item>
      <item value="0x02">03. Frogger</item>
      <item value="0x03">04. Donkey Kong</item>
      <item value="0x04">05. Donkey Kong Jr.</item>
      <item value="0x05">06. Donkey Kong 3</item>
      <item value="0x06">07. Galaxian</item>
      <item value="0x07">08. Dig Dug</item>
      <item value="0x08">09. Crush Roller</item>
      <item value="0x09">10. Mr. Do!</item>
      <item value="0x0A">11. Space Invaders</item>
      <item value="0x0B">12. Pac-Man</item>
      <item value="0x0C">13. Galaga 3</item>
      <item value="0x0D">14. Gyruss</item>
      <item value="0x0E">15. Tank Battalion</item>
      <item value="0x0F">16. 1942</item>
      <item value="0x10">17. Lady Bug</item>
      <item value="0x11">18. Burger Time</item>
      <item value="0x12">19. Mappy</item>
      <item value="0x13">20. Centipede</item>
      <item value="0x14">21. Millipede</item>
      <item value="0x15">22. Jr. Pac-Man</item>
      <item value="0x16">23. Pengo</item>
      <item value="0x17">24. Phoenix</item>
      <item value="0x18">25. Time Pilot</item>
      <item value="0x19">26. Super Cobra</item>
      <item value="0x1A">27. Hustler</item>
      <item value="0x1B">28. Space Panic</item>
      <item value="0x1C">29. Super Breakout</item>
      <item value="0x1D">30. New Rally-X</item>
      <item value="0x1E">31. Arkanoid</item>
      <item value="0x1F">32. Qix</item>
      <item value="0x20">33. Juno First</item>
      <item value="0x21">34. Xevious</item>
      <item value="0x22">35. Mr. Do's Castle</item>
      <item value="0x23">36. Moon Cresta</item>
      <item value="0x24">37. Pinball Action</item>
      <item value="0x25">38. Scramble</item>
      <item value="0x26">39. Super Pac-Man</item>
    </parameter>
    <script state="run">
      <action>maincpu.pb@2D54A4=param</action>
    </script>
  </cheat>

  <cheat desc=" "/>
  <cheat desc="1. Ms. Pac-Man"/>

  <cheat desc="생명 무제한">
    <script state="run">
      <action>maincpu.pb@3D276C=06</action>
      <action>maincpu.pb@3D276D=05</action>
    </script>
  </cheat>

  <cheat desc="이번판 즉시 끝내기">
    <script state="on">
      <action>maincpu.pb@3D360A=F2</action>
    </script>
  </cheat>

  <cheat desc="시작 레벨 선택"> <comment>For the best effect deactivate this cheat after you've started the Level</comment>
    <parameter>
      <item value="0x01">Strawberry</item>
      <item value="0x02">Orange</item>
      <item value="0x03">Pretzel</item>
      <item value="0x04">Apple</item>
      <item value="0x05">Pear</item>
      <item value="0x06">Banana</item>
      <item value="0x07">Multifruit 1a</item>
      <item value="0x08">Multifruit 1b</item>
      <item value="0x09">Multifruit 2</item>
    </parameter>
    <script state="run">
      <action condition="(param==01) AND (maincpu.pb@3D2762==68)">maincpu.pb@3D2762=7E</action>
      <action condition="(param==01) AND (maincpu.pb@3D276B==00)">maincpu.pb@3D276B=01</action>
      <action condition="(param==02) AND (maincpu.pb@3D2762==68)">maincpu.pb@3D2762=7F</action>
      <action condition="(param==02) AND (maincpu.pb@3D276B==00)">maincpu.pb@3D276B=02</action>
      <action condition="(param==03) AND (maincpu.pb@3D2762==68)">maincpu.pb@3D2762=80</action>
      <action condition="(param==03) AND (maincpu.pb@3D276B==00)">maincpu.pb@3D276B=03</action>
      <action condition="(param==04) AND (maincpu.pb@3D2762==68)">maincpu.pb@3D2762=81</action>
      <action condition="(param==04) AND (maincpu.pb@3D276B==00)">maincpu.pb@3D276B=04</action>
      <action condition="(param==05) AND (maincpu.pb@3D2762==68)">maincpu.pb@3D2762=82</action>
      <action condition="(param==05) AND (maincpu.pb@3D276B==00)">maincpu.pb@3D276B=05</action>
      <action condition="(param==06) AND (maincpu.pb@3D2762==68)">maincpu.pb@3D2762=83</action>
      <action condition="(param==06) AND (maincpu.pb@3D276B==00)">maincpu.pb@3D276B=06</action>
      <action condition="(param==07) AND (maincpu.pb@3D2762==68)">maincpu.pb@3D2762=84</action>
      <action condition="(param==07) AND (maincpu.pb@3D276B==00)">maincpu.pb@3D276B=07</action>
      <action condition="(param==08) AND (maincpu.pb@3D2762==68)">maincpu.pb@3D2762=85</action>
      <action condition="(param==08) AND (maincpu.pb@3D276B==00)">maincpu.pb@3D276B=08</action>
      <action condition="(param==09) AND (maincpu.pb@3D2762==68)">maincpu.pb@3D2762=86</action>
      <action condition="(param==09) AND (maincpu.pb@3D276B==00)">maincpu.pb@3D276B=09</action>
    </script>
  </cheat>

  <cheat desc="Select Level (for Practice)"> <comment>Do NOT use in conjunction with the standard 시작 레벨 선택 cheat</comment>
    <parameter>
      <item value="0x00">Cherry</item>
      <item value="0x01">Strawberry</item>
      <item value="0x02">Orange</item>
      <item value="0x03">Pretzel</item>
      <item value="0x04">Apple</item>
      <item value="0x05">Pear</item>
      <item value="0x06">Banana</item>
      <item value="0x07">Multifruit (board 1)</item>
      <item value="0x09">Multifruit (board 2)</item>
      <item value="0xFF">Split-Screen (Unplayable)</item>
      <item value="0xFE">No maze or dots(Unfinishable)</item>
    </parameter>
    <script state="run">
      <action>maincpu.pb@3D276B=param</action>
    </script>
  </cheat>

  <cheat desc="Select Ghost Changeback Speed">
    <parameter>
      <item value="0x0000">Stay blue until eaten</item>
      <item value="0x0258">Slow</item>
      <item value="0x0168">Moderate</item>
      <item value="0x00F0">Quick</item>
      <item value="0x0078">Lightning</item>
      <item value="0x0001">No change to blue</item>
    </parameter>
    <script state="run">
      <action>maincpu.pw@3D2715=param</action>
    </script>
  </cheat>

  <cheat desc=" "/>
  <cheat desc="Ghost Status Cheats"/>
  <cheat desc=" "/>

  <cheat desc="Red always blue">
    <script state="run">
      <action>maincpu.pb@3D26FF=01</action>
    </script>
  </cheat>

  <cheat desc="Pink always blue">
    <script state="run">
      <action>maincpu.pb@3D2700=01</action>
    </script>
  </cheat>

  <cheat desc="Green always blue">
    <script state="run">
      <action>maincpu.pb@3D2701=01</action>
    </script>
  </cheat>

  <cheat desc="Orange always blue">
    <script state="run">
      <action>maincpu.pb@3D2702=01</action>
    </script>
  </cheat>

  <cheat desc="Ghosts Always Edible (No Pts)">
    <script state="run">
      <action>maincpu.pb@3D26FD=00</action>
    </script>
  </cheat>

  <cheat desc=" "/>
  <cheat desc="2. Galaga"/>
  <cheat desc=" "/>
  <cheat desc="3. Frogger"/>
  <cheat desc=" "/>
  <cheat desc="4. Donkey Kong"/>
  <cheat desc=" "/>
  <cheat desc="5. Donkey Kong Jr."/>
  <cheat desc=" "/>
  <cheat desc="6. Donkey Kong 3"/>
  <cheat desc=" "/>
  <cheat desc="7. Galaxian"/>
  <cheat desc=" "/>
  <cheat desc="8. Dig Dug"/>
  <cheat desc=" "/>
  <cheat desc="9. Crush Roller"/>
  <cheat desc=" "/>
  <cheat desc="10. Mr. Do!"/>
  <cheat desc=" "/>
  <cheat desc="11. Space Invaders"/>
  <cheat desc=" "/>
  <cheat desc="12. Pac-Man"/>
  <cheat desc=" "/>
  <cheat desc="13. Galaga 3"/>
  <cheat desc=" "/>
  <cheat desc="14. Gyruss"/>
  <cheat desc=" "/>
  <cheat desc="15. Tank Battalion"/>
  <cheat desc=" "/>
  <cheat desc="16. 1942"/>
  <cheat desc=" "/>
  <cheat desc="17. Lady Bug"/>
  <cheat desc=" "/>
  <cheat desc="18. Burger Time"/>
  <cheat desc=" "/>
  <cheat desc="19. Mappy"/>
  <cheat desc=" "/>
  <cheat desc="20. Centipede"/>
  <cheat desc=" "/>
  <cheat desc="21. Millipede"/>
  <cheat desc=" "/>
  <cheat desc="22. Jr. Pac-Man"/>
  <cheat desc=" "/>
  <cheat desc="23. Pengo"/>
  <cheat desc=" "/>
  <cheat desc="24. Phoenix"/>
  <cheat desc=" "/>
  <cheat desc="25. Time Pilot"/>
  <cheat desc=" "/>
  <cheat desc="26. Super Cobra"/>
  <cheat desc=" "/>
  <cheat desc="27. Hustler"/>
  <cheat desc=" "/>
  <cheat desc="28. Space Panic"/>
  <cheat desc=" "/>
  <cheat desc="29. Super Breakout"/>
  <cheat desc=" "/>
  <cheat desc="30. New Rally-X"/>
  <cheat desc=" "/>
  <cheat desc="31. Arkanoid"/>
  <cheat desc=" "/>
  <cheat desc="32. Qix"/>
  <cheat desc=" "/>
  <cheat desc="33. Juno First"/>
  <cheat desc=" "/>
  <cheat desc="34. Xevious"/>
  <cheat desc=" "/>
  <cheat desc="35. Mr. Do's Castle"/>
  <cheat desc=" "/>
  <cheat desc="36. Moon Cresta"/>
  <cheat desc=" "/>
  <cheat desc="37. Pinball Action"/>
  <cheat desc=" "/>
  <cheat desc="38. Scramble"/>
  <cheat desc=" "/>
  <cheat desc="39. Super Pac-Man"/>

</mamecheat>
<!-- Cheat file downloaded from http://www.mamecheat.co.uk, see cheat.txt for list of contributors. -->
