<mamecheat version="1">

  <cheat desc="코인 무제한">
    <script state="run">
      <action>maincpu.pb@103A37=09</action>
    </script>
  </cheat>

  <cheat desc=" "/>
  <cheat desc="Cookie + Bibi"/>
  <cheat desc=" "/>

  <cheat desc="Select Bubble Status (Puzzle Mode)">
    <parameter>
      <item value="0x00">Always Get Down</item>
      <item value="0x0A">Never Get Down</item>
    </parameter>
    <script state="run">
      <action>maincpu.pb@104669=param</action>
    </script>
  </cheat>

  <cheat desc=" "/>

  <cheat desc="P1 Select Bubble Status (VS Mode)">
    <parameter>
      <item value="0x00">Always Get Down</item>
      <item value="0x0A">Never Get Down</item>
    </parameter>
    <script state="run">
      <action>maincpu.pb@104CA7=param</action>
    </script>
  </cheat>

  <cheat desc="P1 Select Current Ball">
    <parameter>
      <item value="0x01">Tennisball</item>
      <item value="0x02">Basketball</item>
      <item value="0x03">Soccerball</item>
      <item value="0x04">Baseball</item>
      <item value="0x05">Bowlingball</item>
      <item value="0x06">Billiardball</item>
      <item value="0x07">Volleyball</item>
      <item value="0x08">Football</item>
    </parameter>
    <script state="run">
      <action>maincpu.pb@104C75=param</action>
    </script>
  </cheat>

  <cheat desc="P1 Infinite Throwing Time">
    <script state="run">
      <action>maincpu.pw@104C82=0100</action>
    </script>
  </cheat>

  <cheat desc=" "/>

  <cheat desc="P2 Select Bubble Status (VS Mode)">
    <parameter>
      <item value="0x00">Always Get Down</item>
      <item value="0x0A">Never Get Down</item>
    </parameter>
    <script state="run">
      <action>maincpu.pb@104E6D=param</action>
    </script>
  </cheat>

  <cheat desc="P2 Select Current Ball">
    <parameter>
      <item value="0x01">Tennisball</item>
      <item value="0x02">Basketball</item>
      <item value="0x03">Soccerball</item>
      <item value="0x04">Baseball</item>
      <item value="0x05">Bowlingball</item>
      <item value="0x06">Billiardball</item>
      <item value="0x07">Volleyball</item>
      <item value="0x08">Football</item>
    </parameter>
    <script state="run">
      <action>maincpu.pb@104E3B=param</action>
    </script>
  </cheat>

  <cheat desc="P2 Infinite Throwing Time">
    <script state="run">
      <action>maincpu.pw@104E48=0100</action>
    </script>
  </cheat>

  <cheat desc="Always Displayed Help Line"> <comment>Puzzle Mode on single play ONLY</comment>
    <script state="run">
      <action>maincpu.pb@10417B=01</action>
    </script>
  </cheat>

  <cheat desc="시작 스테이지 선택">
    <parameter min="1" max="50" step="1"/>
    <script state="change">
      <action>maincpu.pb@103AA9=(param-1)</action>
    </script>
  </cheat>

  <cheat desc=" "/>
  <cheat desc="New Hyper Man"/>
  <cheat desc=" "/>

  <cheat desc="시간 무제한">
    <script state="run">
      <action>maincpu.pw@103AA4=7FFF</action>
    </script>
  </cheat>

  <cheat desc="Enable to Eat Monster">
    <script state="run">
      <action>maincpu.pw@104668=0002</action>
    </script>
  </cheat>

  <cheat desc="시작 스테이지 선택"> <comment>Set on control information screen</comment>
    <parameter min="1" max="45" step="1"/>
    <script state="on">
      <action>maincpu.pb@103AA9=FF</action>
    </script>
    <script state="change">
      <action>maincpu.pb@103AA9=(param-1)</action>
    </script>
  </cheat>

  <cheat desc=" "/>

  <cheat desc="P1 생명 무제한">
    <script state="run">
      <action>maincpu.pb@10469B=09</action>
    </script>
  </cheat>

  <cheat desc="P1 무적">
    <script state="run">
      <action condition="(frame % 60 == 0)">maincpu.pb@1046B3=60</action>
    </script>
  </cheat>

  <cheat desc="P1 Select Level"> <comment>The Maximum Level option can cause slow down</comment>
    <parameter>
      <item value="0x46">Best Level</item>
      <item value="0x62">Maximum Level (Buggy)</item>
    </parameter>
    <script state="run">
      <action>maincpu.pb@10467D=param</action>
    </script>
  </cheat>

  <cheat desc="P1 속도 선택">
    <parameter min="0" max="41" step="1"/>
    <script state="run">
      <action>maincpu.pb@10469D=(param)</action>
    </script>
  </cheat>

  <cheat desc="P1 Always Have Helmet">
    <script state="run">
      <action>maincpu.pb@1046A5=01</action>
    </script>
  </cheat>

  <cheat desc=" "/>

  <cheat desc="P2 생명 무제한">
    <script state="run">
      <action>maincpu.pb@1046EF=09</action>
    </script>
  </cheat>

  <cheat desc="P2 무적">
    <script state="run">
      <action condition="(frame % 60 == 0)">maincpu.pb@104707=60</action>
    </script>
  </cheat>

  <cheat desc="P2 Select Level"> <comment>The Maximum Level option can cause slow down</comment>
    <parameter>
      <item value="0x46">Best Level</item>
      <item value="0x62">Maximum Level (Buggy)</item>
    </parameter>
    <script state="run">
      <action>maincpu.pb@1046D1=param</action>
    </script>
  </cheat>

  <cheat desc="P2 속도 선택">
    <parameter min="0" max="41" step="1"/>
    <script state="run">
      <action>maincpu.pb@1046F1=(param)</action>
    </script>
  </cheat>

  <cheat desc="P2 Always Have Helmet">
    <script state="run">
      <action>maincpu.pb@1046F9=01</action>
    </script>
  </cheat>

  <cheat desc=" "/>
  <cheat desc="Hyper Man"/>
  <cheat desc=" "/>

  <cheat desc="시간 무제한">
    <script state="run">
      <action>maincpu.pw@103AA4=7FFF</action>
    </script>
  </cheat>

  <cheat desc="Enable to Eat Monster">
    <script state="run">
      <action>maincpu.pw@1046A6=0002</action>
    </script>
  </cheat>

  <cheat desc="Always Have Fluoro Scope">
    <script state="run">
      <action>maincpu.pb@104645=01</action>
    </script>
  </cheat>

  <cheat desc="현재 스테이지 종료 즉시!">
    <script state="on">
      <action>maincpu.pb@104647=00</action>
    </script>
  </cheat>

  <cheat desc="시작 스테이지 선택"> <comment>Set on the game selection screen</comment>
    <parameter min="1" max="28" step="1"/>
    <script state="on">
      <action>maincpu.pb@103AA9=FF</action>
    </script>
    <script state="change">
      <action>maincpu.pb@103AA9=(param-1)</action>
    </script>
  </cheat>

  <cheat desc=" "/>

  <cheat desc="P1 생명 무제한">
    <script state="run">
      <action>maincpu.pb@1046D7=09</action>
    </script>
  </cheat>

  <cheat desc="P1 무적">
    <script state="run">
      <action>maincpu.pb@1046EB=02</action>
    </script>
  </cheat>

  <cheat desc="P1 속도 선택">
    <parameter min="0" max="111" step="1"/>
    <script state="run">
      <action>maincpu.pb@1046D9=(param)</action>
    </script>
  </cheat>

  <cheat desc="P1 Always Have Jump Shoes">
    <script state="run">
      <action>maincpu.pb@1046DB=01</action>
    </script>
  </cheat>

  <cheat desc="P1 Always Have Helmet">
    <script state="run">
      <action>maincpu.pb@1046DF=01</action>
    </script>
  </cheat>

  <cheat desc="P1 Always Have Laser">
    <script state="run">
      <action>maincpu.pb@1046E1=63</action>
    </script>
  </cheat>

  <cheat desc=" "/>

  <cheat desc="P2 생명 무제한">
    <script state="run">
      <action>maincpu.pb@10471F=09</action>
    </script>
  </cheat>

  <cheat desc="P2 무적">
    <script state="run">
      <action>maincpu.pb@104733=02</action>
    </script>
  </cheat>

  <cheat desc="P2 속도 선택">
    <parameter min="0" max="111" step="1"/>
    <script state="run">
      <action>maincpu.pb@104721=(param)</action>
    </script>
  </cheat>

  <cheat desc="P2 Always Have Jump Shoes">
    <script state="run">
      <action>maincpu.pb@104723=01</action>
    </script>
  </cheat>

  <cheat desc="P2 Always Have Helmet">
    <script state="run">
      <action>maincpu.pb@104727=01</action>
    </script>
  </cheat>

  <cheat desc="P2 Always Have Laser">
    <script state="run">
      <action>maincpu.pb@104729=63</action>
    </script>
  </cheat>

</mamecheat>
<!-- Cheat file downloaded from http://www.mamecheat.co.uk, see cheat.txt for list of contributors. -->
