<mamecheat version="1">

  <cheat desc="시간 무제한">
    <script state="run">
      <action>maincpu.pb@7FE389=AE</action>
    </script>
  </cheat>

  <cheat desc=" "/>
  <cheat desc="Set Stage Finish during enabling to move"/>
  <cheat desc="the cursor to prevent crashing the game."/>
  <cheat desc=" "/>

  <cheat desc="현재 스테이지 종료 즉시!">
    <script state="on">
      <action>maincpu.pb@7FE331=06</action> <!-- Assign to an activation key for the best effect -->
      <action>maincpu.pb@7FE387=02</action>
    </script>
  </cheat>

  <cheat desc=" "/>

  <cheat desc="P1 Infinite Helps">
    <script state="run">
      <action>maincpu.pb@7FEE64=04</action>
    </script>
  </cheat>

  <cheat desc="P1 Infinite Backs">
    <script state="run">
      <action>maincpu.pb@7FEE63=04</action>
    </script>
  </cheat>

  <cheat desc=" "/>

  <cheat desc="P2 Infinite Helps">
    <script state="run">
      <action>maincpu.pb@7FEEC4=04</action>
    </script>
  </cheat>

  <cheat desc="P2 Infinite Backs">
    <script state="run">
      <action>maincpu.pb@7FEEC3=04</action>
    </script>
  </cheat>

</mamecheat>
<!-- Cheat file downloaded from http://www.mamecheat.co.uk, see cheat.txt for list of contributors. -->
