<mamecheat version="1">

  <cheat desc="코인 무제한">
    <script state="run">
      <action>maincpu.pb@0706=09</action>
    </script>
  </cheat>

  <cheat desc=" "/>

  <cheat desc="무적 for Moe">
    <script state="run">
      <action>maincpu.pb@091B=3F</action>
    </script>
  </cheat>

  <cheat desc="무적 for Larry">
    <script state="run">
      <action>maincpu.pb@0A01=3F</action>
    </script>
  </cheat>

  <cheat desc="무적 for Curly">
    <script state="run">
      <action>maincpu.pb@0AE7=3F</action>
    </script>
  </cheat>

  <cheat desc=" "/>

  <cheat desc="P1 생명 무제한">
    <script state="run">
      <action>maincpu.pb@0761=04</action>
    </script>
  </cheat>

  <cheat desc="P2 생명 무제한">
    <script state="run">
      <action>maincpu.pb@0762=04</action>
    </script>
  </cheat>

  <cheat desc="P3 생명 무제한">
    <script state="run">
      <action>maincpu.pb@0763=04</action>
    </script>
  </cheat>

</mamecheat>
<!-- Cheat file downloaded from http://www.mamecheat.co.uk, see cheat.txt for list of contributors. -->
