<mamecheat version="1">

  <cheat desc="코인 무제한">
    <script state="run">
      <action>maincpu.pb@06C6=09</action>
    </script>
  </cheat>

  <cheat desc=" "/>

  <cheat desc="무적 for Moe">
    <script state="run">
      <action>maincpu.pb@08E4=3F</action>
    </script>
  </cheat>

  <cheat desc="무적 for Larry">
    <script state="run">
      <action>maincpu.pb@09CA=3F</action>
    </script>
  </cheat>

  <cheat desc="무적 for Curly">
    <script state="run">
      <action>maincpu.pb@0AB0=3F</action>
    </script>
  </cheat>

  <cheat desc=" "/>

  <cheat desc="P1 생명 무제한">
    <script state="run">
      <action>maincpu.pb@0721=04</action>
    </script>
  </cheat>

  <cheat desc="P2 생명 무제한">
    <script state="run">
      <action>maincpu.pb@0722=04</action>
    </script>
  </cheat>

  <cheat desc="P3 생명 무제한">
    <script state="run">
      <action>maincpu.pb@0723=04</action>
    </script>
  </cheat>

</mamecheat>
<!-- Cheat file downloaded from http://www.mamecheat.co.uk, see cheat.txt for list of contributors. -->
