<mamecheat version="1">

  <cheat desc="코인 무제한">
    <script state="run">
      <action>maincpu.pb@FF0D59=09</action>
    </script>
  </cheat>

  <cheat desc="P1 생명 무제한"> <comment>This cheat will work on all 3 parts</comment>
    <script state="run">
      <action>maincpu.pb@FF0DE7=03</action>
    </script>
  </cheat>

  <cheat desc="P2 생명 무제한"> <comment>This cheat will work on all 3 parts</comment>
    <script state="run">
      <action>maincpu.pb@FF0DE8=03</action>
    </script>
  </cheat>

  <cheat desc=" "/>
  <cheat desc="MIDNIGHT WANDERERS (Action)"/>

  <cheat desc="시간 무제한">
    <script state="run">
      <action>maincpu.pb@FF1011=09</action>
    </script>
  </cheat>

  <cheat desc="무적">
    <script state="on">
      <action>temp0 =maincpu.mb@00DF86</action>
    </script>
    <script state="run">
      <action>maincpu.mb@00DF86=67</action>
    </script>
    <script state="off">
      <action>maincpu.mb@00DF86=temp0 </action>
    </script>
  </cheat>

  <cheat desc="모든 보스 에너지 감소 즉시!">
    <script state="on">
      <action>maincpu.pb@FF101F=00</action>
      <action>maincpu.pb@FF1026=00</action> <!-- 2nd for 'double' bosses -->
    </script>
  </cheat>

  <cheat desc="P1 폭탄 무제한 (Super Bomb)">
    <script state="run">
      <action>maincpu.pb@FF0E36=FF</action>
    </script>
  </cheat>

  <cheat desc="P1 무기 선택">
    <parameter>
      <item value="0x01">Normal</item>
      <item value="0x02">Hyper Shot</item>
      <item value="0x03">Tail Shot</item>
      <item value="0x04">Bound Shot</item>
      <item value="0x00">Super Bomb</item>
    </parameter>
    <script state="run">
      <action>maincpu.pb@FF0E14=param</action>
    </script>
  </cheat>

  <cheat desc="P1 Select Option"> <comment>Get an option first</comment>
    <parameter>
      <item value="0x01">Flames</item>
      <item value="0x02">Circular</item>
    </parameter>
    <script state="run">
      <action>maincpu.pb@FF0DE3=param</action>
    </script>
  </cheat>

  <cheat desc="P1 One heart always = life">
    <script state="run">
      <action>maincpu.pb@FF0E17=63</action>
      <action>maincpu.pb@FF0E19=64</action>
    </script>
  </cheat>

  <cheat desc="P1 One heart=life Now!">
    <script state="on">
      <action>maincpu.pb@FF0E17=63</action>
      <action>maincpu.pb@FF0E19=64</action>
    </script>
  </cheat>

  <cheat desc="P1 Select Option Power">
    <parameter>
      <item value="0x00">Normal</item>
      <item value="0x01">Double</item>
    </parameter>
    <script state="run">
      <action>maincpu.pb@FF0DE4=param</action>
    </script>
  </cheat>

  <cheat desc="P1 캐릭터 선택">
    <parameter>
      <item value="0x00">Roo</item>
      <item value="0x01">Siva</item>
    </parameter>
    <script state="run">
      <action>maincpu.pb@FF17BD=param|(maincpu.pb@FF17BD BAND ~01)</action>
    </script>
  </cheat>

  <cheat desc="P1 Select Clothes Status"> <comment>Note, if you are always fully clothed you will have effectively have 생명 무제한</comment>
    <parameter>
      <item value="0x00">Fully Clothed</item>
      <item value="0x02">Partially Clothed</item>
    </parameter>
    <script state="run">
      <action>temp0=param|(maincpu.pb@FF17BD BAND ~02)</action> <!-- Done this way because there seems to be a clash with the 캐릭터 선택 cheat taking priority when the cheats are loaded in -->
      <action>maincpu.pb@FF17BD=temp0</action>
    </script>
  </cheat>

  <cheat desc="P2 폭탄 무제한 (Super Bomb)">
    <script state="run">
      <action>maincpu.pb@FF0E38=FF</action>
    </script>
  </cheat>

  <cheat desc="P2 무기 선택">
    <parameter>
      <item value="0x01">Normal</item>
      <item value="0x02">Hyper Shot</item>
      <item value="0x03">Tail Shot</item>
      <item value="0x04">Bound Shot</item>
      <item value="0x00">Super Bomb</item>
    </parameter>
    <script state="run">
      <action>maincpu.pb@FF0E15=param</action>
    </script>
  </cheat>

  <cheat desc="P2 Select Option"> <comment>Get an option first</comment>
    <parameter>
      <item value="0x01">Flames</item>
      <item value="0x02">Circular</item>
    </parameter>
    <script state="run">
      <action>maincpu.pb@FF0DE5=param</action>
    </script>
  </cheat>

  <cheat desc="P2 One heart always = life">
    <script state="run">
      <action>maincpu.pb@FF0E1B=63</action>
      <action>maincpu.pb@FF0E1D=64</action>
    </script>
  </cheat>

  <cheat desc="P2 One heart=life Now!">
    <script state="on">
      <action>maincpu.pb@FF0E1B=63</action>
      <action>maincpu.pb@FF0E1D=64</action>
    </script>
  </cheat>

  <cheat desc="P2 Select Option Power">
    <parameter>
      <item value="0x00">Normal</item>
      <item value="0x01">Double</item>
    </parameter>
    <script state="run">
      <action>maincpu.pb@FF0DE6=param</action>
    </script>
  </cheat>

  <cheat desc="P2 캐릭터 선택">
    <parameter>
      <item value="0x00">Roo</item>
      <item value="0x01">Siva</item>
    </parameter>
    <script state="run">
      <action>maincpu.pb@FF185D=param|(maincpu.pb@FF185D BAND ~01)</action>
    </script>
  </cheat>

  <cheat desc="P2 Select Clothes Status"> <comment>Note, if you are always fully clothed you will have effectively have 생명 무제한</comment>
    <parameter>
      <item value="0x00">Fully Clothed</item>
      <item value="0x02">Partially Clothed</item>
    </parameter>
    <script state="run">
      <action>temp0=param|(maincpu.pb@FF185D BAND ~02)</action> <!-- Done this way because there seems to be a clash with the 캐릭터 선택 cheat taking priority when the cheats are loaded in -->
      <action>maincpu.pb@FF185D=temp0</action>
    </script>
  </cheat>

  <cheat desc=" "/>
  <cheat desc="CHARIOT (Shooting)"/>
  <cheat desc="The 'Lives' and 'Hearts' cheats must be"/>
  <cheat desc="deactivated after killing the last boss."/>

  <cheat desc="무적">
    <script state="on">
      <action>temp0 =maincpu.mb@02C39E</action>
    </script>
    <script state="run">
      <action>maincpu.mb@02C39E=67</action>
    </script>
    <script state="off">
      <action>maincpu.mb@02C39E=temp0 </action>
    </script>
  </cheat>

  <cheat desc="보스판 시간 무제한">
    <script state="run">
      <action>maincpu.pw@FF1002=270F</action>
    </script>
  </cheat>

  <cheat desc="P1 One heart always = life">
    <script state="run">
      <action>maincpu.pb@FF184D=59</action>
      <action>maincpu.pb@FF184C=5A</action>
    </script>
  </cheat>

  <cheat desc="P1 One heart=life Now!">
    <script state="on">
      <action>maincpu.pb@FF184D=59</action>
      <action>maincpu.pb@FF184C=5A</action>
    </script>
  </cheat>

  <cheat desc="P1 Maximum Options">
    <script state="run">
      <action>maincpu.pb@FF183B=06</action>
      <action>maincpu.pb@FF183D=07</action>
    </script>
  </cheat>

  <cheat desc="P1 Maximum Bomb Power">
    <script state="run">
      <action>maincpu.pb@FF1842=02</action>
    </script>
  </cheat>

  <cheat desc="P1 Select Shot Type">
    <parameter>
      <item value="0x00">Rapid</item>
      <item value="0x01">Wide</item>
    </parameter>
    <script state="run">
      <action>maincpu.pb@FF183F=param</action>
    </script>
  </cheat>

  <cheat desc="P1 Maximum Fire Power (Wide)">
    <script state="run">
      <action>maincpu.pb@FF1845=04</action>
    </script>
  </cheat>

  <cheat desc="P1 Maximum Fire Power (Rapid)">
    <script state="run">
      <action>maincpu.pb@FF1847=04</action>
    </script>
  </cheat>

  <cheat desc="P1 Select Protection">
    <parameter>
      <item value="0x01">Always</item>
      <item value="0x00">Never</item>
    </parameter>
    <script state="run">
      <action>maincpu.pb@FF183E=param</action>
    </script>
  </cheat>

  <cheat desc="P1 총알 속도 빠르게">
    <script state="run">
      <action>maincpu.pb@FF1815=00</action>
    </script>
  </cheat>

  <cheat desc="P1 Maximum Fire Rate">
    <script state="run">
      <action>maincpu.pb@FF1813=00</action>
      <action>maincpu.pb@FF1819=00</action>
    </script>
  </cheat>

  <cheat desc="P2 One heart always = life">
    <script state="run">
      <action>maincpu.pb@FF18ED=59</action>
      <action>maincpu.pb@FF18EC=5A</action>
    </script>
  </cheat>

  <cheat desc="P2 One heart=life Now!">
    <script state="on">
      <action>maincpu.pb@FF18ED=59</action>
      <action>maincpu.pb@FF18EC=5A</action>
    </script>
  </cheat>

  <cheat desc="P2 Maximum Options">
    <script state="run">
      <action>maincpu.pb@FF18DB=06</action>
      <action>maincpu.pb@FF18DD=07</action>
    </script>
  </cheat>

  <cheat desc="P2 Maximum Bomb Power">
    <script state="run">
      <action>maincpu.pb@FF18E2=02</action>
    </script>
  </cheat>

  <cheat desc="P2 Select Shot Type">
    <parameter>
      <item value="0x00">Rapid</item>
      <item value="0x01">Wide</item>
    </parameter>
    <script state="run">
      <action>maincpu.pb@FF18DF=param</action>
    </script>
  </cheat>

  <cheat desc="P2 Maximum Fire Power (Wide)">
    <script state="run">
      <action>maincpu.pb@FF18E5=04</action>
    </script>
  </cheat>

  <cheat desc="P2 Maximum Fire Power (Rapid)">
    <script state="run">
      <action>maincpu.pb@FF18E7=04</action>
    </script>
  </cheat>

  <cheat desc="P2 Select Protection">
    <parameter>
      <item value="0x01">Always</item>
      <item value="0x00">Never</item>
    </parameter>
    <script state="run">
      <action>maincpu.pb@FF18DE=param</action>
    </script>
  </cheat>

  <cheat desc="P2 총알 속도 빠르게">
    <script state="run">
      <action>maincpu.pb@FF18B5=00</action>
    </script>
  </cheat>

  <cheat desc="P2 Maximum Fire Rate">
    <script state="run">
      <action>maincpu.pb@FF18B3=00</action>
      <action>maincpu.pb@FF18B9=00</action>
    </script>
  </cheat>

  <cheat desc=" "/>
  <cheat desc="DON'T PULL (Puzzle)"/>

  <cheat desc="이번판 즉시 끝내기">
    <script state="on">
      <action>maincpu.pd@FF104A=00000000</action>
    </script>
  </cheat>

  <cheat desc="Next fruit always = 100000">
    <script state="run">
      <action>maincpu.pb@FF0EC3=16</action>
    </script>
  </cheat>

  <cheat desc="Next fruit = 100000 Now!">
    <script state="on">
      <action>maincpu.pb@FF0EC3=16</action>
    </script>
  </cheat>

  <cheat desc="Select Level Set"> <comment>Note, except for RARE common levels these sets are quite different!!!</comment>
    <parameter>
      <item value="0x6604330C">Regular</item>
      <item value="0x52406002">Alternate 1</item>
      <item value="0x54406002">Alternate 2</item>
      <item value="0x56406002">Alternate 3</item>
      <item value="0x58406002">Alternate 4</item>
      <item value="0x5A406002">Alternate 5</item>
    </parameter>
    <script state="on">
      <action>temp0 =maincpu.md@045264</action>
      <action>temp1 =maincpu.mw@045270</action>
    </script>
    <script state="run">
      <action>maincpu.md@045264=param</action>
      <action>maincpu.mw@045270=4E71</action>
      <action condition="(param==6604330C)">maincpu.mw@045270=E048</action>
    </script>
    <script state="off">
      <action>maincpu.md@045264=temp0 </action>
      <action>maincpu.mw@045270=temp1 </action>
    </script>
  </cheat>

  <cheat desc="Professional Course">
    <parameter>
      <item value="0x01">Enable</item>
      <item value="0x00">Disable</item>
    </parameter>
    <script state="run">
      <action>maincpu.pb@FF0E6C=param</action>
    </script>
  </cheat>

  <cheat desc="Go To 'Let's Dance' Now!"> <comment>Try not to use this cheat when enemies are still hidden</comment>
    <script state="on">
      <action>maincpu.pb@FF0E59=01|(maincpu.pb@FF0E59 BAND ~81)</action>
      <action>maincpu.pb@FF0E42=01|(maincpu.pb@FF0E42 BAND ~81)</action>
    </script>
  </cheat>

  <cheat desc="Drop A Bomb Now!">
    <script state="on">
      <action>maincpu.pb@FF0EC0=20|(maincpu.pb@FF0EC0 BAND ~20)</action>
    </script>
  </cheat>

  <cheat desc="'Escape' Mode">
    <script state="run">
      <action>maincpu.pb@FF1041=01|(maincpu.pb@FF1041 BAND ~01)</action>
    </script>
  </cheat>

  <cheat desc="Select Enemy Speed">
    <parameter>
      <item value="0x00">Slow</item>
      <item value="0x3F">Fast</item>
    </parameter>
    <script state="run">
      <action>maincpu.pb@FF100A=param</action>
    </script>
  </cheat>

  <cheat desc="Boxes Are Solid"> <comment>Boxes will not collapse after a simple impact.</comment>
    <script state="on">
      <action>temp0 =maincpu.mw@04715C</action>
    </script>
    <script state="run">
      <action>maincpu.mw@04715C=600A</action>
    </script>
    <script state="off">
      <action>maincpu.mw@04715C=temp0 </action>
    </script>
  </cheat>

  <cheat desc="Boxes Are Fragile"> <comment>Boxes will collapse after a simple impact (excluding 'Hearts')</comment>
    <script state="on">
      <action>temp0 =maincpu.md@047422</action>
    </script>
    <script state="run">
      <action>maincpu.md@047422=6000FD34</action>
    </script>
    <script state="off">
      <action>maincpu.md@047422=temp0 </action>
    </script>
  </cheat>

  <cheat desc="P1 무적">
    <script state="run">
      <action>maincpu.pw@FF17D2=0002</action>
    </script>
  </cheat>

  <cheat desc="P1 One fruit always = life">
    <script state="run">
      <action>maincpu.pb@FF0EBC=62</action>
      <action>maincpu.pb@FF0EBE=63</action>
    </script>
  </cheat>

  <cheat desc="P1 One fruit = life Now!">
    <script state="on">
      <action>maincpu.pb@FF0EBC=62</action>
      <action>maincpu.pb@FF0EBE=63</action>
    </script>
  </cheat>

  <cheat desc="P2 무적">
    <script state="run">
      <action>maincpu.pw@FF1872=0002</action>
    </script>
  </cheat>

  <cheat desc="P2 One fruit always = life">
    <script state="run">
      <action>maincpu.pb@FF0EBD=62</action>
      <action>maincpu.pb@FF0EBF=63</action>
    </script>
  </cheat>

  <cheat desc="P2 One fruit = life Now!">
    <script state="on">
      <action>maincpu.pb@FF0EBD=62</action>
      <action>maincpu.pb@FF0EBF=63</action>
    </script>
  </cheat>

  <cheat desc=" "/>

  <cheat desc="Skip RAM Check">
    <script state="on">
      <action>temp0 =maincpu.mw@05DB08</action>
    </script>
    <script state="run">
      <action>maincpu.mw@05DB08=0186</action> <!-- Use with pre-enable -->
    </script>
    <script state="off">
      <action>maincpu.mw@05DB08=temp0 </action>
    </script>
  </cheat>

  <cheat desc="사운드 테스트">
    <parameter min="1" max="255" step="1"/>
    <script state="change">
      <action>maincpu.pb@800181=param</action>
    </script>
  </cheat>

</mamecheat>
<!-- Cheat file downloaded from http://www.mamecheat.co.uk, see cheat.txt for list of contributors. -->
