<mamecheat version="1">

  <cheat desc="코인 무제한">
    <script state="run">
      <action>maincpu.pw@101C8E=0009</action>
    </script>
  </cheat>

  <cheat desc=" "/>
  <cheat desc="Game 1"/>

  <cheat desc="이번판 즉시 끝내기">
    <script state="on">
      <action>maincpu.pb@102F9C=00</action>
    </script>
  </cheat>

  <cheat desc="Select Perm Current Top Shape">
    <parameter>
      <item value="0x0000">Grey Bubble</item>
      <item value="0x0001">Yellow Bubble</item>
      <item value="0x0002">Purple Bubble</item>
      <item value="0x0003">Green Bubble</item>
      <item value="0x0004">Red Bubble</item>
      <item value="0x0005">Blue Bubble</item>
      <item value="0x0006">Mine</item>
    </parameter>
    <script state="run">
      <action>maincpu.pw@102E4C=param</action>
    </script>
  </cheat>

  <cheat desc="Select Perm Current Middle Shape">
    <parameter>
      <item value="0x0000">Grey Bubble</item>
      <item value="0x0001">Yellow Bubble</item>
      <item value="0x0002">Purple Bubble</item>
      <item value="0x0003">Green Bubble</item>
      <item value="0x0004">Red Bubble</item>
      <item value="0x0005">Blue Bubble</item>
      <item value="0x0006">Mine</item>
    </parameter>
    <script state="run">
      <action>maincpu.pw@102E4E=param</action>
    </script>
  </cheat>

  <cheat desc="Select Perm Current Bottom Shape">
    <parameter>
      <item value="0x0000">Grey Bubble</item>
      <item value="0x0001">Yellow Bubble</item>
      <item value="0x0002">Purple Bubble</item>
      <item value="0x0003">Green Bubble</item>
      <item value="0x0004">Red Bubble</item>
      <item value="0x0005">Blue Bubble</item>
      <item value="0x0006">Mine</item>
    </parameter>
    <script state="run">
      <action>maincpu.pw@102E50=param</action>
    </script>
  </cheat>

  <cheat desc="Select Temp Current Top Shape">
    <parameter>
      <item value="0x0000">Grey Bubble</item>
      <item value="0x0001">Yellow Bubble</item>
      <item value="0x0002">Purple Bubble</item>
      <item value="0x0003">Green Bubble</item>
      <item value="0x0004">Red Bubble</item>
      <item value="0x0005">Blue Bubble</item>
      <item value="0x0006">Mine</item>
    </parameter>
    <script state="change">
      <action>maincpu.pw@102E4C=param</action>
    </script>
  </cheat>

  <cheat desc="Select Temp Current Middle Shape">
    <parameter>
      <item value="0x0000">Grey Bubble</item>
      <item value="0x0001">Yellow Bubble</item>
      <item value="0x0002">Purple Bubble</item>
      <item value="0x0003">Green Bubble</item>
      <item value="0x0004">Red Bubble</item>
      <item value="0x0005">Blue Bubble</item>
      <item value="0x0006">Mine</item>
    </parameter>
    <script state="change">
      <action>maincpu.pw@102E4E=param</action>
    </script>
  </cheat>

  <cheat desc="Select Temp Current Bottom Shape">
    <parameter>
      <item value="0x0000">Grey Bubble</item>
      <item value="0x0001">Yellow Bubble</item>
      <item value="0x0002">Purple Bubble</item>
      <item value="0x0003">Green Bubble</item>
      <item value="0x0004">Red Bubble</item>
      <item value="0x0005">Blue Bubble</item>
      <item value="0x0006">Mine</item>
    </parameter>
    <script state="change">
      <action>maincpu.pw@102E50=param</action>
    </script>
  </cheat>

  <cheat desc=" "/>
  <cheat desc="Game 2"/>

  <cheat desc="시간 무제한">
    <script state="run">
      <action>maincpu.pw@1037B4=0021</action>
    </script>
  </cheat>

  <cheat desc="Infinite Help">
    <script state="run">
      <action>maincpu.pw@101642=0003</action>
    </script>
  </cheat>

  <cheat desc="Better Helps"> <comment>Clears more pairs</comment>
    <script state="run">
      <action>maincpu.pw@1007D4=0000</action>
    </script>
  </cheat>

  <cheat desc=" "/>
  <cheat desc="Game 3"/>

  <cheat desc="시간 무제한">
    <script state="on">
      <action>temp0 =maincpu.mw@00E082</action>
    </script>
    <script state="run">
      <action>maincpu.mw@00E082=4E71</action>
    </script>
    <script state="off">
      <action>maincpu.mw@00E082=temp0 </action>
    </script>
  </cheat>

</mamecheat>
<!-- Cheat file downloaded from http://www.mamecheat.co.uk, see cheat.txt for list of contributors. -->
