<mamecheat version="1">

  <cheat desc="생명 무제한"> <comment>You will need to reset the game once you lose a match (when the girl is falling on her knees)</comment>
    <script state="on">
      <action>temp0 =maincpu.pb@8540</action>
    </script>
    <script state="run">
      <action condition="(frame % 300 == 0) AND (maincpu.pb@8540!=temp0 )">maincpu.pb@8540=09</action>
    </script>
  </cheat>

  <cheat desc=" "/>
  <cheat desc="The score display will not update until some points are scored."/>
  <cheat desc=" "/>

  <cheat desc="'Game' Score always = 0 PLAYER">
    <script state="run">
      <action>maincpu.pb@8545=00</action>
    </script>
  </cheat>

  <cheat desc="'Game' Score = 0 Now! PLAYER">
    <script state="on">
      <action>maincpu.pb@8545=00</action>
    </script>
  </cheat>

  <cheat desc="'Game' Score = 40 Now! PLAYER">
    <script state="on">
      <action>maincpu.pb@8545=03</action>
    </script>
  </cheat>

  <cheat desc="'Game' Score always = 0 CPU">
    <script state="run">
      <action>maincpu.pb@8546=00</action>
    </script>
  </cheat>

  <cheat desc="'Game' Score = 0 Now! CPU">
    <script state="on">
      <action>maincpu.pb@8546=00</action>
    </script>
  </cheat>

  <cheat desc="'Game' Score = 40 Now! CPU">
    <script state="on">
      <action>maincpu.pb@8546=03</action>
    </script>
  </cheat>

  <cheat desc=" "/>
  <cheat desc="See the 'Player always wins'"/>
  <cheat desc="DIP Switch for a useful cheat"/>
  <cheat desc=" "/>

</mamecheat>
<!-- Cheat file downloaded from http://www.mamecheat.co.uk, see cheat.txt for list of contributors. -->
