<mamecheat version="1">

  <cheat desc="코인 무제한">
    <script state="run">
      <action>maincpu.pb@C028=09</action>
    </script>
  </cheat>

  <cheat desc="시작 라운드 선택"> <comment>Enable on the 'Push 1 (or 2) Player Start' screen after you've inserted a credit</comment>
    <parameter min="1" max="99" step="1"/>
    <script state="change">
      <action>maincpu.pb@C03A=(param-1)</action>
    </script>
  </cheat>

  <cheat desc="Infinite Shoots">
    <script state="run">
      <action>maincpu.pb@CA0B=99</action>
    </script>
  </cheat>

  <cheat desc="무적"> <comment>Sometimes you die when you turn the cheat OFF</comment>
    <script state="on">
      <action>temp0 =maincpu.mb@1FD1</action>
      <action>temp1 =maincpu.mw@23A1</action>
      <action>temp2 =maincpu.mb@6B54</action>
    </script>
    <script state="run">
      <action>maincpu.mb@1FD1=E3</action>
      <action>maincpu.mw@23A1=23A1</action> <!-- 1st = Big Eye, 2nd = Red Face -->
      <action>maincpu.mb@6B54=52</action> <!-- Other Objects -->
    </script>
    <script state="off">
      <action>maincpu.mb@1FD1=temp0 </action>
      <action>maincpu.mw@23A1=temp1 </action>
      <action>maincpu.mb@6B54=temp2 </action>
    </script>
  </cheat>

  <cheat desc="Select Extra Weapon"> <comment>You should get some crystals first though</comment>
    <parameter>
      <item value="0x01">Yellow</item>
      <item value="0x02">Green</item>
      <item value="0x03">Red</item>
    </parameter>
    <script state="run">
      <action>maincpu.pb@CC0C=param</action>
    </script>
  </cheat>

  <cheat desc=" "/>

  <cheat desc="P1 생명 무제한">
    <script state="run">
      <action>maincpu.pb@C04E=07</action>
    </script>
  </cheat>

  <cheat desc="P2 생명 무제한">
    <script state="run">
      <action>maincpu.pb@C04F=07</action>
    </script>
  </cheat>

  <cheat desc=" "/>

  <cheat desc="사운드 테스트">
    <parameter min="1" max="40" step="1"/>
    <script state="change">
      <action>soundcpu.pb@8010=80+param</action>
    </script>
  </cheat>

</mamecheat>
<!-- Cheat file downloaded from http://www.mamecheat.co.uk, see cheat.txt for list of contributors. -->
