<mamecheat version="1">

  <cheat desc="시간 무제한">
    <script state="run">
      <action>maincpu.pb@C0F8=04</action>
    </script>
  </cheat>

  <cheat desc=" "/>

  <cheat desc="P1 Infinite Drops">
    <script state="run">
      <action>maincpu.pb@C08F=63</action>
      <action>maincpu.pw@C090=0909</action>
    </script>
  </cheat>

  <cheat desc="P1 No Drops">
    <script state="run">
      <action>maincpu.pb@C08F=00</action>
      <action>maincpu.pw@C090=0000</action>
    </script>
  </cheat>

  <cheat desc=" "/>

  <cheat desc="P2 Infinite Drops">
    <script state="run">
      <action>maincpu.pb@C092=63</action>
      <action>maincpu.pw@C093=0909</action>
    </script>
  </cheat>

  <cheat desc="P2 No Drops">
    <script state="run">
      <action>maincpu.pb@C092=00</action>
      <action>maincpu.pw@C093=0000</action>
    </script>
  </cheat>

</mamecheat>
<!-- Cheat file downloaded from http://www.mamecheat.co.uk, see cheat.txt for list of contributors. -->
