<mamecheat version="1">

  <cheat desc="Galactic Convoy Cheats"/>
  <cheat desc=" "/>

  <cheat desc="P1 생명 무제한">
    <script state="run">
      <action>maincpu.pb@04109=06</action>
    </script>
  </cheat>

  <cheat desc="P2 생명 무제한">
    <script state="run">
      <action>maincpu.pb@04209=06</action>
    </script>
  </cheat>

  <cheat desc=" "/>
  <cheat desc="Scramble PT2 Cheats"/>
  <cheat desc=" "/>

  <cheat desc="생명 무제한">
    <script state="run">
      <action>maincpu.pb@04108=05</action>
    </script>
  </cheat>

  <cheat desc="연료 무제한">
    <script state="run">
      <action>maincpu.pb@04105=FF</action>
    </script>
  </cheat>

  <cheat desc="무적">
    <script state="on">
      <action>temp0 =maincpu.mb@15E5A</action>
      <action>temp1 =maincpu.mb@15F26</action>
    </script>
    <script state="run">
      <action>maincpu.mb@15E5A=C9</action>
      <action>maincpu.mb@15F26=C9</action>
    </script>
    <script state="off">
      <action>maincpu.mb@15E5A=temp0 </action>
      <action>maincpu.mb@15F26=temp1 </action>
    </script>
  </cheat>

  <cheat desc="시작 레벨 선택"> <comment>Turn this OFF after you've started or you will loop back to this level after Level 6 (Level 6 = Base)</comment>
    <parameter min="1" max="6" step="1"/>
    <script state="run">
      <action condition="(maincpu.pb@0411E==00)">maincpu.pb@0411E=(param-1)</action>
    </script>
  </cheat>

  <cheat desc=" "/>
  <cheat desc="Galaxian PT5 Cheats"/>
  <cheat desc=" "/>

  <cheat desc="생명 무제한">
    <script state="run">
      <action>maincpu.pb@0421D=05</action>
    </script>
  </cheat>

  <cheat desc="무적">
    <script state="on">
      <action>temp0 =maincpu.mb@1929A</action>
    </script>
    <script state="run">
      <action>maincpu.mb@1929A=C9</action>
    </script>
    <script state="off">
      <action>maincpu.mb@1929A=temp0 </action>
    </script>
  </cheat>

  <cheat desc=" "/>
  <cheat desc="Ghost Muncher PT3 Cheats"/>
  <cheat desc=" "/>

  <cheat desc="생명 무제한">
    <script state="run">
      <action>maincpu.pb@04214=02</action>
    </script>
  </cheat>

  <cheat desc="무적">
    <script state="on">
      <action>temp0 =maincpu.md@11774</action>
      <action>temp1 =maincpu.md@11FDF</action>
      <action>temp2 =maincpu.md@11FE3</action>
      <action>temp3 =maincpu.md@11FE7</action>
    </script>
    <script state="run">
      <action>maincpu.md@11774=321FE0C3</action>
      <action>maincpu.md@11FDF=0420A700</action> <!-- 1st = jp $1FE0, 2nd = and a/jp nz, $1FE7 -->
      <action>maincpu.md@11FE3=1764C3AF</action> <!-- xor a/jp $1764 (Normal Ghost) -->
      <action>maincpu.md@11FE7=1777C3AF</action> <!-- xor a/jp $1777 (Blue Ghost) -->
    </script>
    <script state="off">
      <action>maincpu.md@11774=temp0 </action>
      <action>maincpu.md@11FDF=temp1 </action>
      <action>maincpu.md@11FE3=temp2 </action>
      <action>maincpu.md@11FE7=temp3 </action>
    </script>
  </cheat>

  <cheat desc="Enable Speed Hack"> <comment>This will greatly speed up your character.</comment>
    <script state="on">
      <action>temp0 =maincpu.mw@1180B</action>
    </script>
    <script state="run">
      <action>maincpu.mw@1180B=3218</action>
    </script>
    <script state="off">
      <action>maincpu.mw@1180B=temp0 </action>
    </script>
  </cheat>

  <cheat desc="이번판 즉시 끝내기">
    <script state="on">
      <action>maincpu.pb@0420E=F4</action>
    </script>
  </cheat>

  <cheat desc="시작 레벨 선택"> <comment>For the best effect deactivate this cheat after you've started the Level</comment>
    <parameter>
      <item value="0x01">Strawberry</item>
      <item value="0x02">1st Orange</item>
      <item value="0x03">2nd Orange</item>
      <item value="0x04">1st Apple</item>
      <item value="0x05">2nd Apple</item>
      <item value="0x06">1st Pineapple</item>
      <item value="0x07">2nd Pineapple</item>
      <item value="0x08">1st Galaxian</item>
      <item value="0x09">2nd Galaxian</item>
      <item value="0x10">1st Bell</item>
      <item value="0x11">2nd Bell</item>
      <item value="0x12">1st Key</item>
      <item value="0x13">2nd Key</item>
    </parameter>
    <script state="run">
      <action condition="(param==01) AND (maincpu.pb@0420A==FFFFFFFF)">maincpu.pb@0420A=69</action>
      <action condition="(param==01) AND (maincpu.pb@04213==FFFFFFFF)">maincpu.pb@04213=01</action>
      <action condition="(param==02) AND (maincpu.pb@0420A==FFFFFFFF)">maincpu.pb@0420A=6A</action>
      <action condition="(param==02) AND (maincpu.pb@04213==FFFFFFFF)">maincpu.pb@04213=02</action>
      <action condition="(param==03) AND (maincpu.pb@0420A==FFFFFFFF)">maincpu.pb@0420A=6B</action>
      <action condition="(param==03) AND (maincpu.pb@04213==FFFFFFFF)">maincpu.pb@04213=03</action>
      <action condition="(param==04) AND (maincpu.pb@0420A==FFFFFFFF)">maincpu.pb@0420A=6C</action>
      <action condition="(param==04) AND (maincpu.pb@04213==FFFFFFFF)">maincpu.pb@04213=04</action>
      <action condition="(param==05) AND (maincpu.pb@0420A==FFFFFFFF)">maincpu.pb@0420A=6D</action>
      <action condition="(param==05) AND (maincpu.pb@04213==FFFFFFFF)">maincpu.pb@04213=05</action>
      <action condition="(param==06) AND (maincpu.pb@0420A==FFFFFFFF)">maincpu.pb@0420A=6E</action>
      <action condition="(param==06) AND (maincpu.pb@04213==FFFFFFFF)">maincpu.pb@04213=06</action>
      <action condition="(param==07) AND (maincpu.pb@0420A==FFFFFFFF)">maincpu.pb@0420A=6F</action>
      <action condition="(param==07) AND (maincpu.pb@04213==FFFFFFFF)">maincpu.pb@04213=07</action>
      <action condition="(param==08) AND (maincpu.pb@0420A==FFFFFFFF)">maincpu.pb@0420A=70</action>
      <action condition="(param==08) AND (maincpu.pb@04213==FFFFFFFF)">maincpu.pb@04213=08</action>
      <action condition="(param==09) AND (maincpu.pb@0420A==FFFFFFFF)">maincpu.pb@0420A=71</action>
      <action condition="(param==09) AND (maincpu.pb@04213==FFFFFFFF)">maincpu.pb@04213=09</action>
      <action condition="(param==10) AND (maincpu.pb@0420A==FFFFFFFF)">maincpu.pb@0420A=72</action>
      <action condition="(param==10) AND (maincpu.pb@04213==FFFFFFFF)">maincpu.pb@04213=0A</action>
      <action condition="(param==11) AND (maincpu.pb@0420A==FFFFFFFF)">maincpu.pb@0420A=73</action>
      <action condition="(param==11) AND (maincpu.pb@04213==FFFFFFFF)">maincpu.pb@04213= B</action>
      <action condition="(param==12) AND (maincpu.pb@0420A==FFFFFFFF)">maincpu.pb@0420A=74</action>
      <action condition="(param==12) AND (maincpu.pb@04213==FFFFFFFF)">maincpu.pb@04213=0C</action>
      <action condition="(param==13) AND (maincpu.pb@0420A==FFFFFFFF)">maincpu.pb@0420A=75</action>
      <action condition="(param==13) AND (maincpu.pb@04213==FFFFFFFF)">maincpu.pb@04213=0D</action>
    </script>
  </cheat>

  <cheat desc="Select Ghost Changeback Speed">
    <parameter>
      <item value="0x0000">Stay blue until eaten</item>
      <item value="0x0258">Slow</item>
      <item value="0x0168">Moderate</item>
      <item value="0x00F0">Quick</item>
      <item value="0x0078">Lightning</item>
      <item value="0x0001">No change to blue</item>
    </parameter>
    <script state="run">
      <action>maincpu.pw@041BD=param</action>
    </script>
  </cheat>

  <cheat desc="Select Level (for Practice)"> <comment>Do NOT use in conjunction with the standard 시작 레벨 선택 cheat</comment>
    <parameter>
      <item value="0x00">Cherry</item>
      <item value="0x01">Strawberry</item>
      <item value="0x02">1st Orange</item>
      <item value="0x03">2nd Orange</item>
      <item value="0x04">1st Apple</item>
      <item value="0x05">2nd Apple</item>
      <item value="0x06">1st Pineapple</item>
      <item value="0x07">2nd Pineapple</item>
      <item value="0x08">1st Galaxian</item>
      <item value="0x09">2nd Galaxian</item>
      <item value="0x0A">1st Bell</item>
      <item value="0x0B">2nd Bell</item>
      <item value="0x0C">1st Key</item>
      <item value="0x0D">2nd Key</item>
      <item value="0xFE">No maze</item>
    </parameter>
    <script state="run">
      <action>maincpu.pb@04213=param</action>
    </script>
  </cheat>

  <cheat desc="-= Ghost Status Cheats =-"/>

  <cheat desc="Orange always Blue">
    <script state="run">
      <action>maincpu.pb@041A7=01</action>
    </script>
  </cheat>

  <cheat desc="Green always Blue">
    <script state="run">
      <action>maincpu.pb@041A8=01</action>
    </script>
  </cheat>

  <cheat desc="Blue always Blue">
    <script state="run">
      <action>maincpu.pb@041A9=01</action>
    </script>
  </cheat>

  <cheat desc="White always Blue">
    <script state="run">
      <action>maincpu.pb@041AA=01</action>
    </script>
  </cheat>

  <cheat desc="Ghosts Always Edible (No Pts)">
    <script state="run">
      <action>maincpu.pb@041A5=00</action>
    </script>
  </cheat>

</mamecheat>
<!-- Cheat file downloaded from http://www.mamecheat.co.uk, see cheat.txt for list of contributors. -->
