<mamecheat version="1">

  <cheat desc="코인 무제한">
    <script state="run">
      <action>maincpu.pb@109FB7=09</action>
    </script>
  </cheat>

  <cheat desc=" "/>
  <cheat desc="Pac Man 2"/>
  <cheat desc=" "/>

  <cheat desc="시간 무제한">
    <script state="run">
      <action>maincpu.pd@104B34=000F423F</action>
    </script>
  </cheat>

  <cheat desc="이번판 즉시 끝내기">
    <script state="on">
      <action>maincpu.pb@1066FF=00</action>
    </script>
  </cheat>

  <cheat desc=" "/>

  <cheat desc="P1 생명 무제한">
    <script state="run">
      <action>maincpu.pb@10407B=09</action>
    </script>
  </cheat>

  <cheat desc="P1 폭탄 무제한">
    <script state="run">
      <action>maincpu.pb@10407D=09</action>
    </script>
  </cheat>

  <cheat desc="P1 무적">
    <script state="run">
      <action>maincpu.pw@10406C=0002</action>
    </script>
  </cheat>

  <cheat desc=" "/>

  <cheat desc="P2 생명 무제한">
    <script state="run">
      <action>maincpu.pb@1040DF=09</action>
    </script>
  </cheat>

  <cheat desc="P2 폭탄 무제한">
    <script state="run">
      <action>maincpu.pb@1040E1=09</action>
    </script>
  </cheat>

  <cheat desc="P2 무적">
    <script state="run">
      <action>maincpu.pw@1040D0=0002</action>
    </script>
  </cheat>

  <cheat desc=" "/>
  <cheat desc="Tetris (one player game only)"/>
  <cheat desc=" "/>

  <cheat desc="P1 One line to end level Now!">
    <script state="on">
      <action>maincpu.pb@1057B1=00</action>
    </script>
  </cheat>

  <cheat desc="P1 Select Perm Current Shape">
    <parameter>
      <item value="0x00000000">Red Line</item>
      <item value="0x00010000">Red Square</item>
      <item value="0x00020001">Blue T</item>
      <item value="0x00030003">Orange Z</item>
      <item value="0x00040002">Green Reverse Z</item>
      <item value="0x00050003">Orange L</item>
      <item value="0x00060002">Green Reverse L</item>
    </parameter>
    <script state="run">
      <action>maincpu.pd@105798=param|(maincpu.pd@105798 BAND ~00FF00FF)</action>
    </script>
  </cheat>

  <cheat desc="P1 Select Temp Current Shape"> <!-- Assign this to an activation key for the best effect, then just press that key as many times as you want to cycle through the objects one by one. -->
    <parameter>
      <item value="0x00000000">Red Line</item>
      <item value="0x00010000">Red Square</item>
      <item value="0x00020001">Blue T</item>
      <item value="0x00030003">Orange Z</item>
      <item value="0x00040002">Green Reverse Z</item>
      <item value="0x00050003">Orange L</item>
      <item value="0x00060002">Green Reverse L</item>
    </parameter>
    <script state="change">
      <action>maincpu.pd@105798=param|(maincpu.pd@105798 BAND ~00FF00FF)</action>
    </script>
  </cheat>

  <cheat desc="P1 Select Temp Next Shape"> <!-- Assign this to an activation key for the best effect, then just press that key as many times as you want to cycle through the objects one by one. -->
    <parameter>
      <item value="0x00000000">Red Line</item>
      <item value="0x00010000">Red Square</item>
      <item value="0x00020001">Blue T</item>
      <item value="0x00030003">Orange Z</item>
      <item value="0x00040002">Green Reverse Z</item>
      <item value="0x00050003">Orange L</item>
      <item value="0x00060002">Green Reverse L</item>
    </parameter>
    <script state="change">
      <action>maincpu.pd@1057D6=param|(maincpu.pd@1057D6 BAND ~00FF00FF)</action>
    </script>
  </cheat>

  <cheat desc=" "/>

  <cheat desc="P2 One line to end level Now!">
    <script state="on">
      <action>maincpu.pb@1059FD=00</action>
    </script>
  </cheat>

  <cheat desc="P2 Select Perm Current Shape">
    <parameter>
      <item value="0x00000000">Red Line</item>
      <item value="0x00010000">Red Square</item>
      <item value="0x00020001">Blue T</item>
      <item value="0x00030003">Orange Z</item>
      <item value="0x00040002">Green Reverse Z</item>
      <item value="0x00050003">Orange L</item>
      <item value="0x00060002">Green Reverse L</item>
    </parameter>
    <script state="run">
      <action>maincpu.pd@1059E4=param|(maincpu.pd@1059E4 BAND ~00FF00FF)</action>
    </script>
  </cheat>

  <cheat desc="P2 Select Temp Current Shape"> <!-- Assign this to an activation key for the best effect, then just press that key as many times as you want to cycle through the objects one by one. -->
    <parameter>
      <item value="0x00000000">Red Line</item>
      <item value="0x00010000">Red Square</item>
      <item value="0x00020001">Blue T</item>
      <item value="0x00030003">Orange Z</item>
      <item value="0x00040002">Green Reverse Z</item>
      <item value="0x00050003">Orange L</item>
      <item value="0x00060002">Green Reverse L</item>
    </parameter>
    <script state="change">
      <action>maincpu.pd@1059E4=param|(maincpu.pd@1059E4 BAND ~00FF00FF)</action>
    </script>
  </cheat>

  <cheat desc="P2 Select Temp Next Shape"> <!-- Assign this to an activation key for the best effect, then just press that key as many times as you want to cycle through the objects one by one. -->
    <parameter>
      <item value="0x00000000">Red Line</item>
      <item value="0x00010000">Red Square</item>
      <item value="0x00020001">Blue T</item>
      <item value="0x00030003">Orange Z</item>
      <item value="0x00040002">Green Reverse Z</item>
      <item value="0x00050003">Orange L</item>
      <item value="0x00060002">Green Reverse L</item>
    </parameter>
    <script state="change">
      <action>maincpu.pd@105C22=param|(maincpu.pd@105C22 BAND ~00FF00FF)</action>
    </script>
  </cheat>

  <cheat desc=" "/>
  <cheat desc="Hyper Man 2"/>
  <cheat desc=" "/>

  <cheat desc="시간 무제한">
    <script state="run">
      <action>maincpu.pw@104B36=116E</action>
    </script>
  </cheat>

  <cheat desc=" "/>

  <cheat desc="P1 생명 무제한">
    <script state="run">
      <action>maincpu.pb@1057CD=09</action>
    </script>
  </cheat>

  <cheat desc="P1 무적">
    <script state="run">
      <action>maincpu.pb@1057E5=05</action>
    </script>
  </cheat>

  <cheat desc=" "/>

  <cheat desc="P2 생명 무제한">
    <script state="run">
      <action>maincpu.pb@105821=09</action>
    </script>
  </cheat>

  <cheat desc="P2 무적">
    <script state="run">
      <action>maincpu.pb@105839=05</action>
    </script>
  </cheat>

  <cheat desc=" "/>
  <cheat desc="Snow"/>
  <cheat desc=" "/>

  <cheat desc="시간 무제한">
    <script state="run">
      <action>maincpu.pb@1000BB=20</action>
    </script>
  </cheat>

  <cheat desc="Enable to Get Secret Bonus">
    <script state="run">
      <action condition="(maincpu.pb@10165D LT 00) OR (maincpu.pb@10165D GT 01)">maincpu.pb@10165D=01</action>
    </script>
  </cheat>

  <cheat desc="보스 한방 Now!">
    <script state="on">
      <action>maincpu.pw@1018CA=0001</action>
      <action>maincpu.pw@10190A=0001</action>
    </script>
  </cheat>

  <cheat desc="Select Starting Floor">
    <parameter>
      <item value="0x00">Floor 1</item>
      <item value="0x09">Floor 10</item>
      <item value="0x0A">Floor 11</item>
      <item value="0x13">Floor 20</item>
      <item value="0x14">Floor 21</item>
      <item value="0x1D">Floor 30</item>
      <item value="0x1E">Floor 31</item>
      <item value="0x27">Floor 40</item>
      <item value="0x28">Floor 41</item>
      <item value="0x31">Floor 50</item>
    </parameter>
    <script state="run">
      <action condition="(maincpu.pb@1001C9 != 00) AND (maincpu.pb@101573 == 00)">maincpu.pb@101573=param</action>
    </script>
  </cheat>

  <cheat desc="Items do not disappear"> <comment>Power-ups and bonus items.</comment>
    <script state="on">
      <action>temp0 =maincpu.mb@008162</action>
    </script>
    <script state="run">
      <action>maincpu.mb@008162=60</action> <!-- This ROM cheat was made by syndromtr -->
    </script>
    <script state="off">
      <action>maincpu.mb@008162=temp0 </action>
    </script>
  </cheat>

  <cheat desc="Pumpkin head never appears">
    <script state="on">
      <action>temp0 =maincpu.md@008732</action>
    </script>
    <script state="run">
      <action>maincpu.md@008732=4E714E71</action> <!-- This ROM cheat was made by syndromtr -->
    </script>
    <script state="off">
      <action>maincpu.md@008732=temp0 </action>
    </script>
  </cheat>

  <cheat desc=" "/>

  <cheat desc="P1 생명 무제한">
    <script state="run">
      <action>maincpu.pb@101591=0A</action>
    </script>
  </cheat>

  <cheat desc="P1 무적"> <comment>Turn it OFF temporarily when you get the green potion</comment>
    <script state="run">
      <action condition="(maincpu.pb@1015EB LT 00) OR (maincpu.pb@1015EB GT 27)">maincpu.pb@1015EB=00</action>
    </script>
  </cheat>

  <cheat desc="P1 Get 무적 Item Now!">
    <script state="on">
      <action>maincpu.pb@1015EB=24</action>
    </script>
  </cheat>

  <cheat desc="P1 총알 속도 빠르게">
    <script state="run">
      <action>maincpu.pb@1015D7=00</action>
    </script>
  </cheat>

  <cheat desc="P1 Always have all powers">
    <script state="run">
      <action>maincpu.pb@1015A8=70</action>
    </script>
  </cheat>

  <cheat desc="P1 Always have pow-up shot">
    <script state="run">
      <action>maincpu.pb@1015A8=10|(maincpu.pb@1015A8 BAND ~10)</action>
    </script>
  </cheat>

  <cheat desc="P1 Always have pow-up range">
    <script state="run">
      <action>maincpu.pb@1015A8=20|(maincpu.pb@1015A8 BAND ~20)</action>
    </script>
  </cheat>

  <cheat desc="P1 Always have pow-up speed">
    <script state="run">
      <action>maincpu.pb@1015A8=40|(maincpu.pb@1015A8 BAND ~40)</action>
    </script>
  </cheat>

  <cheat desc="P1 Get all powers Now!">
    <script state="on">
      <action>maincpu.pb@1015A8=70</action>
    </script>
  </cheat>

  <cheat desc="P1 Get pow-up shot Now!">
    <script state="on">
      <action>maincpu.pb@1015A8=10|(maincpu.pb@1015A8 BAND ~10)</action>
    </script>
  </cheat>

  <cheat desc="P1 Get pow-up range Now!">
    <script state="on">
      <action>maincpu.pb@1015A8=20|(maincpu.pb@1015A8 BAND ~20)</action>
    </script>
  </cheat>

  <cheat desc="P1 Get pow-up speed Now!">
    <script state="on">
      <action>maincpu.pb@1015A8=40|(maincpu.pb@1015A8 BAND ~40)</action>
    </script>
  </cheat>

  <cheat desc="P1 Get Letter 'S' Now!">
    <script state="on">
      <action>maincpu.pb@1015AA=01|(maincpu.pb@1015AA BAND ~01)</action>
    </script>
  </cheat>

  <cheat desc="P1 Get Letter 'N' Now!">
    <script state="on">
      <action>maincpu.pb@1015AA=02|(maincpu.pb@1015AA BAND ~02)</action>
    </script>
  </cheat>

  <cheat desc="P1 Get Letter 'O' Now!">
    <script state="on">
      <action>maincpu.pb@1015AA=04|(maincpu.pb@1015AA BAND ~04)</action>
    </script>
  </cheat>

  <cheat desc="P1 Get Letter 'W' Now!">
    <script state="on">
      <action>maincpu.pb@1015AA=08|(maincpu.pb@1015AA BAND ~08)</action>
    </script>
  </cheat>

  <cheat desc=" "/>

  <cheat desc="P2 생명 무제한">
    <script state="run">
      <action>maincpu.pb@1015A7=0A</action>
    </script>
  </cheat>

  <cheat desc="P2 무적"> <comment>Turn it OFF temporarily when you get the green potion</comment>
    <script state="run">
      <action condition="(maincpu.pb@10162B LT 00) OR (maincpu.pb@10162B GT 27)">maincpu.pb@10162B=00</action>
    </script>
  </cheat>

  <cheat desc="P2 Get 무적 Item Now!">
    <script state="on">
      <action>maincpu.pb@10162B=24</action>
    </script>
  </cheat>

  <cheat desc="P2 총알 속도 빠르게">
    <script state="run">
      <action>maincpu.pb@101617=00</action>
    </script>
  </cheat>

  <cheat desc="P2 Always have all powers">
    <script state="run">
      <action>maincpu.pb@1015A9=70</action>
    </script>
  </cheat>

  <cheat desc="P2 Always have pow-up shot">
    <script state="run">
      <action>maincpu.pb@1015A9=10|(maincpu.pb@1015A9 BAND ~10)</action>
    </script>
  </cheat>

  <cheat desc="P2 Always have pow-up range">
    <script state="run">
      <action>maincpu.pb@1015A9=20|(maincpu.pb@1015A9 BAND ~20)</action>
    </script>
  </cheat>

  <cheat desc="P2 Always have pow-up speed">
    <script state="run">
      <action>maincpu.pb@1015A9=40|(maincpu.pb@1015A9 BAND ~40)</action>
    </script>
  </cheat>

  <cheat desc="P2 Get all powers Now!">
    <script state="on">
      <action>maincpu.pb@1015A9=70</action>
    </script>
  </cheat>

  <cheat desc="P2 Get pow-up shot Now!">
    <script state="on">
      <action>maincpu.pb@1015A9=10|(maincpu.pb@1015A9 BAND ~10)</action>
    </script>
  </cheat>

  <cheat desc="P2 Get pow-up range Now!">
    <script state="on">
      <action>maincpu.pb@1015A9=20|(maincpu.pb@1015A9 BAND ~20)</action>
    </script>
  </cheat>

  <cheat desc="P2 Get pow-up speed Now!">
    <script state="on">
      <action>maincpu.pb@1015A9=40|(maincpu.pb@1015A9 BAND ~40)</action>
    </script>
  </cheat>

  <cheat desc="P2 Get Letter 'S' Now!">
    <script state="on">
      <action>maincpu.pb@1015AB=01|(maincpu.pb@1015AB BAND ~01)</action>
    </script>
  </cheat>

  <cheat desc="P2 Get Letter 'N' Now!">
    <script state="on">
      <action>maincpu.pb@1015AB=02|(maincpu.pb@1015AB BAND ~02)</action>
    </script>
  </cheat>

  <cheat desc="P2 Get Letter 'O' Now!">
    <script state="on">
      <action>maincpu.pb@1015AB=04|(maincpu.pb@1015AB BAND ~04)</action>
    </script>
  </cheat>

  <cheat desc="P2 Get Letter 'W' Now!">
    <script state="on">
      <action>maincpu.pb@1015AB=08|(maincpu.pb@1015AB BAND ~08)</action>
    </script>
  </cheat>

</mamecheat>
<!-- Cheat file downloaded from http://www.mamecheat.co.uk, see cheat.txt for list of contributors. -->
