<mamecheat version="1">

  <cheat desc="코인 무제한">
    <script state="run">
      <action>maincpu.pb@40DEF=09</action>
    </script>
  </cheat>

  <cheat desc="Get winning hand Now!">
    <script state="on">
      <action>temp0=0x40520, maincpu.pq@temp0=3131323235353535, maincpu.pd@(temp0+8)=36363637, maincpu.pw@(temp0+c)=3737</action>
    </script>
  </cheat>

  <cheat desc="Always winning hand">
    <script state="run">
      <action>temp0=0x40520, maincpu.pq@temp0=3131323235353535, maincpu.pd@(temp0+8)=36363637, maincpu.pw@(temp0+c)=3737</action>
    </script>
  </cheat>

  <cheat desc="Player Always Maximum Score">
    <script state="run">
      <action>maincpu.pw@4082E=03E7</action>
    </script>
  </cheat>

  <cheat desc="CPU Always 0 Score">
    <script state="run">
      <action>maincpu.pw@40816=0000</action>
    </script>
  </cheat>

</mamecheat>
<!-- Cheat file downloaded from http://www.mamecheat.co.uk, see cheat.txt for list of contributors. -->
