<mamecheat version="1">

  <cheat desc="코인 무제한">
    <script state="run">
      <action>maincpu.pb@FFB6AD=99</action>
    </script>
  </cheat>

  <cheat desc="시간 무제한">
    <script state="run">
      <action>maincpu.pw@FF9DE4=5DBF</action>
    </script>
  </cheat>

  <cheat desc="시작 레벨 선택">
    <parameter>
      <item value="0x00000000">64th Street</item>
      <item value="0x02000003">Smuggler's Wharf</item>
      <item value="0x04000007">Railroad Yard</item>
      <item value="0x0600000A">Secret Factory</item>
      <item value="0x0800000D">The Headquarters</item>
      <item value="0x0A000014">Last Level</item>
    </parameter>
    <script state="run">
      <action condition="(maincpu.pb@FF9DE1 != 0C) AND (maincpu.pb@FF9DF9 == 00) AND (maincpu.pb@FF9DDF == 2C)">maincpu.pd@FF9DF6=param</action>
    </script>
  </cheat>

  <cheat desc="이번 판 종료 즉시!">
    <script state="on">
      <action condition="(maincpu.pb@FF9DE1 != 0C) AND (maincpu.pb@FF9DE3 == 08)">maincpu.pb@FF9DF9=00, maincpu.pb@FF9DE3=0C</action>
    </script>
  </cheat>

  <cheat desc=" "/>

  <cheat desc="P1 생명 무제한">
    <script state="run">
      <action>maincpu.pb@FF9F09=09</action>
    </script>
  </cheat>

  <cheat desc="P1 에너지 무제한">
    <script state="run">
      <action>maincpu.pb@FF9F8D=D8</action>
    </script>
  </cheat>

  <cheat desc="P1 무적">
    <script state="run">
      <action>maincpu.pb@FF9F29=B3</action>
    </script>
  </cheat>

  <cheat desc="P1 Select Perm Weapon">
    <parameter>
      <item value="0x04">Pipe</item>
      <item value="0x05">Spanner</item>
    </parameter>
    <script state="run">
      <action>maincpu.pb@FF9F85=param+0x25, maincpu.pb@FF9FC5=param+0x25, maincpu.pb@FF9FC8=param</action>
    </script>
  </cheat>

  <cheat desc=" "/>

  <cheat desc="P2 생명 무제한">
    <script state="run">
      <action>maincpu.pb@FF9F33=09</action>
    </script>
  </cheat>

  <cheat desc="P2 에너지 무제한">
    <script state="run">
      <action>maincpu.pb@FFA04D=D8</action>
    </script>
  </cheat>

  <cheat desc="P2 무적">
    <script state="run">
      <action>maincpu.pb@FF9F59=B3</action>
    </script>
  </cheat>

  <cheat desc="P2 Select Perm Weapon">
    <parameter>
      <item value="0x04">Pipe</item>
      <item value="0x05">Spanner</item>
    </parameter>
    <script state="run">
      <action>maincpu.pb@FFA045=param+0x25, maincpu.pb@FFA085=param+0x25, maincpu.pb@FFA088=param</action>
    </script>
  </cheat>

</mamecheat>
<!-- Cheat file downloaded from http://www.mamecheat.co.uk, see cheat.txt for list of contributors. -->
