<mamecheat version="1">

  <cheat desc="코인 무제한"> <comment>Also fixes no soundcard problem</comment>
    <script state="run">
      <action>audiocpu.pb@0048=1F</action>
    </script>
  </cheat>

  <cheat desc="Infinite Area Time">
    <script state="run">
      <action>maincpu.pb@0254=96</action>
    </script>
  </cheat>

  <cheat desc="Infinite Medal/Park Timer"> <comment>Turn this cheat at the end of the Medal/Park to progress</comment>
    <script state="run">
      <action>maincpu.pb@0F20=A0</action>
    </script>
  </cheat>

  <cheat desc="Infinite Park Time">
    <script state="run">
      <action>maincpu.pb@0F1C=63</action>
    </script>
  </cheat>

  <cheat desc="Finish Park Now!">
    <script state="on">
      <action>maincpu.pb@0F1C=00</action>
    </script>
  </cheat>

  <cheat desc="Get 10000$ Now!">
    <script state="on">
      <action>maincpu.pw@0256=2710</action>
    </script>
  </cheat>

  <cheat desc="Infinite Tickets">
    <script state="run">
      <action>maincpu.pb@025B=04</action>
    </script>
  </cheat>

  <cheat desc="Maximum Board">
    <script state="run">
      <action>maincpu.pb@025C=04</action>
    </script>
  </cheat>

  <cheat desc="Maximum Shoes">
    <script state="run">
      <action>maincpu.pb@025F=04</action>
    </script>
  </cheat>

  <cheat desc="Maximum Pads">
    <script state="run">
      <action>maincpu.pb@025E=04</action>
    </script>
  </cheat>

  <cheat desc="Maximum Helmet">
    <script state="run">
      <action>maincpu.pb@025D=04</action>
    </script>
  </cheat>

</mamecheat>
<!-- Cheat file downloaded from http://www.mamecheat.co.uk, see cheat.txt for list of contributors. -->
