<mamecheat version="1">

  <cheat desc=" "/>
  <cheat desc="The winning hand cheat must be activated when"/>
  <cheat desc="there are 14 tiles in your hand, then press"/>
  <cheat desc="the RON key ('Z' by default). The tiles do"/>
  <cheat desc="not visually change until you make a move."/>
  <cheat desc=" "/>

  <cheat desc="Get winning hand Now!">
    <script state="on">
      <action>temp0=0x65C0, maincpu.pq@temp0=3535353232313131, maincpu.pd@(temp0+8)=37363636, maincpu.pw@(temp0+c)=3737</action>
    </script>
  </cheat>

  <cheat desc="Always winning hand">
    <script state="run">
      <action>temp0=0x65C0, maincpu.pq@temp0=3535353232313131, maincpu.pd@(temp0+8)=37363636, maincpu.pw@(temp0+c)=3737</action>
    </script>
  </cheat>

</mamecheat>
<!-- Cheat file downloaded from http://www.mamecheat.co.uk, see cheat.txt for list of contributors. -->
