<mamecheat version="1">

  <cheat desc="Get 9999 Power Now!">
    <script state="on">
      <action>maincpu.pd@E67C=09090909</action>
    </script>
  </cheat>

  <cheat desc=" "/>
  <cheat desc="The winning hand cheat must be activated when there are 14"/>
  <cheat desc="tiles in your hand,then press the RON key ('Z' by default)."/>
  <cheat desc="The tiles do not visually change until you make a move."/>
  <cheat desc=" "/>

  <cheat desc="Get winning hand Now!">
    <script state="on">
      <action>temp0=0xE1C0, maincpu.pq@temp0=3333323232313131, maincpu.pd@(temp0+8)=34343433, maincpu.pw@(temp0+c)=3535</action>
    </script>
  </cheat>

  <cheat desc=" "/>
  <cheat desc="See  mahjonginmame.nm.ru/index.htm   for mahjong rules."/>

</mamecheat>
<!-- Cheat file downloaded from http://www.mamecheat.co.uk, see cheat.txt for list of contributors. -->
