<mamecheat version="1">

  <cheat desc="코인 무제한">
    <script state="run">
      <action>maincpu.pb@4002=63</action>
    </script>
  </cheat>

  <cheat desc="생명 무제한">
    <script state="run">
      <action>maincpu.pb@4108=05</action>
    </script>
  </cheat>

  <cheat desc="연료 무제한">
    <script state="run">
      <action>maincpu.pb@4105=FF</action>
    </script>
  </cheat>

  <cheat desc="무적">
    <script state="on">
      <action>temp0 =maincpu.mb@2047</action>
      <action>temp1 =maincpu.mb@2113</action>
      <action>temp2 =maincpu.mb@153B</action>
    </script>
    <script state="run">
      <action>maincpu.mb@2047=C9</action>
      <action>maincpu.mb@2113=C9</action>
      <action>maincpu.mb@153B=C9</action>
    </script>
    <script state="off">
      <action>maincpu.mb@2047=temp0 </action>
      <action>maincpu.mb@2113=temp1 </action>
      <action>maincpu.mb@153B=temp2 </action>
    </script>
  </cheat>

  <cheat desc="Easy Killing"> <comment>Kill anything that you are level with by just pressing fire</comment>
    <script state="on">
      <action>temp0 =maincpu.mb@21D8</action>
    </script>
    <script state="run">
      <action>maincpu.mb@21D8=00</action>
    </script>
    <script state="off">
      <action>maincpu.mb@21D8=temp0 </action>
    </script>
  </cheat>

</mamecheat>
<!-- Cheat file downloaded from http://www.mamecheat.co.uk, see cheat.txt for list of contributors. -->
