<mamecheat version="1">

  <cheat desc="Select Starting Event">
    <parameter>
      <item value="0x00">100m Dash</item>
      <item value="0x01">Long Jump</item>
      <item value="0x02">400m Relay 1</item>
      <item value="0x03">Skeet Shooting</item>
      <item value="0x04">110m Hurdles</item>
      <item value="0x05">Archery</item>
      <item value="0x06">Javelin Throw</item>
      <item value="0x07">High Jump</item>
      <item value="0x08">400m Relay 2</item>
    </parameter>
    <script state="run">
      <action condition="(maincpu.pb@20D4==00)">maincpu.pb@20D4=param</action>
    </script>
  </cheat>

  <cheat desc=" "/>
  <cheat desc="Note - Event cheats should be turned off at end of each event"/>
  <cheat desc="or sprite corruption will occur. Don't turn on Maximum Power"/>
  <cheat desc="cheats too soon!"/>
  <cheat desc=" "/>
  <cheat desc="100M DASH"/>
  <cheat desc=" "/>

  <cheat desc="시간 무제한 '00'00'">
    <script state="run">
      <action>maincpu.pb@2AB4=00</action>
      <action>maincpu.pb@2AB3=00</action>
      <action>maincpu.pb@2AB2=00</action>
      <action>maincpu.pb@2AB1=00</action>
    </script>
  </cheat>

  <cheat desc="P1 Maximum Power">
    <script state="run">
      <action>maincpu.pb@2312=0A</action>
      <action>maincpu.pb@232A=0A</action>
    </script>
  </cheat>

  <cheat desc="P1 Infinite False Starts">
    <script state="run">
      <action>maincpu.pb@3322=00</action>
    </script>
  </cheat>

  <cheat desc=" "/>
  <cheat desc="LONG JUMP + JAVELIN"/>
  <cheat desc=" "/>

  <cheat desc="Maximum Power"> <comment>Press fire to get body back</comment>
    <script state="run">
      <action>maincpu.pb@2365=E0</action>
      <action>maincpu.pb@37EA=50</action>
    </script>
  </cheat>

  <cheat desc="Always jump/through at 45 degrees">
    <script state="run">
      <action>maincpu.pw@2363=452D</action>
    </script>
  </cheat>

  <cheat desc=" "/>

  <cheat desc="사운드 테스트 Timer Stop"> <comment>[P2 Start]Next Code</comment>
    <script state="run">
      <action>maincpu.pb@2240=FF</action>
    </script>
  </cheat>

  <cheat desc="사운드 테스트">
    <parameter min="1" max="212" step="1"/>
    <script state="change">
      <action>maincpu.pb@2080=param</action>
      <action>maincpu.pw@2018=2080</action>
      <action>maincpu.pw@2016=2081</action>
    </script>
  </cheat>

</mamecheat>
<!-- Cheat file downloaded from http://www.mamecheat.co.uk, see cheat.txt for list of contributors. -->
