<mamecheat version="1">

  <cheat desc="코인 무제한">
    <script state="run">
      <action>maincpu.pb@1D5C=99</action>
    </script>
  </cheat>

  <cheat desc="시간 무제한">
    <script state="run">
      <action>maincpu.pb@1DA0=00</action>
    </script>
  </cheat>

  <cheat desc="Infinite Hits">
    <script state="run">
      <action>maincpu.pb@1D9D=03</action>
    </script>
  </cheat>

  <cheat desc=" "/>

  <cheat desc="P1 공 무제한">
    <script state="run">
      <action>maincpu.pb@1CCB=05</action>
    </script>
  </cheat>

  <cheat desc="P1 Shot always = 1">
    <script state="run">
      <action>maincpu.pb@1DA1=01</action>
    </script>
  </cheat>

  <cheat desc=" "/>

  <cheat desc="P2 공 무제한">
    <script state="run">
      <action>maincpu.pb@1CCC=05</action>
    </script>
  </cheat>

  <cheat desc="P2 Shot always = 1">
    <script state="run">
      <action>maincpu.pb@1DA2=04</action>
    </script>
  </cheat>

</mamecheat>
<!-- Cheat file downloaded from http://www.mamecheat.co.uk, see cheat.txt for list of contributors. -->
