<mamecheat version="1">

  <cheat desc="코인 무제한">
    <script state="run">
      <action>maincpu.pb@F001=63</action>
    </script>
  </cheat>

  <cheat desc="에너지 무제한">
    <script state="run">
      <action>maincpu.pd@F652=0C0C0C0C</action>
      <action>maincpu.pd@F656=0C0C0C0C</action>
      <action>maincpu.pw@F65A=0C0C</action>
    </script>
  </cheat>

  <cheat desc="무적"> <comment>See the Dip Switch Menu to enable an alternate 무적 cheat.</comment>
    <script state="on">
      <action>temp0 =maincpu.mb@11F5</action>
    </script>
    <script state="run">
      <action>maincpu.mb@11F5=18</action>
    </script>
    <script state="off">
      <action>maincpu.mb@11F5=temp0 </action>
    </script>
  </cheat>

  <cheat desc="총알 속도 빠르게">
    <script state="run">
      <action>maincpu.pb@F422=FF</action>
    </script>
  </cheat>

  <cheat desc="Enemies Don't Shoot">
    <script state="run">
      <action>maincpu.pb@F0F0=0F</action>
    </script>
  </cheat>

  <cheat desc="Select Shot Type">
    <parameter>
      <item value="0x80">Normal</item>
      <item value="0x81">Fast</item>
    </parameter>
    <script state="run">
      <action>maincpu.pb@F109=param</action>
    </script>
  </cheat>

  <cheat desc=" "/>

  <cheat desc="P1 생명 무제한">
    <script state="run">
      <action>maincpu.pb@F0BF= B</action>
    </script>
  </cheat>

  <cheat desc="P2 생명 무제한">
    <script state="run">
      <action>maincpu.pb@F0D3= B</action>
    </script>
  </cheat>

  <cheat desc=" "/>

  <cheat desc="Skip RAM/ROM Check"> <comment>It's better to use together with Pre-Enable</comment>
    <script state="on">
      <action>temp0 =maincpu.mb@223D</action>
      <action>temp1 =maincpu.md@21B6</action>
    </script>
    <script state="run">
      <action>maincpu.mb@223D=00</action>
      <action>maincpu.md@21B6=00009EC3|(maincpu.md@21B6 BAND ~00FFFFFF)</action> <!-- 1st = RAM Check, 2nd = ROM Check -->
    </script>
    <script state="off">
      <action>maincpu.mb@223D=temp0 </action>
      <action>maincpu.md@21B6=temp1 </action>
    </script>
  </cheat>

</mamecheat>
<!-- Cheat file downloaded from http://www.mamecheat.co.uk, see cheat.txt for list of contributors. -->
