<mamecheat version="1">

  <cheat desc="코인 무제한">
    <script state="run">
      <action>maincpu.pb@1FC900=7F</action>
    </script>
  </cheat>

  <cheat desc="P1 공 무제한">
    <script state="run">
      <action>maincpu.pb@1FC6E0=06</action>
    </script>
  </cheat>

  <cheat desc="P2 공 무제한">
    <script state="run">
      <action>maincpu.pb@1FC6E8=06</action>
    </script>
  </cheat>

</mamecheat>
<!-- Cheat file downloaded from http://www.mamecheat.co.uk, see cheat.txt for list of contributors. -->
