<mamecheat version="1">

  <cheat desc="코인 무제한">
    <script state="run">
      <action>maincpu.pb@10000415=1E</action>
    </script>
  </cheat>

  <cheat desc=" "/>
  <cheat desc="Cheats for - Area 51"/>
  <cheat desc=" "/>

  <cheat desc="P1 생명 무제한">
    <script state="run">
      <action>maincpu.pb@1000953B=0A</action>
    </script>
  </cheat>

  <cheat desc="P1 Infinite Bullets">
    <script state="run">
      <action>maincpu.pb@1000950F=10</action>
    </script>
  </cheat>

  <cheat desc="P1 Infinite Grenades">
    <script state="run">
      <action>maincpu.pb@10009513=09</action>
    </script>
  </cheat>

  <cheat desc="P1 무기 선택">
    <parameter>
      <item value="0x00">Normal Weapon</item>
      <item value="0x01">Shotgun</item>
      <item value="0x02">Piercing</item>
    </parameter>
    <script state="run">
      <action>maincpu.pb@1000951F=param</action>
    </script>
  </cheat>

  <cheat desc=" "/>

  <cheat desc="P2 생명 무제한">
    <script state="run">
      <action>maincpu.pb@100095E3=0A</action>
    </script>
  </cheat>

  <cheat desc="P2 Infinite Bullets">
    <script state="run">
      <action>maincpu.pb@100095B7=10</action>
    </script>
  </cheat>

  <cheat desc="P2 Infinite Grenades">
    <script state="run">
      <action>maincpu.pb@100095BB=09</action>
    </script>
  </cheat>

  <cheat desc="P2 무기 선택">
    <parameter>
      <item value="0x00">Normal Weapon</item>
      <item value="0x01">Shotgun</item>
      <item value="0x02">Piercing</item>
    </parameter>
    <script state="run">
      <action>maincpu.pb@100095C7=param</action>
    </script>
  </cheat>

  <cheat desc=" "/>
  <cheat desc="Cheats for - Maximum Force Duo"/>
  <cheat desc=" "/>

  <cheat desc="P1 생명 무제한">
    <script state="run">
      <action>maincpu.pb@10009C03=05</action>
    </script>
  </cheat>

  <cheat desc="P1 Infinite Bullets">
    <script state="run">
      <action>maincpu.pb@10009C57=0A</action>
    </script>
  </cheat>

  <cheat desc=" "/>

  <cheat desc="P2 생명 무제한">
    <script state="run">
      <action>maincpu.pb@10009C8F=05</action>
    </script>
  </cheat>

  <cheat desc="P2 Infinite Bullets">
    <script state="run">
      <action>maincpu.pb@10009CE3=0A</action>
    </script>
  </cheat>

</mamecheat>
<!-- Cheat file downloaded from http://www.mamecheat.co.uk, see cheat.txt for list of contributors. -->
