<mamecheat version="1">

  <cheat desc=" "/>
  <cheat desc="There are no cheats for this game as it didn't work"/>
  <cheat desc="the last time it was tested. If the game now works"/>
  <cheat desc="please request cheats for it on the cheat forums."/>

  <cheat desc="코인 무제한">
    <script state="run">
      <action>maincpu.pb@8F378=1E</action>
    </script>
  </cheat>

</mamecheat>
<!-- Cheat file downloaded from http://www.mamecheat.co.uk, see cheat.txt for list of contributors. -->
