<mamecheat version="1">

  <cheat desc="코인 무제한">
    <script state="run">
      <action>maincpu.pb@0079=99</action>
    </script>
  </cheat>

  <cheat desc="P1 Always First Strike">
    <script state="run">
      <action>maincpu.pb@0070=00</action>
    </script>
  </cheat>

  <cheat desc="P1 Reset to Strike 1 Now!">
    <script state="on">
      <action>maincpu.pb@0070=00</action>
    </script>
  </cheat>

  <cheat desc="P1 Never anybody out">
    <script state="run">
      <action>maincpu.pb@006C=00</action>
    </script>
  </cheat>

</mamecheat>
<!-- Cheat file downloaded from http://www.mamecheat.co.uk, see cheat.txt for list of contributors. -->
