<mamecheat version="1">

  <cheat desc="연료 무제한"> <comment>Note the display may not be correct</comment>
    <script state="run">
      <action>maincpu.pb@007D=E3</action>
    </script>
  </cheat>

  <cheat desc="무적">
    <script state="on">
      <action>temp0 =maincpu.mw@DF72</action>
      <action>temp1 =maincpu.mw@E5BE</action>
      <action>temp2 =maincpu.mw@EA83</action>
    </script>
    <script state="run">
      <action>maincpu.mw@DF72=0CB0</action>
      <action>maincpu.mw@E5BE=16B0</action> <!-- 1st = Fire, 2nd = Meteorite -->
      <action>maincpu.mw@EA83=29B0</action> <!-- Enemy -->
    </script>
    <script state="off">
      <action>maincpu.mw@DF72=temp0 </action>
      <action>maincpu.mw@E5BE=temp1 </action>
      <action>maincpu.mw@EA83=temp2 </action>
    </script>
  </cheat>

  <cheat desc="총알 속도 빠르게">
    <script state="run">
      <action>maincpu.pb@0035=FF</action>
    </script>
  </cheat>

  <cheat desc="Bullet Speed Up">
    <script state="on">
      <action>temp0 =maincpu.mb@DCD7</action>
    </script>
    <script state="run">
      <action>maincpu.mb@DCD7=00</action>
    </script>
    <script state="off">
      <action>maincpu.mb@DCD7=temp0 </action>
    </script>
  </cheat>

  <cheat desc=" "/>

  <cheat desc="P1 생명 무제한">
    <script state="run">
      <action>maincpu.pb@0095=09</action>
    </script>
  </cheat>

  <cheat desc="P2 생명 무제한">
    <script state="run">
      <action>maincpu.pb@0096=09</action>
    </script>
  </cheat>

</mamecheat>
<!-- Cheat file downloaded from http://www.mamecheat.co.uk, see cheat.txt for list of contributors. -->
