<mamecheat version="1">

  <cheat desc="시간 무제한">
    <script state="run">
      <action>maincpu.pb@F99D= B</action>
    </script>
  </cheat>

  <cheat desc="시작 스테이지 선택"> <comment>Set on title screen then insert a credit</comment>
    <parameter min="1" max="7" step="1"/>
    <script state="on">
      <action>maincpu.pb@F987=FF</action>
    </script>
    <script state="change">
      <action>maincpu.pb@F987=(param-1)</action>
    </script>
  </cheat>

  <cheat desc="Infinite Power">
    <script state="run">
      <action>maincpu.pw@FD71=03E7</action>
    </script>
  </cheat>

  <cheat desc="Player Always Maximum Score">
    <script state="run">
      <action>maincpu.pb@FD70=63</action>
    </script>
  </cheat>

  <cheat desc="CPU Always 0 Score">
    <script state="run">
      <action>maincpu.pb@FD78=00</action>
    </script>
  </cheat>

  <cheat desc="Always Have Minus Power">
    <script state="run">
      <action>maincpu.pb@F9A0=01</action>
    </script>
  </cheat>

  <cheat desc="Always Have Plus Power">
    <script state="run">
      <action>maincpu.pb@F9A1=01</action>
    </script>
  </cheat>

  <cheat desc="Always Have Almighty Card">
    <script state="run">
      <action>maincpu.pb@F9A2=01</action>
    </script>
  </cheat>

  <cheat desc="Always Have Tefuda Cancel">
    <script state="run">
      <action>maincpu.pb@F9A3=01</action>
    </script>
  </cheat>

  <cheat desc="Always Have Te-Yon Tsumikomi">
    <script state="run">
      <action>maincpu.pb@F9A4=01</action>
    </script>
  </cheat>

  <cheat desc="Always Have Ultra Play">
    <script state="run">
      <action>maincpu.pb@F9A5=01</action>
    </script>
  </cheat>

  <cheat desc="Always Have Gokou Tsumikomi">
    <script state="run">
      <action>maincpu.pb@F9A6=01</action>
    </script>
  </cheat>

</mamecheat>
<!-- Cheat file downloaded from http://www.mamecheat.co.uk, see cheat.txt for list of contributors. -->
