<mamecheat version="1">

  <cheat desc="생명 무제한">
    <script state="run">
      <action>mainpcb:maincpu.pb@FF88E1=1E</action>
    </script>
  </cheat>

  <cheat desc="미사일 무제한">
    <script state="run">
      <action>mainpcb:maincpu.pb@FF8D67=32</action>
    </script>
  </cheat>

  <cheat desc="무적"> <comment>It is a boring cheat</comment>
    <script state="run">
      <action>mainpcb:maincpu.pb@FF8D77=01</action>
    </script>
  </cheat>

  <cheat desc="Quick Death Sequence"> <comment>This saves time waiting for the plane to crash and for a new plane to appear</comment>
    <script state="run">
      <action>mainpcb:maincpu.pb@FF9125=07</action>
    </script>
  </cheat>

  <cheat desc=" "/>

  <cheat desc="사운드 테스트 Timer Stop">
    <script state="run">
      <action>mainpcb:maincpu.pb@FF884D=00</action>
    </script>
  </cheat>

  <cheat desc="사운드 테스트">
    <parameter min="1" max="245" step="1"/>
    <script state="change">
      <action>mainpcb:soundcpu.pb@F800=param</action>
    </script>
  </cheat>

</mamecheat>
<!-- Cheat file downloaded from http://www.mamecheat.co.uk, see cheat.txt for list of contributors. -->
