<mamecheat version="1">

  <cheat desc="Right Plane Score always = 0">
    <script state="run">
      <action>maincpu.pb@8300=00</action>
    </script>
  </cheat>

  <cheat desc="Right Plane Score always = 10">
    <script state="run">
      <action>maincpu.pb@8300=10</action>
    </script>
  </cheat>

  <cheat desc="Right Plane Score = 0 Now!">
    <script state="on">
      <action>maincpu.pb@8300=00</action>
    </script>
  </cheat>

  <cheat desc="Right Plane Score = 10 Now!">
    <script state="on">
      <action>maincpu.pb@8300=10</action>
    </script>
  </cheat>

  <cheat desc=" "/>

  <cheat desc="Left Plane Score always = 0">
    <script state="run">
      <action>maincpu.pb@8301=00</action>
    </script>
  </cheat>

  <cheat desc="Left Plane Score always = 10">
    <script state="run">
      <action>maincpu.pb@8301=10</action>
    </script>
  </cheat>

  <cheat desc="Left Plane Score = 0 Now!">
    <script state="on">
      <action>maincpu.pb@8301=00</action>
    </script>
  </cheat>

  <cheat desc="Left Plane Score = 10 Now!">
    <script state="on">
      <action>maincpu.pb@8301=10</action>
    </script>
  </cheat>

</mamecheat>
<!-- Cheat file downloaded from http://www.mamecheat.co.uk, see cheat.txt for list of contributors. -->
