<mamecheat version="1">

  <cheat desc="코인 무제한">
    <script state="run">
      <action>maincpu.pb@C72000=09</action>
    </script>
  </cheat>

  <cheat desc="P1 Infinite Points">
    <script state="run">
      <action>maincpu.pw@C72422=270F</action>
    </script>
  </cheat>

  <cheat desc="P2 Infinite Points">
    <script state="run">
      <action>maincpu.pw@C72522=270F</action>
    </script>
  </cheat>

</mamecheat>
<!-- Cheat file downloaded from http://www.mamecheat.co.uk, see cheat.txt for list of contributors. -->
