<mamecheat version="1">

  <cheat desc="시간 무제한"> <comment>Enable this after the Green Lights and disable it after each race</comment>
    <script state="run">
      <action>maincpu.pw@10001C00=1770</action>
    </script>
  </cheat>

  <cheat desc="Always Finish in 1st Place"> <comment>The display during play won't be correct but you will finish first</comment>
    <script state="run">
      <action>maincpu.pb@10003715=01</action>
    </script>
  </cheat>

</mamecheat>
<!-- Cheat file downloaded from http://www.mamecheat.co.uk, see cheat.txt for list of contributors. -->
