<mamecheat version="1">

  <cheat desc="Select Card 1"> <comment>Lets you choose your card. The card isn't shuffled out of the deck by this code, so you could get more than 1.</comment>
    <parameter>
      <item value="0x02">2 of Hearts</item>
      <item value="0x03">3 of Hearts</item>
      <item value="0x04">4 of Hearts</item>
      <item value="0x05">5 of Hearts</item>
      <item value="0x06">6 of Hearts</item>
      <item value="0x07">7 of Hearts</item>
      <item value="0x08">8 of Hearts</item>
      <item value="0x09">9 of Hearts</item>
      <item value="0x0A">10 of Hearts</item>
      <item value="0x0B">Jack of Hearts</item>
      <item value="0x0C">Queen of Hearts</item>
      <item value="0x0D">King of Hearts</item>
      <item value="0x0E">Ace of Hearts</item>
      <item value="0x12">2 of Diamonds</item>
      <item value="0x13">3 of Diamonds</item>
      <item value="0x14">4 of Diamonds</item>
      <item value="0x15">5 of Diamonds</item>
      <item value="0x16">6 of Diamonds</item>
      <item value="0x17">7 of Diamonds</item>
      <item value="0x18">8 of Diamonds</item>
      <item value="0x19">9 of Diamonds</item>
      <item value="0x1A">10 of Diamonds</item>
      <item value="0x1B">Jack of Diamonds</item>
      <item value="0x1C">Queen of Diamonds</item>
      <item value="0x1D">King of Diamonds</item>
      <item value="0x1E">Ace of Diamonds</item>
      <item value="0x22">2 of Clubs</item>
      <item value="0x23">3 of Clubs</item>
      <item value="0x24">4 of Clubs</item>
      <item value="0x25">5 of Clubs</item>
      <item value="0x26">6 of Clubs</item>
      <item value="0x27">7 of Clubs</item>
      <item value="0x28">8 of Clubs</item>
      <item value="0x29">9 of Clubs</item>
      <item value="0x2A">10 of Clubs</item>
      <item value="0x2B">Jack of Clubs</item>
      <item value="0x2C">Queen of Clubs</item>
      <item value="0x2D">King of Clubs</item>
      <item value="0x2E">Ace of Clubs</item>
      <item value="0x32">2 of Spades</item>
      <item value="0x33">3 of Spades</item>
      <item value="0x34">4 of Spades</item>
      <item value="0x35">5 of Spades</item>
      <item value="0x36">6 of Spades</item>
      <item value="0x37">7 of Spades</item>
      <item value="0x38">8 of Spades</item>
      <item value="0x39">9 of Spades</item>
      <item value="0x3A">10 of Spades</item>
      <item value="0x3B">Jack of Spades</item>
      <item value="0x3C">Queen of Spades</item>
      <item value="0x3D">King of Spades</item>
      <item value="0x3E">Ace of Spades</item>
      <item value="0x4F">Joker</item>
    </parameter>
    <script state="change">
      <action>maincpu.pb@4D70=param</action>
    </script>
  </cheat>

  <cheat desc="Select Card 2"> <comment>Lets you choose your card. The card isn't shuffled out of the deck by this code, so you could get more than 1.</comment>
    <parameter>
      <item value="0x01">2 of Hearts</item>
      <item value="0x02">3 of Hearts</item>
      <item value="0x03">4 of Hearts</item>
      <item value="0x04">5 of Hearts</item>
      <item value="0x05">6 of Hearts</item>
      <item value="0x06">7 of Hearts</item>
      <item value="0x07">8 of Hearts</item>
      <item value="0x08">9 of Hearts</item>
      <item value="0x09">10 of Hearts</item>
      <item value="0x10">Jack of Hearts</item>
      <item value="0x11">Queen of Hearts</item>
      <item value="0x12">King of Hearts</item>
      <item value="0x13">Ace of Hearts</item>
      <item value="0x14">2 of Diamonds</item>
      <item value="0x15">3 of Diamonds</item>
      <item value="0x16">4 of Diamonds</item>
      <item value="0x17">5 of Diamonds</item>
      <item value="0x18">6 of Diamonds</item>
      <item value="0x19">7 of Diamonds</item>
      <item value="0x20">8 of Diamonds</item>
      <item value="0x21">9 of Diamonds</item>
      <item value="0x22">10 of Diamonds</item>
      <item value="0x23">Jack of Diamonds</item>
      <item value="0x24">Queen of Diamonds</item>
      <item value="0x25">King of Diamonds</item>
      <item value="0x26">Ace of Diamonds</item>
      <item value="0x27">2 of Clubs</item>
      <item value="0x28">3 of Clubs</item>
      <item value="0x29">4 of Clubs</item>
      <item value="0x30">5 of Clubs</item>
      <item value="0x31">6 of Clubs</item>
      <item value="0x32">7 of Clubs</item>
      <item value="0x33">8 of Clubs</item>
      <item value="0x34">9 of Clubs</item>
      <item value="0x35">10 of Clubs</item>
      <item value="0x36">Jack of Clubs</item>
      <item value="0x37">Queen of Clubs</item>
      <item value="0x38">King of Clubs</item>
      <item value="0x39">Ace of Clubs</item>
      <item value="0x40">2 of Spades</item>
      <item value="0x41">3 of Spades</item>
      <item value="0x42">4 of Spades</item>
      <item value="0x43">5 of Spades</item>
      <item value="0x44">6 of Spades</item>
      <item value="0x45">7 of Spades</item>
      <item value="0x46">8 of Spades</item>
      <item value="0x47">9 of Spades</item>
      <item value="0x48">10 of Spades</item>
      <item value="0x49">Jack of Spades</item>
      <item value="0x50">Queen of Spades</item>
      <item value="0x51">King of Spades</item>
      <item value="0x52">Ace of Spades</item>
      <item value="0x53">Joker</item>
    </parameter>
    <script state="change">
      <action condition="(param==01)">maincpu.pb@4D70=02</action>
      <action condition="(param==02)">maincpu.pb@4D72=03</action>
      <action condition="(param==03)">maincpu.pb@4D72=04</action>
      <action condition="(param==04)">maincpu.pb@4D72=05</action>
      <action condition="(param==05)">maincpu.pb@4D72=06</action>
      <action condition="(param==06)">maincpu.pb@4D72=07</action>
      <action condition="(param==07)">maincpu.pb@4D72=08</action>
      <action condition="(param==08)">maincpu.pb@4D72=09</action>
      <action condition="(param==09)">maincpu.pb@4D72=0A</action>
      <action condition="(param==10)">maincpu.pb@4D72= B</action>
      <action condition="(param==11)">maincpu.pb@4D72=0C</action>
      <action condition="(param==12)">maincpu.pb@4D72=0D</action>
      <action condition="(param==13)">maincpu.pb@4D72=0E</action>
      <action condition="(param==14)">maincpu.pb@4D72=12</action>
      <action condition="(param==15)">maincpu.pb@4D72=13</action>
      <action condition="(param==16)">maincpu.pb@4D72=14</action>
      <action condition="(param==17)">maincpu.pb@4D72=15</action>
      <action condition="(param==18)">maincpu.pb@4D72=16</action>
      <action condition="(param==19)">maincpu.pb@4D72=17</action>
      <action condition="(param==20)">maincpu.pb@4D72=18</action>
      <action condition="(param==21)">maincpu.pb@4D72=19</action>
      <action condition="(param==22)">maincpu.pb@4D72=1A</action>
      <action condition="(param==23)">maincpu.pb@4D72=1B</action>
      <action condition="(param==24)">maincpu.pb@4D72=1C</action>
      <action condition="(param==25)">maincpu.pb@4D72=1D</action>
      <action condition="(param==26)">maincpu.pb@4D72=1E</action>
      <action condition="(param==27)">maincpu.pb@4D72=22</action>
      <action condition="(param==28)">maincpu.pb@4D72=23</action>
      <action condition="(param==29)">maincpu.pb@4D72=24</action>
      <action condition="(param==30)">maincpu.pb@4D72=25</action>
      <action condition="(param==31)">maincpu.pb@4D72=26</action>
      <action condition="(param==32)">maincpu.pb@4D72=27</action>
      <action condition="(param==33)">maincpu.pb@4D72=28</action>
      <action condition="(param==34)">maincpu.pb@4D72=29</action>
      <action condition="(param==35)">maincpu.pb@4D72=2A</action>
      <action condition="(param==36)">maincpu.pb@4D72=2B</action>
      <action condition="(param==37)">maincpu.pb@4D72=2C</action>
      <action condition="(param==38)">maincpu.pb@4D72=2D</action>
      <action condition="(param==39)">maincpu.pb@4D72=2E</action>
      <action condition="(param==40)">maincpu.pb@4D72=32</action>
      <action condition="(param==41)">maincpu.pb@4D72=33</action>
      <action condition="(param==42)">maincpu.pb@4D72=34</action>
      <action condition="(param==43)">maincpu.pb@4D72=35</action>
      <action condition="(param==44)">maincpu.pb@4D72=36</action>
      <action condition="(param==45)">maincpu.pb@4D72=37</action>
      <action condition="(param==46)">maincpu.pb@4D72=38</action>
      <action condition="(param==47)">maincpu.pb@4D72=39</action>
      <action condition="(param==48)">maincpu.pb@4D72=3A</action>
      <action condition="(param==49)">maincpu.pb@4D72=3B</action>
      <action condition="(param==50)">maincpu.pb@4D72=3C</action>
      <action condition="(param==51)">maincpu.pb@4D72=3D</action>
      <action condition="(param==52)">maincpu.pb@4D72=3E</action>
      <action condition="(param==53)">maincpu.pb@4D72=4F</action>
    </script>
  </cheat>

  <cheat desc="Select Card 3"> <comment>Lets you choose your card. The card isn't shuffled out of the deck by this code, so you could get more than 1.</comment>
    <parameter>
      <item value="0x02">2 of Hearts</item>
      <item value="0x03">3 of Hearts</item>
      <item value="0x04">4 of Hearts</item>
      <item value="0x05">5 of Hearts</item>
      <item value="0x06">6 of Hearts</item>
      <item value="0x07">7 of Hearts</item>
      <item value="0x08">8 of Hearts</item>
      <item value="0x09">9 of Hearts</item>
      <item value="0x0A">10 of Hearts</item>
      <item value="0x0B">Jack of Hearts</item>
      <item value="0x0C">Queen of Hearts</item>
      <item value="0x0D">King of Hearts</item>
      <item value="0x0E">Ace of Hearts</item>
      <item value="0x12">2 of Diamonds</item>
      <item value="0x13">3 of Diamonds</item>
      <item value="0x14">4 of Diamonds</item>
      <item value="0x15">5 of Diamonds</item>
      <item value="0x16">6 of Diamonds</item>
      <item value="0x17">7 of Diamonds</item>
      <item value="0x18">8 of Diamonds</item>
      <item value="0x19">9 of Diamonds</item>
      <item value="0x1A">10 of Diamonds</item>
      <item value="0x1B">Jack of Diamonds</item>
      <item value="0x1C">Queen of Diamonds</item>
      <item value="0x1D">King of Diamonds</item>
      <item value="0x1E">Ace of Diamonds</item>
      <item value="0x22">2 of Clubs</item>
      <item value="0x23">3 of Clubs</item>
      <item value="0x24">4 of Clubs</item>
      <item value="0x25">5 of Clubs</item>
      <item value="0x26">6 of Clubs</item>
      <item value="0x27">7 of Clubs</item>
      <item value="0x28">8 of Clubs</item>
      <item value="0x29">9 of Clubs</item>
      <item value="0x2A">10 of Clubs</item>
      <item value="0x2B">Jack of Clubs</item>
      <item value="0x2C">Queen of Clubs</item>
      <item value="0x2D">King of Clubs</item>
      <item value="0x2E">Ace of Clubs</item>
      <item value="0x32">2 of Spades</item>
      <item value="0x33">3 of Spades</item>
      <item value="0x34">4 of Spades</item>
      <item value="0x35">5 of Spades</item>
      <item value="0x36">6 of Spades</item>
      <item value="0x37">7 of Spades</item>
      <item value="0x38">8 of Spades</item>
      <item value="0x39">9 of Spades</item>
      <item value="0x3A">10 of Spades</item>
      <item value="0x3B">Jack of Spades</item>
      <item value="0x3C">Queen of Spades</item>
      <item value="0x3D">King of Spades</item>
      <item value="0x3E">Ace of Spades</item>
      <item value="0x4F">Joker</item>
    </parameter>
    <script state="change">
      <action>maincpu.pb@4D74=param</action>
    </script>
  </cheat>

  <cheat desc="Select Card 4"> <comment>Lets you choose your card. The card isn't shuffled out of the deck by this code, so you could get more than 1.</comment>
    <parameter>
      <item value="0x02">2 of Hearts</item>
      <item value="0x03">3 of Hearts</item>
      <item value="0x04">4 of Hearts</item>
      <item value="0x05">5 of Hearts</item>
      <item value="0x06">6 of Hearts</item>
      <item value="0x07">7 of Hearts</item>
      <item value="0x08">8 of Hearts</item>
      <item value="0x09">9 of Hearts</item>
      <item value="0x0A">10 of Hearts</item>
      <item value="0x0B">Jack of Hearts</item>
      <item value="0x0C">Queen of Hearts</item>
      <item value="0x0D">King of Hearts</item>
      <item value="0x0E">Ace of Hearts</item>
      <item value="0x12">2 of Diamonds</item>
      <item value="0x13">3 of Diamonds</item>
      <item value="0x14">4 of Diamonds</item>
      <item value="0x15">5 of Diamonds</item>
      <item value="0x16">6 of Diamonds</item>
      <item value="0x17">7 of Diamonds</item>
      <item value="0x18">8 of Diamonds</item>
      <item value="0x19">9 of Diamonds</item>
      <item value="0x1A">10 of Diamonds</item>
      <item value="0x1B">Jack of Diamonds</item>
      <item value="0x1C">Queen of Diamonds</item>
      <item value="0x1D">King of Diamonds</item>
      <item value="0x1E">Ace of Diamonds</item>
      <item value="0x22">2 of Clubs</item>
      <item value="0x23">3 of Clubs</item>
      <item value="0x24">4 of Clubs</item>
      <item value="0x25">5 of Clubs</item>
      <item value="0x26">6 of Clubs</item>
      <item value="0x27">7 of Clubs</item>
      <item value="0x28">8 of Clubs</item>
      <item value="0x29">9 of Clubs</item>
      <item value="0x2A">10 of Clubs</item>
      <item value="0x2B">Jack of Clubs</item>
      <item value="0x2C">Queen of Clubs</item>
      <item value="0x2D">King of Clubs</item>
      <item value="0x2E">Ace of Clubs</item>
      <item value="0x32">2 of Spades</item>
      <item value="0x33">3 of Spades</item>
      <item value="0x34">4 of Spades</item>
      <item value="0x35">5 of Spades</item>
      <item value="0x36">6 of Spades</item>
      <item value="0x37">7 of Spades</item>
      <item value="0x38">8 of Spades</item>
      <item value="0x39">9 of Spades</item>
      <item value="0x3A">10 of Spades</item>
      <item value="0x3B">Jack of Spades</item>
      <item value="0x3C">Queen of Spades</item>
      <item value="0x3D">King of Spades</item>
      <item value="0x3E">Ace of Spades</item>
      <item value="0x4F">Joker</item>
    </parameter>
    <script state="change">
      <action>maincpu.pb@4D76=param</action>
    </script>
  </cheat>

  <cheat desc="Select Card 5"> <comment>Lets you choose your card. The card isn't shuffled out of the deck by this code, so you could get more than 1.</comment>
    <parameter>
      <item value="0x02">2 of Hearts</item>
      <item value="0x03">3 of Hearts</item>
      <item value="0x04">4 of Hearts</item>
      <item value="0x05">5 of Hearts</item>
      <item value="0x06">6 of Hearts</item>
      <item value="0x07">7 of Hearts</item>
      <item value="0x08">8 of Hearts</item>
      <item value="0x09">9 of Hearts</item>
      <item value="0x0A">10 of Hearts</item>
      <item value="0x0B">Jack of Hearts</item>
      <item value="0x0C">Queen of Hearts</item>
      <item value="0x0D">King of Hearts</item>
      <item value="0x0E">Ace of Hearts</item>
      <item value="0x12">2 of Diamonds</item>
      <item value="0x13">3 of Diamonds</item>
      <item value="0x14">4 of Diamonds</item>
      <item value="0x15">5 of Diamonds</item>
      <item value="0x16">6 of Diamonds</item>
      <item value="0x17">7 of Diamonds</item>
      <item value="0x18">8 of Diamonds</item>
      <item value="0x19">9 of Diamonds</item>
      <item value="0x1A">10 of Diamonds</item>
      <item value="0x1B">Jack of Diamonds</item>
      <item value="0x1C">Queen of Diamonds</item>
      <item value="0x1D">King of Diamonds</item>
      <item value="0x1E">Ace of Diamonds</item>
      <item value="0x22">2 of Clubs</item>
      <item value="0x23">3 of Clubs</item>
      <item value="0x24">4 of Clubs</item>
      <item value="0x25">5 of Clubs</item>
      <item value="0x26">6 of Clubs</item>
      <item value="0x27">7 of Clubs</item>
      <item value="0x28">8 of Clubs</item>
      <item value="0x29">9 of Clubs</item>
      <item value="0x2A">10 of Clubs</item>
      <item value="0x2B">Jack of Clubs</item>
      <item value="0x2C">Queen of Clubs</item>
      <item value="0x2D">King of Clubs</item>
      <item value="0x2E">Ace of Clubs</item>
      <item value="0x32">2 of Spades</item>
      <item value="0x33">3 of Spades</item>
      <item value="0x34">4 of Spades</item>
      <item value="0x35">5 of Spades</item>
      <item value="0x36">6 of Spades</item>
      <item value="0x37">7 of Spades</item>
      <item value="0x38">8 of Spades</item>
      <item value="0x39">9 of Spades</item>
      <item value="0x3A">10 of Spades</item>
      <item value="0x3B">Jack of Spades</item>
      <item value="0x3C">Queen of Spades</item>
      <item value="0x3D">King of Spades</item>
      <item value="0x3E">Ace of Spades</item>
      <item value="0x4F">Joker</item>
    </parameter>
    <script state="change">
      <action>maincpu.pb@4D78=param</action>
    </script>
  </cheat>

  <cheat desc="P1 Infinite Max. Points">
    <script state="run">
      <action>maincpu.pd@4C2C=99999999</action>
    </script>
  </cheat>

</mamecheat>
<!-- Cheat file downloaded from http://www.mamecheat.co.uk, see cheat.txt for list of contributors. -->
