<mamecheat version="1">

  <cheat desc="코인 무제한">
    <script state="run">
      <action>maincpu.pb@80075=09</action>
    </script>
  </cheat>

  <cheat desc="무적">
    <script state="on">
      <action>temp0 =maincpu.mb@07FC6</action>
      <action>temp1 =maincpu.mw@08022</action>
    </script>
    <script state="run">
      <action>maincpu.mb@07FC6=60</action>
      <action>maincpu.mw@08022=6088</action>
    </script>
    <script state="off">
      <action>maincpu.mb@07FC6=temp0 </action>
      <action>maincpu.mw@08022=temp1 </action>
    </script>
  </cheat>

  <cheat desc=" "/>

  <cheat desc="P1 생명 무제한">
    <script state="run">
      <action>maincpu.pb@80255=0A</action>
    </script>
  </cheat>

  <cheat desc="P1 Maximum Fire Power">
    <script state="run">
      <action>maincpu.pb@80267=04</action>
    </script>
  </cheat>

  <cheat desc="P1 Always Wave Weapon">
    <script state="run">
      <action>maincpu.pb@8026B=00</action>
    </script>
  </cheat>

  <cheat desc="P1 Always Hurricane Weapon">
    <script state="run">
      <action>maincpu.pb@8026B=01</action>
    </script>
  </cheat>

  <cheat desc="P1 Get Wave Weapon Now!">
    <script state="on">
      <action>maincpu.pb@8026B=00</action>
    </script>
  </cheat>

  <cheat desc="P1 Get Hurricane Weapon Now!">
    <script state="on">
      <action>maincpu.pb@8026B=01</action>
    </script>
  </cheat>

  <cheat desc="P1 총알 속도 빠르게"> <comment>This cheat has a problem with energy charging</comment>
    <script state="run">
      <action>maincpu.pb@80227=00|(maincpu.pb@80227 BAND ~10)</action>
    </script>
  </cheat>

  <cheat desc="P1 Lock Energy Charge">
    <script state="run">
      <action>maincpu.pw@80262=0000</action>
    </script>
  </cheat>

  <cheat desc="P1 Always Shoot Charge Shot"> <comment>Shoot charge shot automatically without pressing a fire button</comment>
    <script state="run">
      <action>maincpu.pb@80269=01</action>
    </script>
  </cheat>

  <cheat desc=" "/>

  <cheat desc="P2 생명 무제한">
    <script state="run">
      <action>maincpu.pb@80277=0A</action>
    </script>
  </cheat>

  <cheat desc="P2 Maximum Fire Power">
    <script state="run">
      <action>maincpu.pb@80289=04</action>
    </script>
  </cheat>

  <cheat desc="P2 Always Wave Weapon">
    <script state="run">
      <action>maincpu.pb@8028D=00</action>
    </script>
  </cheat>

  <cheat desc="P2 Always Hurricane Weapon">
    <script state="run">
      <action>maincpu.pb@8028D=01</action>
    </script>
  </cheat>

  <cheat desc="P2 Get Wave Weapon Now!">
    <script state="on">
      <action>maincpu.pb@8028D=00</action>
    </script>
  </cheat>

  <cheat desc="P2 Get Hurricane Weapon Now!">
    <script state="on">
      <action>maincpu.pb@8028D=01</action>
    </script>
  </cheat>

  <cheat desc="P2 총알 속도 빠르게"> <comment>This cheat has a problem with energy charging</comment>
    <script state="run">
      <action>maincpu.pb@80226=00|(maincpu.pb@80226 BAND ~10)</action>
    </script>
  </cheat>

  <cheat desc="P2 Lock Energy Charge">
    <script state="run">
      <action>maincpu.pw@80284=0000</action>
    </script>
  </cheat>

  <cheat desc="P2 Always Shoot Charge Shot"> <comment>Shoot charge shot automatically without pressing a fire button</comment>
    <script state="run">
      <action>maincpu.pb@8028B=01</action>
    </script>
  </cheat>

</mamecheat>
<!-- Cheat file downloaded from http://www.mamecheat.co.uk, see cheat.txt for list of contributors. -->
