<mamecheat version="1">

  <cheat desc="코인 무제한">
    <script state="run">
      <action>maincpu.pb@FF1009=63</action>
    </script>
  </cheat>

  <cheat desc="시간 무제한">
    <script state="run">
      <action>maincpu.pb@FF10DF=63</action>
    </script>
  </cheat>

  <cheat desc="Select Starting Scene">
    <parameter>
      <item value="0x00">Scene 1</item>
      <item value="0x01">Scene 2</item>
      <item value="0x02">Scene 3</item>
      <item value="0x03">Scene 4</item>
      <item value="0x04">Scene 5</item>
      <item value="0x05">Scene 6</item>
      <item value="0x06">Scene 7</item>
      <item value="0x07">Scene 8</item>
      <item value="0x08">Scene 9</item>
    </parameter>
    <script state="run">
      <action condition="maincpu.pb@FF1037==00">maincpu.pb@FF1037=param</action>
    </script>
  </cheat>

  <cheat desc="Finish this Scene Now!">
    <script state="on">
      <action>maincpu.pb@FF10DB=00</action>
      <action>maincpu.pb@FF10E3=00</action>
    </script>
  </cheat>

  <cheat desc="Get 99 BRICKS Bonus Now!">
    <script state="on">
      <action>maincpu.pb@FF1067=63</action>
    </script>
  </cheat>

  <cheat desc="Get 99 SECRETS Bonus Now!">
    <script state="on">
      <action>maincpu.pb@FF1069=63</action>
    </script>
  </cheat>

  <cheat desc="Use Super Freezer Power Now!">
    <script state="on">
      <action>maincpu.pb@FF10E5=09</action>
      <action>maincpu.pb@FF6A64=6E</action>
      <action>maincpu.pb@FF6A65=FB</action>
      <action>maincpu.pb@FF6A61=64</action>
    </script>
  </cheat>

  <cheat desc=" "/>

  <cheat desc="P1 생명 무제한">
    <script state="run">
      <action>maincpu.pb@FF1061=07</action>
    </script>
  </cheat>

  <cheat desc="P1 무적">
    <script state="run">
      <action>maincpu.pb@FF1063=01</action>
    </script>
  </cheat>

  <cheat desc=" "/>

  <cheat desc="P2 생명 무제한">
    <script state="run">
      <action>maincpu.pb@FF10B9=07</action>
    </script>
  </cheat>

  <cheat desc="P2 무적">
    <script state="run">
      <action>maincpu.pb@FF10BB=01</action>
    </script>
  </cheat>

</mamecheat>
<!-- Cheat file downloaded from http://www.mamecheat.co.uk, see cheat.txt for list of contributors. -->
