<mamecheat version="1">

  <cheat desc="코인 무제한">
    <script state="run">
      <action>maincpu.pb@4002=63</action>
    </script>
  </cheat>

  <cheat desc="생명 무제한 (Single)">
    <script state="run">
      <action>maincpu.pb@4108=07</action>
    </script>
  </cheat>

  <cheat desc="무적">
    <script state="on">
      <action>temp0 =maincpu.mb@CE07</action>
      <action>temp1 =maincpu.mb@CE61</action>
      <action>temp2 =maincpu.mb@D796</action>
      <action>temp3 =maincpu.mb@D7DC</action>
    </script>
    <script state="run">
      <action>maincpu.mb@CE07=C9</action>
      <action>maincpu.mb@CE61=C9</action> <!-- 1st = Enemy, 2nd = Rocket -->
      <action>maincpu.mb@D796=C9</action> <!-- Radiation Tower -->
      <action>maincpu.mb@D7DC=C9</action> <!-- Fire (Radiation Tower) -->
    </script>
    <script state="off">
      <action>maincpu.mb@CE07=temp0 </action>
      <action>maincpu.mb@CE61=temp1 </action>
      <action>maincpu.mb@D796=temp2 </action>
      <action>maincpu.mb@D7DC=temp3 </action>
    </script>
  </cheat>

  <cheat desc="Infinite Hyper Jump Power"> <comment>Turn it OFF at the end of the Phase</comment>
    <script state="run">
      <action>maincpu.pw@4104=5F08</action>
    </script>
  </cheat>

  <cheat desc="총알 속도 빠르게"> <comment>Turn it OFF on name entry screen</comment>
    <script state="run">
      <action>maincpu.pb@4010=00|(maincpu.pb@4010 BAND ~08)</action>
    </script>
  </cheat>

  <cheat desc="Auto Fire">
    <script state="run">
      <action>maincpu.pb@439B=02</action>
    </script>
  </cheat>

  <cheat desc=" "/>

  <cheat desc="P1 생명 무제한 (Dual)">
    <script state="run">
      <action>maincpu.pb@4148=07</action>
    </script>
  </cheat>

  <cheat desc="P2 생명 무제한 (Dual)">
    <script state="run">
      <action>maincpu.pb@4188=07</action>
    </script>
  </cheat>

</mamecheat>
<!-- Cheat file downloaded from http://www.mamecheat.co.uk, see cheat.txt for list of contributors. -->
