<mamecheat version="1">

  <cheat desc="코인 무제한">
    <script state="run">
      <action>maincpu.pd@FF8B94=00090009</action> <!-- Second word is for player 2 when 'Coin Slot' Dip Switch set to 'Individual' -->
    </script>
  </cheat>

  <cheat desc=" "/>
  <cheat desc="Don't enable cheats for inactive players or you"/>
  <cheat desc="won't be able to complete any stages!"/>
  <cheat desc=" "/>

  <cheat desc="P1 생명 무제한">
    <script state="run">
      <action>maincpu.pb@FF60DD=0A</action>
    </script>
  </cheat>

  <cheat desc="P1 무적"> <comment>Disable this cheat before starting the next stage!</comment>
    <script state="run">
      <action>maincpu.pb@FF06C0=10|(maincpu.pb@FF06C0 BAND ~10)</action>
    </script>
  </cheat>

  <cheat desc="P1 Infinite Smart Bombs">
    <script state="run">
      <action>maincpu.pb@FF60DF=06</action>
    </script>
  </cheat>

  <cheat desc="P1 Select Fire Power">
    <parameter>
      <item value="0x03">P1 Maximum Fire Power</item>
      <item value="0x07">P1 Absurd Fire Power</item>
    </parameter>
    <script state="run">
      <action>maincpu.pb@FF60E1=param</action>
    </script>
  </cheat>

  <cheat desc="P1 총알 속도 빠르게">
    <script state="run">
      <action>maincpu.pb@FF60EF=00</action>
    </script>
  </cheat>

  <cheat desc="P1 Longer Fire Streams">
    <script state="run">
      <action>maincpu.pw@FF60ED=0000</action>
    </script>
  </cheat>

  <cheat desc=" "/>

  <cheat desc="P2 생명 무제한">
    <script state="run">
      <action>maincpu.pb@FF61DD=0A</action>
    </script>
  </cheat>

  <cheat desc="P2 무적"> <comment>Disable this cheat before starting the next stage!</comment>
    <script state="run">
      <action>maincpu.pb@FF0720=10|(maincpu.pb@FF0720 BAND ~10)</action>
    </script>
  </cheat>

  <cheat desc="P2 Infinite Smart Bombs">
    <script state="run">
      <action>maincpu.pb@FF61DF=06</action>
    </script>
  </cheat>

  <cheat desc="P2 Select Fire Power">
    <parameter>
      <item value="0x03">P2 Maximum Fire Power</item>
      <item value="0x07">P2 Absurd Fire Power</item>
    </parameter>
    <script state="run">
      <action>maincpu.pb@FF61E1=param</action>
    </script>
  </cheat>

  <cheat desc="P2 총알 속도 빠르게">
    <script state="run">
      <action>maincpu.pb@FF61EF=00</action>
    </script>
  </cheat>

  <cheat desc="P2 Longer Fire Streams">
    <script state="run">
      <action>maincpu.pw@FF61ED=0000</action>
    </script>
  </cheat>

</mamecheat>
<!-- Cheat file downloaded from http://www.mamecheat.co.uk, see cheat.txt for list of contributors. -->
