<mamecheat version="1">

  <cheat desc="코인 무제한">
    <script state="run">
      <action>maincpu.pb@000AF5C0=63</action>
    </script>
  </cheat>

  <cheat desc="시작 스테이지 선택"> <comment>Enable on the character selection screen</comment>
    <parameter min="1" max="7" step="1"/>
    <script state="on">
      <action>maincpu.pb@000AF414=FF</action>
    </script>
    <script state="change">
      <action>maincpu.pb@000AF414=(param-1)</action>
    </script>
  </cheat>

  <cheat desc="Select Starting Scene"> <comment>Enable on the character selection screen</comment>
    <parameter>
      <item value="0x00">Kyoto</item>
      <item value="0x01">Mato Grosso</item>
      <item value="0x02">Paris</item>
      <item value="0x03">The Alps</item>
      <item value="0x04">The Ural Mountains</item>
      <item value="0x05">New York</item>
      <item value="0x06">Aegean Sea</item>
      <item value="0x07">The Panama Canal</item>
      <item value="0x08">The Red Square</item>
      <item value="0x09">Another Dimention</item>
      <item value="0x0A">Fight in Orbit</item>
      <item value="0x0B">Mars</item>
    </parameter>
    <script state="on">
      <action>maincpu.pb@000AF644=FF</action>
    </script>
    <script state="change">
      <action>maincpu.pb@000AF644=param</action>
    </script>
  </cheat>

  <cheat desc="적 방어 무력화 ">
    <script state="run">
      <action>maincpu.pd@00044C5C=00000005</action> <!-- This Program Code cheat was made by nolberto82 -->
    </script>
  </cheat>

  <cheat desc=" "/>

  <cheat desc="P1 생명 무제한">
    <script state="run">
      <action>maincpu.pb@1F80003C=05</action>
    </script>
  </cheat>

  <cheat desc="P1 폭탄 무제한">
    <script state="run">
      <action>maincpu.pw@1F800061=0606</action>
    </script>
  </cheat>

  <cheat desc="P1 무적"> <comment>See the Debug Menu in the Test Mode to enable an alternate 무적 cheat</comment>
    <script state="run">
      <action>maincpu.pb@1F800066=01</action>
    </script>
    <script state="off">
      <action>maincpu.pb@1F800066=00</action>
    </script>
  </cheat>

  <cheat desc="P1 Always have 총알 파워 최대">  <!-- Maximum Shot Power, 02 for Captain Silver, Volk the 'No Dead', Angela, Kowful the Viking. 03 or Mecha-keaton, Hien, Mao-mao, T.B.A-10, Whity, Lord River N.White. 04 for Chaika+Pooshika, Ellen+Cincia -->
    <script state="run">
      <action>maincpu.pb@1F800052=(maincpu.pb@1F800051)</action>
    </script>
  </cheat>

  <cheat desc="P1 총알 속도 빠르게"> <comment>Can't charge. Turn it OFF on the name entry screen</comment>
    <script state="run">
      <action>maincpu.pb@000F6DD6=00|(maincpu.pb@000F6DD6 BAND ~80)</action>
    </script>
  </cheat>

  <cheat desc="P1 Always Fast Shot Speed">
    <script state="on">
      <action>temp0 =maincpu.pb@1F80005C</action>
      <action>temp1 =maincpu.pb@1F800063</action>
    </script>
    <script state="run">
      <action>maincpu.pb@1F80005C=00</action>
      <action>maincpu.pb@1F800063=50</action>
    </script>
    <script state="off">
      <action>maincpu.pb@1F80005C=temp0 </action>
      <action>maincpu.pb@1F800063=temp1 </action>
    </script>
  </cheat>

  <cheat desc="P1 Always Fast Speed">
    <script state="on">
      <action>temp0 =maincpu.pw@1F800024</action>
    </script>
    <script state="run">
      <action>maincpu.pw@1F800024=410C</action>
    </script>
    <script state="off">
      <action>maincpu.pw@1F800024=temp0 </action>
    </script>
  </cheat>

  <cheat desc=" "/>

  <cheat desc="P2 생명 무제한">
    <script state="run">
      <action>maincpu.pb@1F8000A8=05</action>
    </script>
  </cheat>

  <cheat desc="P2 폭탄 무제한">
    <script state="run">
      <action>maincpu.pw@1F8000CD=0606</action>
    </script>
  </cheat>

  <cheat desc="P2 무적"> <comment>See the Debug Menu in the Test Mode to enable an alternate 무적 cheat</comment>
    <script state="run">
      <action>maincpu.pb@1F8000D2=01</action>
    </script>
    <script state="off">
      <action>maincpu.pb@1F8000D2=00</action>
    </script>
  </cheat>

  <cheat desc="P2 Always have 총알 파워 최대">  <!-- Maximum Shot Power, 02 for Captain Silver, Volk the 'No Dead', Angela, Kowful the Viking. 03 or Mecha-keaton, Hien, Mao-mao, T.B.A-10, Whity, Lord River N.White. 04 for Chaika+Pooshika, Ellen+Cincia -->
    <script state="run">
      <action>maincpu.pb@1F8000BE=(maincpu.pb@1F8000BD)</action>
    </script>
  </cheat>

  <cheat desc="P2 총알 속도 빠르게"> <comment>Can't charge. Turn it OFF on the name entry screen</comment>
    <script state="run">
      <action>maincpu.pb@000F6DE6=00|(maincpu.pb@000F6DE6 BAND ~80)</action>
    </script>
  </cheat>

  <cheat desc="P2 Always Fast Shot Speed">
    <script state="on">
      <action>temp0 =maincpu.pb@1F8000C8</action>
      <action>temp1 =maincpu.pb@1F8000CF</action>
    </script>
    <script state="run">
      <action>maincpu.pb@1F8000C8=00</action>
      <action>maincpu.pb@1F8000CF=50</action>
    </script>
    <script state="off">
      <action>maincpu.pb@1F8000C8=temp0 </action>
      <action>maincpu.pb@1F8000CF=temp1 </action>
    </script>
  </cheat>

  <cheat desc="P2 Always Fast Speed">
    <script state="on">
      <action>temp0 =maincpu.pw@1F800090</action>
    </script>
    <script state="run">
      <action>maincpu.pw@1F800090=410C</action>
    </script>
    <script state="off">
      <action>maincpu.pw@1F800090=temp0 </action>
    </script>
  </cheat>

</mamecheat>
<!-- Cheat file downloaded from http://www.mamecheat.co.uk, see cheat.txt for list of contributors. -->
