<mamecheat version="1">

  <cheat desc="코인 무제한">
    <script state="run">
      <action>maincpu.pb@01AC=99</action>
    </script>
  </cheat>

  <cheat desc="무적"> <comment>You die though when you fall into the sea if in robot mode</comment>
    <script state="on">
      <action>temp0 =maincpu.mb@B2F8</action>
      <action>temp1 =maincpu.md@CD98</action>
      <action>temp2 =maincpu.mb@D0B2</action>
    </script>
    <script state="run">
      <action>maincpu.mb@B2F8=39</action>
      <action>maincpu.md@CD98=16018800|(maincpu.md@CD98 BAND ~FFFFFF00)</action> <!-- 1st = Object, 2nd = Scenery (Ground in the fighter mode) -->
      <action>maincpu.mb@D0B2=20</action> <!-- 3rd = Scenery (Sea in the fighter mode) -->
    </script>
    <script state="off">
      <action>maincpu.mb@B2F8=temp0 </action>
      <action>maincpu.md@CD98=temp1 </action>
      <action>maincpu.mb@D0B2=temp2 </action>
    </script>
  </cheat>

  <cheat desc="총알 속도 빠르게"> <comment>Can't fire the super shot, which is needed to break bosses. So it's better to turn 총알 속도 빠르게 OFF in the boss area.</comment>
    <script state="run">
      <action>maincpu.pb@003A=00</action>
    </script>
  </cheat>

  <cheat desc=" "/>

  <cheat desc="P1 생명 무제한">
    <script state="run">
      <action>maincpu.pb@0224=05</action>
    </script>
  </cheat>

  <cheat desc="P2 생명 무제한">
    <script state="run">
      <action>maincpu.pb@0225=05</action>
    </script>
  </cheat>

</mamecheat>
<!-- Cheat file downloaded from http://www.mamecheat.co.uk, see cheat.txt for list of contributors. -->
