<mamecheat version="1">

  <cheat desc="코인 무제한">
    <script state="run">
      <action>maincpu.pb@C70000=09</action>
    </script>
  </cheat>

  <cheat desc="연료 무제한">
    <script state="run">
      <action>maincpu.pw@C71034=0880</action>
    </script>
  </cheat>

  <cheat desc="무적">
    <script state="run">
      <action>maincpu.pb@FFC200=00|(maincpu.pb@FFC200 BAND ~80)</action>
    </script>
  </cheat>

  <cheat desc="항상  파워 최대 (Blue)">
    <script state="run">
      <action>maincpu.pb@C70234=01|(maincpu.pb@C70234 BAND ~01)</action>
    </script>
  </cheat>

  <cheat desc="항상  파워 최대 (Yellow)">
    <script state="run">
      <action>maincpu.pb@C70234=02|(maincpu.pb@C70234 BAND ~02)</action>
    </script>
  </cheat>

  <cheat desc="항상  파워 최대 (Green)">
    <script state="run">
      <action>maincpu.pb@C70234=04|(maincpu.pb@C70234 BAND ~04)</action>
    </script>
  </cheat>

  <cheat desc="Always Have All Maps">
    <script state="run">
      <action>maincpu.pb@C70144=FF</action>
    </script>
  </cheat>

  <cheat desc="속도 선택">
    <parameter min="0" max="15" step="1"/>
    <script state="run">
      <action>maincpu.pb@C7011A=(param)</action>
    </script>
  </cheat>

  <cheat desc="총알 속도 빠르게">
    <script state="run">
      <action>maincpu.pb@C701C0=00</action>
      <action>maincpu.pb@C70235=00</action>
    </script>
  </cheat>

  <cheat desc=" "/>

  <cheat desc="P1 생명 무제한">
    <script state="run">
      <action>maincpu.pb@C70066=19</action>
    </script>
  </cheat>

  <cheat desc="P2 생명 무제한">
    <script state="run">
      <action>maincpu.pb@C70067=19</action>
    </script>
  </cheat>

</mamecheat>
<!-- Cheat file downloaded from http://www.mamecheat.co.uk, see cheat.txt for list of contributors. -->
