<mamecheat version="1">

  <cheat desc="코인 무제한">
    <script state="run">
      <action>maincpu.pb@1001CD=09</action>
    </script>
  </cheat>

  <cheat desc=" "/>

  <cheat desc="P1 생명 무제한">
    <script state="run">
      <action>maincpu.pb@1002ED=07</action>
    </script>
  </cheat>

  <cheat desc="P1 폭탄 무제한">
    <script state="run">
      <action>maincpu.pb@100D73=05</action>
    </script>
  </cheat>

  <cheat desc="P1 무적">
    <script state="run">
      <action>maincpu.pb@100D71=01</action>
    </script>
  </cheat>

  <cheat desc="P1 Maximum Fire Power">
    <script state="run">
      <action>maincpu.pb@100D7C=1D</action>
    </script>
  </cheat>

  <cheat desc=" "/>

  <cheat desc="P2 생명 무제한">
    <script state="run">
      <action>maincpu.pb@1002EF=07</action>
    </script>
  </cheat>

  <cheat desc="P2 폭탄 무제한">
    <script state="run">
      <action>maincpu.pb@100E33=05</action>
    </script>
  </cheat>

  <cheat desc="P2 무적">
    <script state="run">
      <action>maincpu.pb@100E31=01</action>
    </script>
  </cheat>

  <cheat desc="P2 Maximum Fire Power">
    <script state="run">
      <action>maincpu.pb@100E3C=1D</action>
    </script>
  </cheat>

  <cheat desc=" "/>

  <cheat desc="지역 선택"> <comment>This cheat sets the machine region - the effectiveness may vary! You have to enable this ASAP - ON or before the ROM check screen! Or enable + RESET</comment>
    <parameter>
      <item value="0x00">Japan</item>
      <item value="0x01">USA</item>
      <item value="0x02">Euro</item>
      <item value="0x03">Hong Kong</item>
      <item value="0x04">Taiwan</item>
      <item value="0x05">Korea</item>
    </parameter>
    <script state="run">
      <action>maincpu.pb@1000DF=param</action>
    </script>
  </cheat>

  <cheat desc="Enable Level Select"> <comment>Level select will appear after inserting a coin and pressing start</comment>
    <script state="run">
      <action>maincpu.pw@100094=0001</action>
    </script>
    <script state="off">
      <action>maincpu.pw@100094=0000</action>
    </script>
  </cheat>

  <cheat desc="Enable 무적">
    <script state="run">
      <action>maincpu.pw@100092=0001</action>
    </script>
    <script state="off">
      <action>maincpu.pw@100092=0000</action>
    </script>
  </cheat>

  <cheat desc="Enable Pause"> <comment>Pause game with P2 Start, unpause with P1 Start</comment>
    <script state="run">
      <action>maincpu.pw@100090=0001</action>
    </script>
    <script state="off">
      <action>maincpu.pw@100090=0000</action>
    </script>
  </cheat>

  <cheat desc="Enable Reset"> <comment>Reset game by pressing P2 A+B+C (This appears to be BROKEN! Game resets, but then locks up)</comment>
    <script state="run">
      <action>maincpu.pw@10008E=0001</action>
    </script>
    <script state="off">
      <action>maincpu.pw@10008E=0000</action>
    </script>
  </cheat>

  <cheat desc="Enable Country/Region Select Menu"> <comment>While in the DIP-SW menu in Test Mode, highlight Factory Settings, hold P1 Right and press P1 Button 2</comment>
    <script state="run">
      <action>maincpu.pw@109722=0010</action>
    </script>
  </cheat>

</mamecheat>
<!-- Cheat file downloaded from http://www.mamecheat.co.uk, see cheat.txt for list of contributors. -->
