<mamecheat version="1">

  <cheat desc="코인 무제한">
    <script state="run">
      <action>maincpu.pb@1D402F=99</action>
    </script>
  </cheat>

  <cheat desc="P1 생명 무제한">
    <script state="run">
      <action>maincpu.pb@1D7003=03</action>
    </script>
  </cheat>

  <cheat desc="P2 생명 무제한">
    <script state="run">
      <action>maincpu.pb@1D7005=03</action>
    </script>
  </cheat>

  <cheat desc="시간 무제한 (VS Game Only)">
    <script state="run">
      <action>maincpu.pb@1D401F=99</action>
    </script>
  </cheat>

</mamecheat>
<!-- Cheat file downloaded from http://www.mamecheat.co.uk, see cheat.txt for list of contributors. -->
