<mamecheat version="1">

  <cheat desc="코인 무제한">
    <script state="run">
      <action>maincpu.pb@E0037=99</action>
    </script>
  </cheat>

  <cheat desc="시작 스테이지 선택"> <comment>Number in brackets represent Loop and Stage [8 Stages x 3 Loops (total 24 stages)]</comment>
    <parameter>
      <item value="0x0000">01 (1-1)</item>
      <item value="0x0001">02 (1-2)</item>
      <item value="0x0002">03 (1-3)</item>
      <item value="0x0003">04 (1-4)</item>
      <item value="0x0004">05 (1-5)</item>
      <item value="0x0005">06 (1-6)</item>
      <item value="0x0006">07 (1-7)</item>
      <item value="0x0007">08 (1-8)</item>
      <item value="0x0100">09 (2-1)</item>
      <item value="0x0101">10 (2-2)</item>
      <item value="0x0102">11 (2-3)</item>
      <item value="0x0103">12 (2-4)</item>
      <item value="0x0104">13 (2-5)</item>
      <item value="0x0105">14 (2-6)</item>
      <item value="0x0106">15 (2-7)</item>
      <item value="0x0107">16 (2-8)</item>
      <item value="0x0200">17 (3-1)</item>
      <item value="0x0201">18 (3-2)</item>
      <item value="0x0202">19 (3-3)</item>
      <item value="0x0203">20 (3-4)</item>
      <item value="0x0204">21 (3-5)</item>
      <item value="0x0205">22 (3-6)</item>
      <item value="0x0206">23 (3-7)</item>
      <item value="0x0207">24 (3-8)</item>
    </parameter>
    <script state="run">
      <action condition="(maincpu.pw@E31F9==0000)">maincpu.pw@E31F9=param</action>
    </script>
  </cheat>

  <cheat desc=" "/>

  <cheat desc="P1 생명 무제한">
    <script state="run">
      <action>maincpu.pb@E32FE= B</action>
    </script>
  </cheat>

  <cheat desc="P1 폭탄 무제한">
    <script state="run">
      <action>maincpu.pb@E3A22=0A</action>
    </script>
  </cheat>

  <cheat desc="P1 무적">
    <script state="run">
      <action>maincpu.pb@E3A20=20|(maincpu.pb@E3A20 BAND ~20)</action>
    </script>
    <script state="off">
      <action>maincpu.pb@E3A20=00|(maincpu.pb@E3A20 BAND ~20)</action>
    </script>
  </cheat>

  <cheat desc="P1 Always Maximum Shot Power">
    <script state="run">
      <action>maincpu.pb@E3A0A=0A</action>
    </script>
  </cheat>

  <cheat desc="P1 무기 선택">
    <parameter>
      <item value="0x00">Vulcan (Red)</item>
      <item value="0x02">Wave (Green)</item>
      <item value="0x04">Laser (Blue)</item>
      <item value="0x06">Missile (Yellow)</item>
    </parameter>
    <script state="run">
      <action>maincpu.pb@E3A08=param</action>
    </script>
  </cheat>

  <cheat desc="P1 Select Perm Missile">
    <parameter>
      <item value="0x0000">Missile</item>
      <item value="0x0200">Homing Missile</item>
    </parameter>
    <script state="run">
      <action>maincpu.pw@E3A16=param, maincpu.pb@E3A1C=0A</action>
    </script>
  </cheat>

  <cheat desc="P1 Select 총알 속도 빠르게"> <comment>Turn if OFF on the name entry screen. The '총알 속도 빠르게 - Special' cheat can cause the game to crash so be warned!</comment>
    <parameter>
      <item value="0x01">총알 속도 빠르게</item>
      <item value="0x02">총알 속도 빠르게 - Special</item>
    </parameter>
    <script state="run">
      <action>maincpu.pb@E000A=00|(maincpu.pb@E000A BAND ~80)</action>
      <action condition="(param==02)">maincpu.pb@E3A0E=00</action> <!-- Shot -->
      <action condition="(param==02)">maincpu.pb@E3A1A=00</action> <!-- Missile -->
      <action condition="(param==02)">maincpu.pb@E3A1B=00</action> <!-- Homing Missile -->
    </script>
  </cheat>

  <cheat desc=" "/>

  <cheat desc="P2 생명 무제한">
    <script state="run">
      <action>maincpu.pb@E32FF= B</action>
    </script>
  </cheat>

  <cheat desc="P2 폭탄 무제한">
    <script state="run">
      <action>maincpu.pb@E3AA2=0A</action>
    </script>
  </cheat>

  <cheat desc="P2 무적">
    <script state="run">
      <action>maincpu.pb@E3AA0=20|(maincpu.pb@E3AA0 BAND ~20)</action>
    </script>
    <script state="off">
      <action>maincpu.pb@E3AA0=00|(maincpu.pb@E3AA0 BAND ~20)</action>
    </script>
  </cheat>

  <cheat desc="P2 Always Maximum Shot Power">
    <script state="run">
      <action>maincpu.pb@E3A8A=0A</action>
    </script>
  </cheat>

  <cheat desc="P2 무기 선택">
    <parameter>
      <item value="0x00">Vulcan (Red)</item>
      <item value="0x02">Wave (Green)</item>
      <item value="0x04">Laser (Blue)</item>
      <item value="0x06">Missile (Yellow)</item>
    </parameter>
    <script state="run">
      <action>maincpu.pb@E3A88=param</action>
    </script>
  </cheat>

  <cheat desc="P2 Select Perm Missile">
    <parameter>
      <item value="0x0000">Missile</item>
      <item value="0x0200">Homing Missile</item>
    </parameter>
    <script state="run">
      <action>maincpu.pw@E3A96=param, maincpu.pb@E3A9C=0A</action>
    </script>
  </cheat>

  <cheat desc="P2 Select 총알 속도 빠르게"> <comment>Turn if OFF on the name entry screen. The '총알 속도 빠르게 - Special' cheat can cause the game to crash so be warned!</comment>
    <parameter>
      <item value="0x01">총알 속도 빠르게</item>
      <item value="0x02">총알 속도 빠르게 - Special</item>
    </parameter>
    <script state="run">
      <action>maincpu.pb@E000B=00|(maincpu.pb@E000B BAND ~80)</action>
      <action condition="(param==02)">maincpu.pb@E3A8E=00</action> <!-- Shot -->
      <action condition="(param==02)">maincpu.pb@E3A9A=00</action> <!-- Missile -->
      <action condition="(param==02)">maincpu.pb@E3A9B=00</action> <!-- Homing Missile -->
    </script>
  </cheat>

</mamecheat>
<!-- Cheat file downloaded from http://www.mamecheat.co.uk, see cheat.txt for list of contributors. -->
