<mamecheat version="1">

  <cheat desc="코인 무제한">
    <script state="run">
      <action>maincpu.pb@B9003=63</action>
    </script>
  </cheat>

  <cheat desc="시작 스테이지 선택"> <comment>Set on the 'Push Start' screen after you've inserted a credit</comment>
    <parameter min="1" max="7" step="1"/>
    <script state="on">
      <action>maincpu.pb@B9021=FF</action>
    </script>
    <script state="change">
      <action>maincpu.pb@B9021=(param-1)</action>
    </script>
  </cheat>

  <cheat desc=" "/>

  <cheat desc="P1 생명 무제한">
    <script state="run">
      <action>maincpu.pb@B7A29=06</action>
    </script>
  </cheat>

  <cheat desc="P1 무적">
    <script state="run">
      <action>maincpu.pb@B7A2D=02</action>
    </script>
  </cheat>

  <cheat desc="P1 폭탄 무제한">
    <script state="run">
      <action>maincpu.pb@B7A2F=08</action>
    </script>
  </cheat>

  <cheat desc="P1 Always Maximum Shot Power">
    <script state="run">
      <action>maincpu.pb@B7A56=00</action>
      <action>maincpu.pb@B7A7F=07</action>
    </script>
  </cheat>

  <cheat desc="P1 무기 선택">
    <parameter>
      <item value="0x00">Vulcan</item>
      <item value="0x01">Fire</item>
      <item value="0x02">Multi-Way</item>
      <item value="0x03">Missile</item>
    </parameter>
    <script state="run">
      <action>maincpu.pb@B7A57=param</action>
    </script>
  </cheat>

  <cheat desc="P1 총알 속도 빠르게">
    <script state="run">
      <action>maincpu.pb@B7A1D=00</action>
      <action>maincpu.pb@B7A7B=00</action>
    </script>
  </cheat>

  <cheat desc=" "/>

  <cheat desc="P2 생명 무제한">
    <script state="run">
      <action>maincpu.pb@B7B29=06</action>
    </script>
  </cheat>

  <cheat desc="P2 무적">
    <script state="run">
      <action>maincpu.pb@B7B2D=02</action>
    </script>
  </cheat>

  <cheat desc="P2 폭탄 무제한">
    <script state="run">
      <action>maincpu.pb@B7B2F=08</action>
    </script>
  </cheat>

  <cheat desc="P2 Always Maximum Shot Power">
    <script state="run">
      <action>maincpu.pb@B7B56=00</action>
      <action>maincpu.pb@B7B7F=07</action>
    </script>
  </cheat>

  <cheat desc="P2 무기 선택">
    <parameter>
      <item value="0x00">Vulcan</item>
      <item value="0x01">Fire</item>
      <item value="0x02">Multi-Way</item>
      <item value="0x03">Missile</item>
    </parameter>
    <script state="run">
      <action>maincpu.pb@B7B57=param</action>
    </script>
  </cheat>

  <cheat desc="P2 총알 속도 빠르게">
    <script state="run">
      <action>maincpu.pb@B7B1D=00</action>
      <action>maincpu.pb@B7B7B=00</action>
    </script>
  </cheat>

</mamecheat>
<!-- Cheat file downloaded from http://www.mamecheat.co.uk, see cheat.txt for list of contributors. -->
