<mamecheat version="1">

  <cheat desc="코인 무제한">
    <script state="run">
      <action>maincpu.pb@E005B5=09</action>
    </script>
  </cheat>

  <cheat desc="시간 무제한">
    <script state="run">
      <action>maincpu.pw@E00F12=1770</action>
    </script>
  </cheat>

  <cheat desc="미사일 무제한">
    <script state="run">
      <action>maincpu.pb@E00F23=63</action>
    </script>
  </cheat>

  <cheat desc="Infinite Gun">
    <script state="run">
      <action>maincpu.pd@E00F24=0001869F</action>
    </script>
  </cheat>

</mamecheat>
<!-- Cheat file downloaded from http://www.mamecheat.co.uk, see cheat.txt for list of contributors. -->
