<mamecheat version="1">

  <cheat desc="코인 무제한">
    <script state="run">
      <action>maincpu.pb@10012F=09</action>
    </script>
  </cheat>

  <cheat desc="시간 무제한">
    <script state="run">
      <action>maincpu.pw@10045A=0E10</action>
    </script>
  </cheat>

  <cheat desc="Infinite Guns">
    <script state="run">
      <action>maincpu.pw@10046A=270F</action>
    </script>
  </cheat>

  <cheat desc="미사일 무제한">
    <script state="run">
      <action>maincpu.pw@100468=0063</action>
    </script>
  </cheat>

</mamecheat>
<!-- Cheat file downloaded from http://www.mamecheat.co.uk, see cheat.txt for list of contributors. -->
