<mamecheat version="1">

  <cheat desc="코인 무제한">
    <script state="run">
      <action>maincpu.pb@A3EFE=63</action>
    </script>
  </cheat>

  <cheat desc=" "/>

  <cheat desc="P1 생명 무제한">
    <script state="run">
      <action>maincpu.pb@A2391=09</action>
    </script>
  </cheat>

  <cheat desc="P1 폭탄 무제한">
    <script state="run">
      <action>maincpu.pb@A23A2=19</action>
    </script>
  </cheat>

  <cheat desc="P1 무적">
    <parameter>
      <item value="0x02">Enabled</item>
      <item value="0x00">Disabled</item>
    </parameter>
    <script state="run">
      <action>maincpu.pb@A2374=param|(maincpu.pb@A2374 BAND ~02)</action>
    </script>
  </cheat>

  <cheat desc="P1 총알 속도 빠르게 - Normal"> <comment>Turn it OFF on the name entry screen</comment>
    <script state="run">
      <action>maincpu.pb@A2334=00|(maincpu.pb@A2334 BAND ~80)</action>
    </script>
  </cheat>

  <cheat desc="P1 총알 속도 빠르게 - Special"> <comment>Turn it OFF on the name entry screen</comment>
    <script state="run">
      <action>maincpu.pb@A2334=00|(maincpu.pb@A2334 BAND ~80)</action>
      <action>maincpu.pb@A2398=00</action>
    </script>
  </cheat>

  <cheat desc=" "/>

  <cheat desc="P2 생명 무제한">
    <script state="run">
      <action>maincpu.pb@A23E5=09</action>
    </script>
  </cheat>

  <cheat desc="P2 폭탄 무제한">
    <script state="run">
      <action>maincpu.pb@A23F6=19</action>
    </script>
  </cheat>

  <cheat desc="P2 무적">
    <parameter>
      <item value="0x02">Enabled</item>
      <item value="0x00">Disabled</item>
    </parameter>
    <script state="run">
      <action>maincpu.pb@A23C8=param|(maincpu.pb@A23C8 BAND ~02)</action>
    </script>
  </cheat>

  <cheat desc="P2 총알 속도 빠르게 - Normal"> <comment>Turn it OFF on the name entry screen</comment>
    <script state="run">
      <action>maincpu.pb@A2335=00|(maincpu.pb@A2335 BAND ~80)</action>
    </script>
  </cheat>

  <cheat desc="P2 총알 속도 빠르게 - Special"> <comment>Turn it OFF on the name entry screen</comment>
    <script state="run">
      <action>maincpu.pb@A2335=00|(maincpu.pb@A2335 BAND ~80)</action>
      <action>maincpu.pb@A23EC=00</action>
    </script>
  </cheat>

</mamecheat>
<!-- Cheat file downloaded from http://www.mamecheat.co.uk, see cheat.txt for list of contributors. -->
