<mamecheat version="1">

  <cheat desc="코인 무제한">
    <script state="run">
      <action>maincpu.pb@E001=63</action>
    </script>
  </cheat>

  <cheat desc="무적"> <comment>See the Dip Switch Menu to enable an alternate 무적 cheat.</comment>
    <script state="on">
      <action>temp0 =maincpu.mb@2540</action>
    </script>
    <script state="run">
      <action>maincpu.mb@2540=00</action>
    </script>
    <script state="off">
      <action>maincpu.mb@2540=temp0 </action>
    </script>
  </cheat>

  <cheat desc="총알 속도 빠르게"> <comment>Use during playing the game. DO NOT set before starting the game (Take Off screen etc) to prevent the game from crashing</comment>
    <script state="run">
      <action>maincpu.pb@F418=00|(maincpu.pb@F418 BAND ~04)</action>
    </script>
  </cheat>

  <cheat desc=" "/>

  <cheat desc="P1 생명 무제한">
    <script state="run">
      <action>maincpu.pb@E0C6=11</action>
    </script>
  </cheat>

  <cheat desc="P2 생명 무제한">
    <script state="run">
      <action>maincpu.pb@E0E1=11</action>
    </script>
  </cheat>

</mamecheat>
<!-- Cheat file downloaded from http://www.mamecheat.co.uk, see cheat.txt for list of contributors. -->
