<mamecheat version="1">

  <cheat desc="코인 무제한">
    <script state="run">
      <action>maincpu.pb@FEE050A2=63</action>
    </script>
  </cheat>

  <cheat desc="Infinite Points">
    <script state="run">
      <action>maincpu.pd@FEE05402=00999999|(maincpu.pd@FEE05402 BAND ~00FFFFFF)</action>
    </script>
  </cheat>

  <cheat desc="Infinite Thinking Time">
    <script state="run">
      <action>maincpu.pb@FEE053BC=00</action>
    </script>
  </cheat>

  <cheat desc="Select Round">
    <parameter min="1" max="3" step="1"/>
    <script state="run">
      <action>maincpu.pb@FEE05764=(param-1)</action>
    </script>
  </cheat>

  <cheat desc="1 Win to finish this Round Now!">
    <script state="run">
      <action>maincpu.pb@FEE053E4=06</action>
    </script>
  </cheat>

  <cheat desc="Get winning hand Now!">
    <script state="on">
      <action>maincpu.pb@FEE054AE=30</action>
      <action>maincpu.pb@FEE054B0=30</action>
      <action>maincpu.pb@FEE054B2=30</action>
      <action>maincpu.pb@FEE054B4=31</action>
      <action>maincpu.pb@FEE054B6=31</action>
      <action>maincpu.pb@FEE054B8=31</action>
      <action>maincpu.pb@FEE054BA=32</action>
      <action>maincpu.pb@FEE054BC=32</action>
      <action>maincpu.pb@FEE054BE=32</action>
      <action>maincpu.pb@FEE054C0=33</action>
      <action>maincpu.pb@FEE054C2=33</action>
      <action>maincpu.pb@FEE054C4=33</action>
      <action>maincpu.pb@FEE054C6=34</action>
      <action>maincpu.pb@FEE054C8=34</action>
    </script>
  </cheat>

  <cheat desc="Always winning hand">
    <script state="run">
      <action>maincpu.pb@FEE054AE=30</action>
      <action>maincpu.pb@FEE054B0=30</action>
      <action>maincpu.pb@FEE054B2=30</action>
      <action>maincpu.pb@FEE054B4=31</action>
      <action>maincpu.pb@FEE054B6=31</action>
      <action>maincpu.pb@FEE054B8=31</action>
      <action>maincpu.pb@FEE054BA=32</action>
      <action>maincpu.pb@FEE054BC=32</action>
      <action>maincpu.pb@FEE054BE=32</action>
      <action>maincpu.pb@FEE054C0=33</action>
      <action>maincpu.pb@FEE054C2=33</action>
      <action>maincpu.pb@FEE054C4=33</action>
      <action>maincpu.pb@FEE054C6=34</action>
      <action>maincpu.pb@FEE054C8=34</action>
    </script>
  </cheat>

</mamecheat>
<!-- Cheat file downloaded from http://www.mamecheat.co.uk, see cheat.txt for list of contributors. -->
