<mamecheat version="1">

  <cheat desc="코인 무제한">
    <script state="run">
      <action>maincpu.pb@40FFCB=09</action>
    </script>
  </cheat>

  <cheat desc="시작 라운드 선택">
    <parameter min="1" max="4" step="1"/>
    <script state="run">
      <action>maincpu.pb@4155AF=(param)</action>
    </script>
  </cheat>

  <cheat desc=" "/>

  <cheat desc="P1 생명 무제한">
    <script state="run">
      <action>maincpu.pb@410CDF=08</action>
    </script>
  </cheat>

  <cheat desc="P1 Always have Auto+Full Pow">
    <script state="run">
      <action>maincpu.pb@410CC9=3B</action>
    </script>
  </cheat>

  <cheat desc="P1 Get + Shoot Full Pow Now!"> <comment>Use this with an Activation Key for the best effect</comment>
    <script state="on">
      <action>maincpu.pb@410CC9=3B</action>
    </script>
  </cheat>

  <cheat desc="P1 무적">
    <script state="on">
      <action>temp0 =maincpu.pb@410C9C</action>
    </script>
    <script state="run">
      <action>maincpu.pb@410C9C=80</action>
    </script>
    <script state="off">
      <action>maincpu.pb@410C9C=temp0 </action>
    </script>
  </cheat>

  <cheat desc="P1 총알 속도 빠르게 - Normal"> <comment>Turn it OFF on the name entry screen</comment>
    <script state="run">
      <action>maincpu.pb@410CD7=10|(maincpu.pb@410CD7 BAND ~10)</action>
    </script>
  </cheat>

  <cheat desc="P1 총알 속도 빠르게 - Special"> <comment>Turn it OFF on the name entry screen</comment>
    <script state="run">
      <action>maincpu.pb@410CD7=10|(maincpu.pb@410CD7 BAND ~10)</action>
      <action>maincpu.pb@410CE1=00</action>
    </script>
  </cheat>

  <cheat desc="P1 Auto Charge Shot Fire - Nr">
    <script state="run">
      <action>maincpu.pb@410CC9=3B</action>
    </script>
  </cheat>

  <cheat desc="P1 Auto Charge Shot Fire - Sp">
    <script state="run">
      <action>maincpu.pb@410CC9=3B</action>
      <action>maincpu.pb@410CE1=00</action>
    </script>
  </cheat>

  <cheat desc=" "/>

  <cheat desc="P2 생명 무제한">
    <script state="run">
      <action>maincpu.pb@410D5F=08</action>
    </script>
  </cheat>

  <cheat desc="P2 Always have Auto+Full Pow">
    <script state="run">
      <action>maincpu.pb@410D49=3B</action>
    </script>
  </cheat>

  <cheat desc="P2 Get + Shoot Full Pow Now!"> <comment>Use this with an Activation Key for the best effect</comment>
    <script state="on">
      <action>maincpu.pb@410D49=3B</action>
    </script>
  </cheat>

  <cheat desc="P2 무적">
    <script state="on">
      <action>temp0 =maincpu.pb@410D1C</action>
    </script>
    <script state="run">
      <action>maincpu.pb@410D1C=80</action>
    </script>
    <script state="off">
      <action>maincpu.pb@410D1C=temp0 </action>
    </script>
  </cheat>

  <cheat desc="P2 총알 속도 빠르게 - Normal"> <comment>Turn it OFF on the name entry screen</comment>
    <script state="run">
      <action>maincpu.pb@410D57=10|(maincpu.pb@410D57 BAND ~10)</action>
    </script>
  </cheat>

  <cheat desc="P2 총알 속도 빠르게 - Special"> <comment>Turn it OFF on the name entry screen</comment>
    <script state="run">
      <action>maincpu.pb@410D57=10|(maincpu.pb@410D57 BAND ~10)</action>
      <action>maincpu.pb@410D61=00</action>
    </script>
  </cheat>

  <cheat desc="P2 Auto Charge Shot Fire - Nr">
    <script state="run">
      <action>maincpu.pb@410D49=3B</action>
    </script>
  </cheat>

  <cheat desc="P2 Auto Charge Shot Fire - Sp">
    <script state="run">
      <action>maincpu.pb@410D49=3B</action>
      <action>maincpu.pb@412D9F=00</action>
    </script>
  </cheat>

  <cheat desc=" "/>

  <cheat desc="지역 선택"> <comment>After you enable this cheat to see any effect you will have to reset the game (F3). Then you may have to turn the Test Mode ON (F2), wait,  then reset again (F3).</comment>
    <parameter>
      <item value="0x01">Japan</item>
      <item value="0x02">US</item>
      <item value="0x03">World</item>
    </parameter>
    <script state="on">
      <action>temp0 =maincpu.mb@07FFFF</action>
    </script>
    <script state="run">
      <action>maincpu.mb@07FFFF=param</action>
    </script>
    <script state="off">
      <action>maincpu.mb@07FFFF=temp0 </action>
    </script>
  </cheat>

</mamecheat>
<!-- Cheat file downloaded from http://www.mamecheat.co.uk, see cheat.txt for list of contributors. -->
