<mamecheat version="1">

  <cheat desc="코인 무제한">
    <script state="run">
      <action>maincpu.pb@FFF000=09</action>
    </script>
  </cheat>

  <cheat desc=" "/>

  <cheat desc="P1 시간 무제한">
    <script state="run">
      <action>maincpu.pb@FFEF57=5A</action>
    </script>
  </cheat>

  <cheat desc="P1 생명 무제한">
    <script state="run">
      <action>maincpu.pb@FFEF50=06</action>
    </script>
  </cheat>

  <cheat desc="P1 무적">
    <script state="run">
      <action>maincpu.pb@FFD84C=5D</action>
    </script>
  </cheat>

  <cheat desc="P1 Infinite 'Shot 1' Time">
    <script state="run">
      <action>maincpu.pb@FFEF61=58</action>
    </script>
  </cheat>

  <cheat desc="P1 Infinite 'Shot 2' Time">
    <script state="run">
      <action>maincpu.pb@FFEF63=58</action>
    </script>
  </cheat>

  <cheat desc="P1 Infinite 'Jump' Time">
    <script state="run">
      <action>maincpu.pb@FFEF65=58</action>
    </script>
  </cheat>

  <cheat desc="P1 Infinite 'Speed' Time">
    <script state="run">
      <action>maincpu.pb@FFEF67=58</action>
    </script>
  </cheat>

  <cheat desc="P1 Always have 'Shot 1'">
    <script state="run">
      <action>maincpu.pb@FFD840=02|(maincpu.pb@FFD840 BAND ~06)</action>
    </script>
  </cheat>

  <cheat desc="P1 Lose 'Shot 1' Now!">
    <script state="on">
      <action>maincpu.pb@FFD840=00|(maincpu.pb@FFD840 BAND ~02)</action>
    </script>
  </cheat>

  <cheat desc="P1 Always have 'Shot 2'">
    <script state="run">
      <action>maincpu.pb@FFD840=04|(maincpu.pb@FFD840 BAND ~06)</action>
    </script>
  </cheat>

  <cheat desc="P1 Lose 'Shot 2' Now!">
    <script state="on">
      <action>maincpu.pb@FFD840=00|(maincpu.pb@FFD840 BAND ~04)</action>
    </script>
  </cheat>

  <cheat desc="P1 Always have 'Jump'">
    <script state="run">
      <action>maincpu.pb@FFD840=08|(maincpu.pb@FFD840 BAND ~08)</action>
    </script>
  </cheat>

  <cheat desc="P1 Lose 'Jump' Now!">
    <script state="on">
      <action>maincpu.pb@FFD840=00|(maincpu.pb@FFD840 BAND ~08)</action>
    </script>
  </cheat>

  <cheat desc="P1 Always have 'Speed'">
    <script state="run">
      <action>maincpu.pb@FFD840=10|(maincpu.pb@FFD840 BAND ~10)</action>
    </script>
  </cheat>

  <cheat desc="P1 Lose 'Speed' Now!">
    <script state="on">
      <action>maincpu.pb@FFD840=00|(maincpu.pb@FFD840 BAND ~10)</action>
    </script>
  </cheat>

  <cheat desc=" "/>

  <cheat desc="P2 시간 무제한">
    <script state="run">
      <action>maincpu.pb@FFEFB7=5A</action>
    </script>
  </cheat>

  <cheat desc="P2 생명 무제한">
    <script state="run">
      <action>maincpu.pb@FFEFB0=06</action>
    </script>
  </cheat>

  <cheat desc="P2 무적">
    <script state="run">
      <action>maincpu.pb@FFDA2C=5D</action>
    </script>
  </cheat>

  <cheat desc="P2 Infinite 'Shot 1' Time">
    <script state="run">
      <action>maincpu.pb@FFEFC1=58</action>
    </script>
  </cheat>

  <cheat desc="P2 Infinite 'Shot 2' Time">
    <script state="run">
      <action>maincpu.pb@FFEFC3=58</action>
    </script>
  </cheat>

  <cheat desc="P2 Infinite 'Jump' Time">
    <script state="run">
      <action>maincpu.pb@FFEFC5=58</action>
    </script>
  </cheat>

  <cheat desc="P2 Infinite 'Speed' Time">
    <script state="run">
      <action>maincpu.pb@FFEFC7=58</action>
    </script>
  </cheat>

  <cheat desc="P2 Always have 'Shot 1'">
    <script state="run">
      <action>maincpu.pb@FFDA20=02|(maincpu.pb@FFDA20 BAND ~06)</action>
    </script>
  </cheat>

  <cheat desc="P2 Lose 'Shot 1' Now!">
    <script state="on">
      <action>maincpu.pb@FFDA20=00|(maincpu.pb@FFDA20 BAND ~02)</action>
    </script>
  </cheat>

  <cheat desc="P2 Always have 'Shot 2'">
    <script state="run">
      <action>maincpu.pb@FFDA20=04|(maincpu.pb@FFDA20 BAND ~06)</action>
    </script>
  </cheat>

  <cheat desc="P2 Lose 'Shot 2' Now!">
    <script state="on">
      <action>maincpu.pb@FFDA20=00|(maincpu.pb@FFDA20 BAND ~04)</action>
    </script>
  </cheat>

  <cheat desc="P2 Always have 'Jump'">
    <script state="run">
      <action>maincpu.pb@FFDA20=08|(maincpu.pb@FFDA20 BAND ~08)</action>
    </script>
  </cheat>

  <cheat desc="P2 Lose 'Jump' Now!">
    <script state="on">
      <action>maincpu.pb@FFDA20=00|(maincpu.pb@FFDA20 BAND ~08)</action>
    </script>
  </cheat>

  <cheat desc="P2 Always have 'Speed'">
    <script state="run">
      <action>maincpu.pb@FFDA20=10|(maincpu.pb@FFDA20 BAND ~10)</action>
    </script>
  </cheat>

  <cheat desc="P2 Lose 'Speed' Now!">
    <script state="on">
      <action>maincpu.pb@FFDA20=00|(maincpu.pb@FFDA20 BAND ~10)</action>
    </script>
  </cheat>

</mamecheat>
<!-- Cheat file downloaded from http://www.mamecheat.co.uk, see cheat.txt for list of contributors. -->
