<mamecheat version="1">

  <cheat desc="코인 무제한"> <comment>Insert a credit after enabling to activate</comment>
    <script state="run">
      <action>maincpu.pb@20C7BD=63</action>
    </script>
  </cheat>

  <cheat desc="시간 무제한">
    <script state="run">
      <action>maincpu.pb@200F31=64</action>
    </script>
  </cheat>

  <cheat desc="Finish this Round Now!"> <comment>Disable 시간 무제한 before activating this cheat</comment>
    <script state="on">
      <action>maincpu.pb@200F31=00</action>
    </script>
  </cheat>

  <cheat desc="적 방어 무력화  (Both Players)">
    <script state="on">
      <action>temp0 =maincpu.mw@00EFAA</action>
    </script>
    <script state="run">
      <action>maincpu.mw@00EFAA=6002</action> <!-- This ROM cheat was made by nolberto82 -->
    </script>
    <script state="off">
      <action>maincpu.mw@00EFAA=temp0 </action>
    </script>
  </cheat>

  <cheat desc=" "/>

  <cheat desc="P1 에너지 무제한"> <comment>Display may not be correct</comment>
    <script state="run">
      <action>maincpu.pb@200FC5=80</action>
      <action>maincpu.pd@208590=00318218</action> <!-- Fix the bar going off the screen -->
    </script>
  </cheat>

  <cheat desc="P1 Drain all Energy Now!"> <comment>Display won't be correct</comment>
    <script state="on">
      <action>maincpu.pb@200FC5=00</action>
    </script>
  </cheat>

  <cheat desc="P1 캐릭터 선택">
    <parameter>
      <item value="0x00">Nic-San a.k.a. Huang Fei Hong, Wong Fei Hung</item>
      <item value="0x01">Jean Paul (Ninja)</item>
      <item value="0x02">Stevareno (Gold Men)</item>
      <item value="0x03">Drew (Clown)</item>
      <item value="0x04">Dougster (American Quarterback)</item>
      <item value="0x05">Fang (English Werewolf)</item>
      <item value="0x06">Burnie (Fire)</item>
      <item value="0x07">Melanie a.k.a. Mulan</item>
      <item value="0x08">#Claus</item>
    </parameter>
    <script state="run">
      <action>maincpu.pb@200F60=param</action>
    </script>
  </cheat>

  <cheat desc=" "/>

  <cheat desc="P2 에너지 무제한"> <comment>Display may not be correct</comment>
    <script state="run">
      <action>maincpu.pb@2010A7=80</action>
      <action>maincpu.pd@2085C2=003182C4</action> <!-- Fix the bar going off the screen -->
    </script>
  </cheat>

  <cheat desc="P2 Drain all Energy Now!"> <comment>Display won't be correct</comment>
    <script state="on">
      <action>maincpu.pb@2010A7=00</action>
    </script>
  </cheat>

  <cheat desc="P2 캐릭터 선택">
    <parameter>
      <item value="0x00">Nic-San a.k.a. Huang Fei Hong, Wong Fei Hung</item>
      <item value="0x01">Jean Paul (Ninja)</item>
      <item value="0x02">Stevareno (Gold Men)</item>
      <item value="0x03">Drew (Clown)</item>
      <item value="0x04">Dougster (American Quarterback)</item>
      <item value="0x05">Fang (English Werewolf)</item>
      <item value="0x06">Burnie (Fire)</item>
      <item value="0x07">Melanie a.k.a. Mulan</item>
      <item value="0x08">#Claus</item>
    </parameter>
    <script state="run">
      <action>maincpu.pb@201042=param</action>
    </script>
  </cheat>

</mamecheat>
<!-- Cheat file downloaded from http://www.mamecheat.co.uk, see cheat.txt for list of contributors. -->
