<mamecheat version="1">

  <cheat desc="코인 무제한">
    <script state="run">
      <action>maincpu.pb@0802=99</action>
    </script>
  </cheat>

  <cheat desc=" "/>

  <cheat desc="P1 생명 무제한">
    <script state="run">
      <action>maincpu.pb@1901=FF</action>
    </script>
  </cheat>

  <cheat desc="P1 에너지 무제한">
    <script state="run">
      <action>maincpu.pb@1902=08</action>
    </script>
  </cheat>

  <cheat desc="P1 무적">
    <script state="run">
      <action>maincpu.pb@0A78=39</action>
    </script>
  </cheat>

  <cheat desc="P1 폭탄 무제한">
    <parameter>
      <item value="0x19">Normal Bombs</item>
      <item value="0x29">Super Bombs</item>
    </parameter>
    <script state="run">
      <action>maincpu.pb@0A6B=param</action>
    </script>
  </cheat>

  <cheat desc="P1 무기 선택">
    <parameter>
      <item value="0x00">Normal</item>
      <item value="0x01">Super Missiles</item>
      <item value="0x02">Flame Thrower</item>
      <item value="0x03">3-Way Gun</item>
      <item value="0x04">Missiles</item>
      <item value="0x05">Robot (Buggy)</item>
    </parameter>
    <script state="run">
      <action>maincpu.pb@0A71=param</action>
    </script>
  </cheat>

  <cheat desc=" "/>

  <cheat desc="P2 생명 무제한">
    <script state="run">
      <action>maincpu.pb@1941=05</action>
    </script>
  </cheat>

  <cheat desc="P2 에너지 무제한">
    <script state="run">
      <action>maincpu.pb@1942=08</action>
    </script>
  </cheat>

  <cheat desc="P2 무적">
    <script state="run">
      <action>maincpu.pb@0AB8=39</action>
    </script>
  </cheat>

  <cheat desc="P2 폭탄 무제한">
    <parameter>
      <item value="0x19">Normal Bombs</item>
      <item value="0x29">Super Bombs</item>
    </parameter>
    <script state="run">
      <action>maincpu.pb@0AAB=param</action>
    </script>
  </cheat>

  <cheat desc="P2 무기 선택">
    <parameter>
      <item value="0x00">Normal</item>
      <item value="0x01">Super Missiles</item>
      <item value="0x02">Flame Thrower</item>
      <item value="0x03">3-Way Gun</item>
      <item value="0x04">Missiles</item>
      <item value="0x05">Robot (Buggy)</item>
    </parameter>
    <script state="run">
      <action>maincpu.pb@0AB1=param</action>
    </script>
  </cheat>

  <cheat desc=" "/>

  <cheat desc="사운드 테스트 Code Stop"> <comment>[P2 Start]Next Code</comment>
    <script state="run">
      <action condition="(frame % 60 == 0)">maincpu.pb@0812=FF</action>
    </script>
  </cheat>

</mamecheat>
<!-- Cheat file downloaded from http://www.mamecheat.co.uk, see cheat.txt for list of contributors. -->
