<mamecheat version="1">

  <cheat desc="코인 무제한">
    <script state="run">
      <action>mcu.pb@0080=63</action>
    </script>
  </cheat>

  <cheat desc="생명 무제한">
    <script state="run">
      <action>maincpu.pb@00C0=08</action>
    </script>
  </cheat>

  <cheat desc="Infinite Shields">
    <script state="run">
      <action>maincpu.pw@00D5=0808</action>
    </script>
  </cheat>

  <cheat desc="무적">
    <script state="on">
      <action>temp0 =maincpu.mb@DEAE</action>
      <action>temp1 =maincpu.mb@91D4</action>
    </script>
    <script state="run">
      <action>maincpu.mb@DEAE=39</action>
      <action>maincpu.mb@91D4=39</action>
    </script>
    <script state="off">
      <action>maincpu.mb@DEAE=temp0 </action>
      <action>maincpu.mb@91D4=temp1 </action>
    </script>
  </cheat>

  <cheat desc="Auto Secret Character Appearance">
    <script state="on">
      <action>temp0 =maincpu.mb@AA9C</action>
    </script>
    <script state="run">
      <action>maincpu.mb@AA9C=F2</action>
    </script>
    <script state="off">
      <action>maincpu.mb@AA9C=temp0 </action>
    </script>
  </cheat>

  <cheat desc="Finish Current Floor Now!"> <comment>Don't use this on the last level (when c1=2f)</comment>
    <script state="on">
      <action>maincpu.pb@007E=01</action>
    </script>
  </cheat>

  <cheat desc="Select Starting Floor"> <comment>Note the Level Colours won't be Right till you goto the next level</comment>
    <parameter min="1" max="47" step="1"/>
    <script state="run">
      <action condition="(maincpu.pb@00C1==00)">maincpu.pb@00C1=(param-1)</action>
    </script>
  </cheat>

  <cheat desc="Always have Maximum Power Gun">
    <script state="run">
      <action>maincpu.pb@00DE=03</action>
    </script>
  </cheat>

  <cheat desc="Maximum Saved Packet (Friend)">
    <script state="run">
      <action>maincpu.pb@00C9=08</action>
    </script>
  </cheat>

  <cheat desc=" "/>

  <cheat desc="사운드 테스트">
    <parameter min="1" max="32" step="1"/>
    <script state="change">
      <action>maincpu.pb@temp1=00</action>
      <action>temp0=4284+param</action>
      <action>maincpu.pb@temp0=01</action>
      <action>temp1=temp0</action>
    </script>
  </cheat>

</mamecheat>
<!-- Cheat file downloaded from http://www.mamecheat.co.uk, see cheat.txt for list of contributors. -->
