<mamecheat version="1">

  <cheat desc="시작 스테이지 선택">
    <parameter>
      <item value="0x00">Stage 1</item>
      <item value="0x01">Stage 2-1</item>
      <item value="0x02">Stage 2-2</item>
      <item value="0x03">Stage 3</item>
      <item value="0x04">Stage 4</item>
      <item value="0x05">Stage 5</item>
      <item value="0x06">Stage 6</item>
    </parameter>
    <script state="run">
      <action condition="(mainpcb:maincpu.pb@2000A8==00)">mainpcb:maincpu.pb@2000A8=param</action>
    </script>
  </cheat>

  <cheat desc="무적">
    <script state="on">
      <action>temp0 =mainpcb:maincpu.mb@064D1D</action>
      <action>temp1 =mainpcb:maincpu.mb@064E93</action>
    </script>
    <script state="run">
      <action>mainpcb:maincpu.mb@064D1D=CA</action>
      <action>mainpcb:maincpu.mb@064E93=CA</action> <!-- 1st = Normal Enemy, 2nd = Boss -->
    </script>
    <script state="off">
      <action>mainpcb:maincpu.mb@064D1D=temp0 </action>
      <action>mainpcb:maincpu.mb@064E93=temp1 </action>
    </script>
  </cheat>

  <cheat desc=" "/>

  <cheat desc="P1 코인 무제한">
    <script state="run">
      <action>mainpcb:maincpu.pb@701F25=18</action>
    </script>
  </cheat>

  <cheat desc="P1 에너지 무제한">
    <script state="run">
      <action>mainpcb:maincpu.pw@20069E=0280</action>
      <action>mainpcb:maincpu.pw@2006A0=0280</action>
    </script>
  </cheat>

  <cheat desc="P1 Infinite Normal Weapon Power">
    <script state="run">
      <action>mainpcb:maincpu.pw@200698=01FF</action>
    </script>
  </cheat>

  <cheat desc="P1 Infinite Flamethrower Power">
    <script state="run">
      <action>mainpcb:maincpu.pb@20069D=01</action> <!-- Keeps Power between 0100 and 01FF -->
    </script>
  </cheat>

  <cheat desc="P1 폭탄 무제한">
    <script state="run">
      <action>mainpcb:maincpu.pb@200697=09</action>
    </script>
  </cheat>

  <cheat desc=" "/>

  <cheat desc="P2 코인 무제한">
    <script state="run">
      <action>mainpcb:maincpu.pb@701F24=18</action>
    </script>
  </cheat>

  <cheat desc="P2 에너지 무제한">
    <script state="run">
      <action>mainpcb:maincpu.pw@20079E=0280</action>
      <action>mainpcb:maincpu.pw@2007A0=0280</action>
    </script>
  </cheat>

  <cheat desc="P1 Infinite Normal Weapon Power">
    <script state="run">
      <action>mainpcb:maincpu.pw@200798=01FF</action>
    </script>
  </cheat>

  <cheat desc="P1 Infinite Flamethrower Power">
    <script state="run">
      <action>mainpcb:maincpu.pb@20079D=01</action> <!-- Keeps Power between 0100 and 01FF -->
    </script>
  </cheat>

  <cheat desc="P2 폭탄 무제한">
    <script state="run">
      <action>mainpcb:maincpu.pb@200797=09</action>
    </script>
  </cheat>

</mamecheat>
<!-- Cheat file downloaded from http://www.mamecheat.co.uk, see cheat.txt for list of contributors. -->
