<mamecheat version="1">

  <cheat desc="코인 무제한">
    <script state="run">
      <action>maincpu.pb@FFC000=09</action>
    </script>
  </cheat>

  <cheat desc="시간 무제한">
    <script state="run">
      <action>maincpu.pb@FFC113=9A</action>
    </script>
  </cheat>

  <cheat desc="Infinite Map Time">
    <script state="run">
      <action>maincpu.pb@FFCBB0=01</action>
    </script>
  </cheat>

  <cheat desc="One Comrade Opens The Exit Now!">
    <script state="on">
      <action>maincpu.pb@FFC131=01</action>
    </script>
  </cheat>

  <cheat desc=" "/>

  <cheat desc="P1 생명 무제한">
    <script state="run">
      <action>maincpu.pb@FFC234=05</action>
    </script>
  </cheat>

  <cheat desc="P1 무적">
    <script state="run">
      <action>maincpu.pb@FFC235=01</action>
    </script>
  </cheat>

  <cheat desc="P1 총알 속도 빠르게">
    <script state="run">
      <action>maincpu.pb@FFC243=00</action>
    </script>
  </cheat>

  <cheat desc=" "/>

  <cheat desc="P2 생명 무제한">
    <script state="run">
      <action>maincpu.pb@FFC2B4=05</action>
    </script>
  </cheat>

  <cheat desc="P2 무적">
    <script state="run">
      <action>maincpu.pb@FFC2B5=01</action>
    </script>
  </cheat>

  <cheat desc="P2 총알 속도 빠르게">
    <script state="run">
      <action>maincpu.pb@FFC2C3=00</action>
    </script>
  </cheat>

</mamecheat>
<!-- Cheat file downloaded from http://www.mamecheat.co.uk, see cheat.txt for list of contributors. -->
