<mamecheat version="1">

  <cheat desc="P1 에너지 무제한">
    <script state="run">
      <action>maincpu.pb@FE0027=04</action>
    </script>
  </cheat>

  <cheat desc="P1 미사일 무제한">
    <script state="run">
      <action>maincpu.pb@FE002D=63</action>
    </script>
  </cheat>

  <cheat desc="P2 에너지 무제한">
    <script state="run">
      <action>maincpu.pb@FE00A7=04</action>
    </script>
  </cheat>

  <cheat desc="P2 미사일 무제한">
    <script state="run">
      <action>maincpu.pb@FE00AD=63</action>
    </script>
  </cheat>

</mamecheat>
<!-- Cheat file downloaded from http://www.mamecheat.co.uk, see cheat.txt for list of contributors. -->
