<mamecheat version="1">

  <cheat desc="코인 무제한">
    <script state="run">
      <action>maincpu.pb@00A7=99</action>
    </script>
  </cheat>

  <cheat desc="생명 무제한">
    <script state="run">
      <action>maincpu.pb@00CF=03</action>
    </script>
  </cheat>

  <cheat desc="총알 속도 빠르게">
    <script state="run">
      <action condition="maincpu.pb@0090==00">maincpu.pb@0090=02</action>
    </script>
  </cheat>

  <cheat desc="Bullet 무적">
    <script state="on">
      <action>temp0 =maincpu.mb@FA08</action>
      <action>temp1 =maincpu.mw@FA09</action>
    </script>
    <script state="run">
      <action>maincpu.mb@FA08=4C</action>
      <action>maincpu.mw@FA09=FA1B</action>
    </script>
    <script state="off">
      <action>maincpu.mb@FA08=temp0 </action>
      <action>maincpu.mw@FA09=temp1 </action>
    </script>
  </cheat>

  <cheat desc="Invaders Never Drop">
    <script state="on">
      <action>temp0 =maincpu.mb@F66E</action>
    </script>
    <script state="run">
      <action>maincpu.mb@F66E=00</action>
    </script>
    <script state="off">
      <action>maincpu.mb@F66E=temp0 </action>
    </script>
  </cheat>

</mamecheat>
<!-- Cheat file downloaded from http://www.mamecheat.co.uk, see cheat.txt for list of contributors. -->
