<mamecheat version="1">

  <cheat desc="Bullet 무적 (Alpha Fighter)">
    <script state="on">
      <action>temp0 =maincpu.mb@19AD</action>
    </script>
    <script state="run">
      <action>maincpu.mb@19AD=C3</action>
    </script>
    <script state="off">
      <action>maincpu.mb@19AD=temp0 </action>
    </script>
  </cheat>

  <cheat desc="P1 생명 무제한 (Alpha Fighter)">
    <script state="run">
      <action>maincpu.pb@85D9=06</action>
    </script>
  </cheat>

  <cheat desc="P2 생명 무제한 (Alpha Fighter)">
    <script state="run">
      <action>maincpu.pb@85DB=06</action>
    </script>
  </cheat>

  <cheat desc=" "/>

  <cheat desc="무적 (Head On)">
    <script state="on">
      <action>temp0 =maincpu.mb@323F</action>
      <action>temp1 =maincpu.rb@74DC</action>
    </script>
    <script state="run">
      <action>maincpu.mb@323F=18</action> <!-- Most Crashes -->
      <action>maincpu.rb@74DC=18</action> <!-- Wheel on Wheel -->
    </script>
    <script state="off">
      <action>maincpu.mb@323F=temp0 </action>
      <action>maincpu.rb@74DC=temp1 </action>
    </script>
  </cheat>

  <cheat desc="P1 생명 무제한 (Head On)">
    <script state="run">
      <action>maincpu.pb@85BE=08</action>
    </script>
  </cheat>

  <cheat desc="P2 생명 무제한 (Head On)">
    <script state="run">
      <action>maincpu.pb@85BF=08</action>
    </script>
  </cheat>

</mamecheat>
<!-- Cheat file downloaded from http://www.mamecheat.co.uk, see cheat.txt for list of contributors. -->
