<mamecheat version="1">

  <cheat desc="코인 무제한">
    <script state="run">
      <action>maincpu.pb@E207=09</action>
    </script>
  </cheat>

  <cheat desc="생명 무제한">
    <script state="run">
      <action>maincpu.pb@E203=05</action>
    </script>
  </cheat>

  <cheat desc="무적">
    <script state="on">
      <action>temp0 =maincpu.mb@05E9</action>
    </script>
    <script state="run">
      <action>maincpu.mb@05E9=C3</action>
    </script>
    <script state="off">
      <action>maincpu.mb@05E9=temp0 </action>
    </script>
  </cheat>

  <cheat desc="Auto Fire"> <comment>Works at maximum laser strength</comment>
    <script state="run">
      <action>maincpu.pb@E217=FF</action>
    </script>
  </cheat>

</mamecheat>
<!-- Cheat file downloaded from http://www.mamecheat.co.uk, see cheat.txt for list of contributors. -->
