<mamecheat version="1">

  <cheat desc="생명 무제한">
    <script state="run">
      <action>alpha.pb@08CE=0A</action>
    </script>
  </cheat>

  <cheat desc="Infinite Reactor Time">
    <script state="run">
      <action>alpha.pb@08CB=99</action>
    </script>
  </cheat>

  <cheat desc="Infinite Oxygen">
    <script state="run">
      <action>alpha.pb@08CD=FE</action>
    </script>
  </cheat>

</mamecheat>
<!-- Cheat file downloaded from http://www.mamecheat.co.uk, see cheat.txt for list of contributors. -->
