<mamecheat version="1">

  <cheat desc="시간 무제한">
    <script state="run">
      <action>maincpu.pw@E0013C=1770</action>
    </script>
  </cheat>

  <cheat desc="Always 1st Place">
    <script state="on">
      <action>temp0 =maincpu.mw@010940</action>
      <action>temp1 =maincpu.mb@01B1A9</action>
    </script>
    <script state="run">
      <action>maincpu.mw@010940=243C</action> <!-- This ROM cheat was made by solitarius -->
      <action>maincpu.mb@01B1A9=78</action>
    </script>
    <script state="off">
      <action>maincpu.mw@010940=temp0 </action>
      <action>maincpu.mb@01B1A9=temp1 </action>
    </script>
  </cheat>

  <cheat desc=" "/>

  <cheat desc="Don't stop music playback in test menu">
    <script state="run">
      <action>maincpu.pw@E094E2=0000</action>
    </script>
  </cheat>

</mamecheat>
<!-- Cheat file downloaded from http://www.mamecheat.co.uk, see cheat.txt for list of contributors. -->
