<mamecheat version="1">

  <cheat desc="코인 무제한">
    <script state="run">
      <action>maincpu.pb@8099=09</action>
    </script>
  </cheat>

  <cheat desc="See the Dip Switch Menu to enable 무적."/>

  <cheat desc="P1 시간 무제한">
    <script state="run">
      <action>maincpu.pb@80F2=59</action>
    </script>
  </cheat>

  <cheat desc="P2 시간 무제한">
    <script state="run">
      <action>maincpu.pb@80F5=59</action>
    </script>
  </cheat>

</mamecheat>
<!-- Cheat file downloaded from http://www.mamecheat.co.uk, see cheat.txt for list of contributors. -->
