<mamecheat version="1">

  <cheat desc="생명 무제한">
    <script state="run">
      <action>cdp1802.pb@3001=04</action>
    </script>
  </cheat>

  <cheat desc="무적">
    <script state="on">
      <action>temp0 =cdp1802.mb@155C</action>
      <action>temp1 =cdp1802.mb@159E</action>
      <action>temp2 =cdp1802.mw@1728</action>
    </script>
    <script state="run">
      <action>cdp1802.mb@155C=C0</action>
      <action>cdp1802.mb@159E=C0</action> <!-- Part 1 Ship Collisons, Part 2 Mothership -->
      <action>cdp1802.mw@1728=30AA</action> <!-- Bullets -->
    </script>
    <script state="off">
      <action>cdp1802.mb@155C=temp0 </action>
      <action>cdp1802.mb@159E=temp1 </action>
      <action>cdp1802.mw@1728=temp2 </action>
    </script>
  </cheat>

</mamecheat>
<!-- Cheat file downloaded from http://www.mamecheat.co.uk, see cheat.txt for list of contributors. -->
