<mamecheat version="1">

  <cheat desc="코인 무제한">
    <script state="run">
      <action>maincpu.pb@FFF000=09</action>
    </script>
  </cheat>

  <cheat desc="시작 라운드 선택">
    <parameter min="1" max="5" step="1"/>
    <script state="run">
      <action condition="(maincpu.pb@FFF142==00)">maincpu.pb@FFF142=(param-1)</action>
    </script>
  </cheat>

  <cheat desc="Finish this Round Now!">
    <script state="on">
      <action>maincpu.pb@FFF026=10</action>
    </script>
  </cheat>

  <cheat desc=" "/>

  <cheat desc="P1 생명 무제한">
    <script state="run">
      <action>maincpu.pb@FFE018= B</action>
    </script>
  </cheat>

  <cheat desc="P1 에너지 무제한">
    <script state="run">
      <action>maincpu.pb@FFC04A=70</action>
    </script>
  </cheat>

  <cheat desc="P1 무적">
    <script state="run">
      <action>maincpu.pb@FFC03F=03</action>
    </script>
  </cheat>

  <cheat desc="P1 Select Power-Up/Beast"> <comment>Note the colours maybe incorrect until you lose a life</comment>
    <parameter>
      <item value="0x01">None (Default)</item>
      <item value="0x02">Medium</item>
      <item value="0x03">High</item>
      <item value="0x04">Beast</item>
    </parameter>
    <script state="run">
      <action condition="(param==01)">maincpu.pw@FFC06A=0000</action>
      <action condition="(param==01)">maincpu.pb@FFE01B=00</action>
      <action condition="(param==02)">maincpu.pw@FFC06A=0101</action>
      <action condition="(param==02)">maincpu.pb@FFE01B=00</action>
      <action condition="(param==03)">maincpu.pw@FFC06A=0202</action>
      <action condition="(param==03)">maincpu.pb@FFE01B=00</action>
      <action condition="(param==04)">maincpu.pw@FFC06A=0303</action>
      <action condition="(param==04)">maincpu.pb@FFE01B=01</action>
    </script>
  </cheat>

  <cheat desc="P1 총알 속도 빠르게 - Punch">
    <script state="run">
      <action>maincpu.pb@FFE01E=00|(maincpu.pb@FFE01E BAND ~02)</action>
    </script>
  </cheat>

  <cheat desc="P1 총알 속도 빠르게 - Kick">
    <script state="run">
      <action>maincpu.pb@FFE01E=00|(maincpu.pb@FFE01E BAND ~04)</action>
    </script>
  </cheat>

  <cheat desc=" "/>

  <cheat desc="P2 생명 무제한">
    <script state="run">
      <action>maincpu.pb@FFE098= B</action>
    </script>
  </cheat>

  <cheat desc="P2 에너지 무제한">
    <script state="run">
      <action>maincpu.pb@FFC44A=70</action>
    </script>
  </cheat>

  <cheat desc="P2 무적">
    <script state="run">
      <action>maincpu.pb@FFC43F=03</action>
    </script>
  </cheat>

  <cheat desc="P2 Select Power-Up/Beast"> <comment>Note the colours maybe incorrect until you lose a life</comment>
    <parameter>
      <item value="0x01">None (Default)</item>
      <item value="0x02">Medium</item>
      <item value="0x03">High</item>
      <item value="0x04">Beast</item>
    </parameter>
    <script state="run">
      <action condition="(param==01)">maincpu.pw@FFC46A=0000</action>
      <action condition="(param==01)">maincpu.pb@FFE09E=00</action>
      <action condition="(param==02)">maincpu.pw@FFC46A=0101</action>
      <action condition="(param==02)">maincpu.pb@FFE09E=00</action>
      <action condition="(param==03)">maincpu.pw@FFC46A=0202</action>
      <action condition="(param==03)">maincpu.pb@FFE09E=00</action>
      <action condition="(param==04)">maincpu.pw@FFC46A=0303</action>
      <action condition="(param==04)">maincpu.pb@FFE09E=01</action>
    </script>
  </cheat>

  <cheat desc="P2 총알 속도 빠르게 - Punch">
    <script state="run">
      <action>maincpu.pb@FFE09E=00|(maincpu.pb@FFE09E BAND ~02)</action>
    </script>
  </cheat>

  <cheat desc="P2 총알 속도 빠르게 - Kick">
    <script state="run">
      <action>maincpu.pb@FFE09E=00|(maincpu.pb@FFE09E BAND ~04)</action>
    </script>
  </cheat>

</mamecheat>
<!-- Cheat file downloaded from http://www.mamecheat.co.uk, see cheat.txt for list of contributors. -->
