<mamecheat version="1">

  <cheat desc="코인 무제한">
    <script state="run">
      <action>maincpu.pb@FFF000=09</action>
    </script>
  </cheat>

  <cheat desc="시작 라운드 선택">
    <parameter min="1" max="5" step="1"/>
    <script state="run">
      <action condition="(maincpu.pb@FFF142==00)">maincpu.pb@FFF142=(param-1)</action>
    </script>
  </cheat>

  <cheat desc="Finish this Round Now!">
    <script state="on">
      <action>maincpu.pb@FFF026=10</action>
    </script>
  </cheat>

  <cheat desc="Select Perm. Level Character Type"> <comment>Note the colours maybe incorrect until you lose a life. Best used from the title screen with the "Beast" option in the "Select Power-Up/Beast" cheats.</comment>
    <parameter>
      <item value="0x01">Level 1</item>
      <item value="0x02">Level 2</item>
      <item value="0x03">Level 3</item>
      <item value="0x04">Level 4</item>
      <item value="0x05">Level 5</item>
    </parameter>
    <script state="on">
      <action>temp0 =maincpu.md@004BF2</action>
      <action>temp1 =maincpu.md@0048CE</action>
    </script>
    <script state="run">
      <action condition="(param==01)">maincpu.md@004BF2=103C0000</action>
      <action condition="(param==01)">maincpu.md@0048CE=163C0000</action> <!-- Pt 1 Does Character, Pt 2 takes care of colour -->
      <action condition="(param==02)">maincpu.md@004BF2=103C0001</action>
      <action condition="(param==02)">maincpu.md@0048CE=163C0001</action>
      <action condition="(param==03)">maincpu.md@004BF2=103C0002</action>
      <action condition="(param==03)">maincpu.md@0048CE=163C0002</action>
      <action condition="(param==04)">maincpu.md@004BF2=103C0003</action>
      <action condition="(param==04)">maincpu.md@0048CE=163C0003</action>
      <action condition="(param==05)">maincpu.md@004BF2=103C0004</action>
      <action condition="(param==05)">maincpu.md@0048CE=163C0004</action>
    </script>
    <script state="off">
      <action>maincpu.md@004BF2=temp0 </action>
      <action>maincpu.md@0048CE=temp1 </action>
    </script>
  </cheat>

  <cheat desc="적 방어 무력화 ">
    <script state="on">
      <action>temp0 =maincpu.md@00D618</action>
      <action>temp1 =maincpu.md@00D61C</action>
      <action>temp2 =maincpu.md@01FFE0</action>
      <action>temp3 =maincpu.md@01FFE4</action>
      <action>temp4 =maincpu.md@01FFE8</action>
      <action>temp5 =maincpu.md@01FFEC</action>
      <action>temp6 =maincpu.md@01FFF0</action>
      <action>temp7 =maincpu.md@01FFF4</action>
    </script>
    <script state="run">
      <action>maincpu.md@00D618=4EB90001</action> <!-- This ROM cheat was made by nolberto82 -->
      <action>maincpu.md@00D61C=FFE04E71</action>
      <action>maincpu.md@01FFE0=B8FCC000</action>
      <action>maincpu.md@01FFE4=66083F7C</action>
      <action>maincpu.md@01FFE8=D6400002</action>
      <action>maincpu.md@01FFEC=4E75382C</action>
      <action>maincpu.md@01FFF0=0062986E</action>
      <action>maincpu.md@01FFF4=00344E75</action>
    </script>
    <script state="off">
      <action>maincpu.md@00D618=temp0 </action>
      <action>maincpu.md@00D61C=temp1 </action>
      <action>maincpu.md@01FFE0=temp2 </action>
      <action>maincpu.md@01FFE4=temp3 </action>
      <action>maincpu.md@01FFE8=temp4 </action>
      <action>maincpu.md@01FFEC=temp5 </action>
      <action>maincpu.md@01FFF0=temp6 </action>
      <action>maincpu.md@01FFF4=temp7 </action>
    </script>
  </cheat>

  <cheat desc=" "/>

  <cheat desc="P1 생명 무제한">
    <script state="run">
      <action>maincpu.pb@FFE018= B</action>
    </script>
  </cheat>

  <cheat desc="P1 에너지 무제한">
    <script state="run">
      <action>maincpu.pb@FFC04A=70</action>
    </script>
  </cheat>

  <cheat desc="P1 무적">
    <script state="run">
      <action>maincpu.pb@FFC03F=03</action>
    </script>
  </cheat>

  <cheat desc="P1 Select Power-Up/Beast"> <comment>Note the colours maybe incorrect until you lose a life</comment>
    <parameter>
      <item value="0x01">None (Default)</item>
      <item value="0x02">Medium</item>
      <item value="0x03">High</item>
      <item value="0x04">Beast</item>
    </parameter>
    <script state="run">
      <action condition="(param==01)">maincpu.pw@FFC06A=0000</action>
      <action condition="(param==01)">maincpu.pb@FFE01B=00</action>
      <action condition="(param==02)">maincpu.pw@FFC06A=0101</action>
      <action condition="(param==02)">maincpu.pb@FFE01B=00</action>
      <action condition="(param==03)">maincpu.pw@FFC06A=0202</action>
      <action condition="(param==03)">maincpu.pb@FFE01B=00</action>
      <action condition="(param==04)">maincpu.pw@FFC06A=0303</action>
      <action condition="(param==04)">maincpu.pb@FFE01B=01</action>
    </script>
  </cheat>

  <cheat desc="P1 총알 속도 빠르게 - Punch">
    <script state="run">
      <action>maincpu.pb@FFE01E=00|(maincpu.pb@FFE01E BAND ~02)</action>
    </script>
  </cheat>

  <cheat desc="P1 총알 속도 빠르게 - Kick">
    <script state="run">
      <action>maincpu.pb@FFE01E=00|(maincpu.pb@FFE01E BAND ~04)</action>
    </script>
  </cheat>

  <cheat desc=" "/>

  <cheat desc="P2 생명 무제한">
    <script state="run">
      <action>maincpu.pb@FFE098= B</action>
    </script>
  </cheat>

  <cheat desc="P2 에너지 무제한">
    <script state="run">
      <action>maincpu.pb@FFC44A=70</action>
    </script>
  </cheat>

  <cheat desc="P2 무적">
    <script state="run">
      <action>maincpu.pb@FFC43F=03</action>
    </script>
  </cheat>

  <cheat desc="P2 Select Power-Up/Beast"> <comment>Note the colours maybe incorrect until you lose a life</comment>
    <parameter>
      <item value="0x01">None (Default)</item>
      <item value="0x02">Medium</item>
      <item value="0x03">High</item>
      <item value="0x04">Beast</item>
    </parameter>
    <script state="run">
      <action condition="(param==01)">maincpu.pw@FFC46A=0000</action>
      <action condition="(param==01)">maincpu.pb@FFE09E=00</action>
      <action condition="(param==02)">maincpu.pw@FFC46A=0101</action>
      <action condition="(param==02)">maincpu.pb@FFE09E=00</action>
      <action condition="(param==03)">maincpu.pw@FFC46A=0202</action>
      <action condition="(param==03)">maincpu.pb@FFE09E=00</action>
      <action condition="(param==04)">maincpu.pw@FFC46A=0303</action>
      <action condition="(param==04)">maincpu.pb@FFE09E=01</action>
    </script>
  </cheat>

  <cheat desc="P2 총알 속도 빠르게 - Punch">
    <script state="run">
      <action>maincpu.pb@FFE09E=00|(maincpu.pb@FFE09E BAND ~02)</action>
    </script>
  </cheat>

  <cheat desc="P2 총알 속도 빠르게 - Kick">
    <script state="run">
      <action>maincpu.pb@FFE09E=00|(maincpu.pb@FFE09E BAND ~04)</action>
    </script>
  </cheat>

</mamecheat>
<!-- Cheat file downloaded from http://www.mamecheat.co.uk, see cheat.txt for list of contributors. -->
