<mamecheat version="1">

  <cheat desc="폭탄 무제한">
    <script state="run">
      <action>maincpu.pb@40CF3=05</action>
    </script>
  </cheat>

  <cheat desc="무적">
    <script state="on">
      <action>temp0 =maincpu.mw@03736</action>
      <action>temp1 =maincpu.mw@03B3A</action>
      <action>temp2 =maincpu.mw@03B4E</action>
    </script>
    <script state="run">
      <action>maincpu.mw@03736=60F2</action>
      <action>maincpu.mw@03B3A=60FA</action> <!-- 1st = Object/Water, 2nd = Fire -->
      <action>maincpu.mw@03B4E=60E6</action> <!-- Web -->
    </script>
    <script state="off">
      <action>maincpu.mw@03736=temp0 </action>
      <action>maincpu.mw@03B3A=temp1 </action>
      <action>maincpu.mw@03B4E=temp2 </action>
    </script>
  </cheat>

  <cheat desc="총알 속도 빠르게">
    <script state="run">
      <action>maincpu.pb@40CB8=FF</action>
    </script>
  </cheat>

  <cheat desc=" "/>

  <cheat desc="P1 생명 무제한">
    <script state="run">
      <action>maincpu.pb@40CBD= B</action>
    </script>
  </cheat>

  <cheat desc="P2 생명 무제한">
    <script state="run">
      <action>maincpu.pb@40CCD= B</action>
    </script>
  </cheat>

  <cheat desc=" "/>

  <cheat desc="Skip RAM/ROM Check"> <comment>It's better to use together with Pre-Enable</comment>
    <script state="on">
      <action>temp0 =maincpu.mw@08540</action>
      <action>temp1 =maincpu.mw@085B6</action>
    </script>
    <script state="run">
      <action>maincpu.mw@08540=606A</action>
      <action>maincpu.mw@085B6=6054</action> <!-- 1st = RAM Check, 2nd = ROM Check -->
    </script>
    <script state="off">
      <action>maincpu.mw@08540=temp0 </action>
      <action>maincpu.mw@085B6=temp1 </action>
    </script>
  </cheat>

</mamecheat>
<!-- Cheat file downloaded from http://www.mamecheat.co.uk, see cheat.txt for list of contributors. -->
