<mamecheat version="1">

  <cheat desc="코인 무제한">
    <script state="run">
      <action>maincpu.pb@804C=99</action>
    </script>
  </cheat>

  <cheat desc="시간 무제한">
    <script state="on">
      <action>temp0 =maincpu.pb@842A</action>
    </script>
    <script state="run">
      <action condition="(frame % 60 == 0) AND (maincpu.pb@842A!=temp0 )">maincpu.pb@842A=00</action>
    </script>
  </cheat>

  <cheat desc="연료 무제한">
    <script state="run">
      <action>maincpu.pb@8445=30</action>
    </script>
  </cheat>

  <cheat desc="무적">
    <script state="on">
      <action>temp0 =maincpu.mb@1993</action>
      <action>temp1 =maincpu.mb@4AA0</action>
      <action>temp2 =maincpu.mb@4F50</action>
      <action>temp3 =maincpu.mw@7C9F</action>
      <action>temp4 =maincpu.mb@7CD1</action>
    </script>
    <script state="run">
      <action>maincpu.mb@1993=C9</action>
      <action>maincpu.mb@4AA0=18</action> <!-- 1st = Object, 2nd = Course out (Side) -->
      <action>maincpu.mb@4F50=18</action> <!-- Course out (Front) -->
      <action>maincpu.mw@7C9F=1B18</action> <!-- Fail of landing -->
      <action>maincpu.mb@7CD1=00</action> <!-- Fail of landing out of course -->
    </script>
    <script state="off">
      <action>maincpu.mb@1993=temp0 </action>
      <action>maincpu.mb@4AA0=temp1 </action>
      <action>maincpu.mb@4F50=temp2 </action>
      <action>maincpu.mw@7C9F=temp3 </action>
      <action>maincpu.mb@7CD1=temp4 </action>
    </script>
  </cheat>

  <cheat desc="No Speed Down Out of Course">
    <script state="on">
      <action>temp0 =maincpu.mb@4AB9</action>
    </script>
    <script state="run">
      <action>maincpu.mb@4AB9=18</action>
    </script>
    <script state="off">
      <action>maincpu.mb@4AB9=temp0 </action>
    </script>
  </cheat>

  <cheat desc="총알 속도 빠르게">
    <script state="run">
      <action>maincpu.pb@8049=0A|(maincpu.pb@8049 BAND ~0A)</action>
    </script>
  </cheat>

  <cheat desc=" "/>

  <cheat desc="P1 생명 무제한">
    <script state="run">
      <action>maincpu.pb@8059=03</action>
    </script>
  </cheat>

  <cheat desc="P2 생명 무제한">
    <script state="run">
      <action>maincpu.pb@805A=03</action>
    </script>
  </cheat>

</mamecheat>
<!-- Cheat file downloaded from http://www.mamecheat.co.uk, see cheat.txt for list of contributors. -->
