<mamecheat version="1">

  <cheat desc="코인 무제한">
    <script state="run">
      <action>maincpu.pb@804C=99</action>
    </script>
  </cheat>

  <cheat desc="시간 무제한">
    <script state="on">
      <action>temp0 =maincpu.pb@8434</action>
    </script>
    <script state="run">
      <action condition="(frame % 60 == 0) AND (maincpu.pb@8434!=temp0 )">maincpu.pb@8434=00</action>
    </script>
  </cheat>

  <cheat desc="연료 무제한">
    <script state="run">
      <action>maincpu.pb@844F=30</action>
    </script>
  </cheat>

  <cheat desc="무적">
    <script state="on">
      <action>temp0 =maincpu.mb@19B7</action>
      <action>temp1 =maincpu.mb@4AA6</action>
      <action>temp2 =maincpu.mb@4F56</action>
      <action>temp3 =maincpu.mw@7A28</action>
      <action>temp4 =maincpu.mb@7A5A</action>
    </script>
    <script state="run">
      <action>maincpu.mb@19B7=C9</action>
      <action>maincpu.mb@4AA6=18</action> <!-- 1st = Object, 2nd = Course out (Side) -->
      <action>maincpu.mb@4F56=18</action> <!-- Course out (Front) -->
      <action>maincpu.mw@7A28=1B18</action> <!-- Fail of landing -->
      <action>maincpu.mb@7A5A=00</action> <!-- Fail of landing out of course -->
    </script>
    <script state="off">
      <action>maincpu.mb@19B7=temp0 </action>
      <action>maincpu.mb@4AA6=temp1 </action>
      <action>maincpu.mb@4F56=temp2 </action>
      <action>maincpu.mw@7A28=temp3 </action>
      <action>maincpu.mb@7A5A=temp4 </action>
    </script>
  </cheat>

  <cheat desc="No Speed Down Out of Course">
    <script state="on">
      <action>temp0 =maincpu.mb@4ABF</action>
    </script>
    <script state="run">
      <action>maincpu.mb@4ABF=18</action>
    </script>
    <script state="off">
      <action>maincpu.mb@4ABF=temp0 </action>
    </script>
  </cheat>

  <cheat desc="총알 속도 빠르게">
    <script state="run">
      <action>maincpu.pb@8049=0A|(maincpu.pb@8049 BAND ~0A)</action>
    </script>
  </cheat>

  <cheat desc=" "/>

  <cheat desc="P1 생명 무제한">
    <script state="run">
      <action>maincpu.pb@8059=03</action>
    </script>
  </cheat>

  <cheat desc="P2 생명 무제한">
    <script state="run">
      <action>maincpu.pb@805A=03</action>
    </script>
  </cheat>

</mamecheat>
<!-- Cheat file downloaded from http://www.mamecheat.co.uk, see cheat.txt for list of contributors. -->
