<mamecheat version="1">

  <cheat desc="코인 무제한">
    <script state="run">
      <action>maincpu.pb@4002=63</action>
    </script>
  </cheat>

  <cheat desc="생명 무제한">
    <script state="run">
      <action>maincpu.pb@4288=06</action>
    </script>
  </cheat>

  <cheat desc="Infinite Jump">
    <script state="run">
      <action>maincpu.pb@4285=06</action>
    </script>
  </cheat>

  <cheat desc="무적">
    <script state="run">
      <action>maincpu.pb@41F5=FF</action>
      <action>maincpu.pb@41F6=0A</action>
    </script>
  </cheat>

  <cheat desc="No Monsters/Music">
    <script state="run">
      <action>maincpu.pb@41F1=01</action>
    </script>
  </cheat>

  <cheat desc="Always Paint">
    <script state="run">
      <action>maincpu.pb@4352=FF</action>
    </script>
  </cheat>

  <cheat desc="Moving Banana">
    <script state="run">
      <action condition="(maincpu.pb@400A == 14)">maincpu.pb@45B6=maincpu.pb@45CE</action>
      <action condition="(maincpu.pb@400A == 14)">maincpu.pb@4068=maincpu.pb@406C</action>
    </script>
  </cheat>
  
</mamecheat>
<!-- Cheat file downloaded from http://www.mamecheat.co.uk, see cheat.txt for list of contributors. -->
