<mamecheat version="1">

  <cheat desc="시간 무제한"> <comment>You need to turn off this cheat at the end of each track to finish it!</comment>
    <script state="run">
      <action>maincpu.pw@E18E=5900</action>
    </script>
    <script state="off">
      <action>maincpu.pw@E18E=0100</action>
    </script>
  </cheat>

  <cheat desc="Red Car on 5 Laps Now!">
    <script state="on">
      <action>maincpu.pb@E012=05</action>
    </script>
  </cheat>

  <cheat desc="Red Car on 0 Laps Now!">
    <script state="on">
      <action>maincpu.pb@E012=00</action>
    </script>
  </cheat>

  <cheat desc="Red Car always on 5 Laps">
    <script state="run">
      <action>maincpu.pb@E012=05</action>
    </script>
  </cheat>

  <cheat desc="Red Car always on 0 Laps">
    <script state="run">
      <action>maincpu.pb@E012=00</action>
    </script>
  </cheat>

  <cheat desc="Blue Car on 5 Laps Now!">
    <script state="on">
      <action>maincpu.pb@E052=05</action>
    </script>
  </cheat>

  <cheat desc="Blue Car on 0 Laps Now!">
    <script state="on">
      <action>maincpu.pb@E052=00</action>
    </script>
  </cheat>

  <cheat desc="Blue Car always on 5 Laps">
    <script state="run">
      <action>maincpu.pb@E052=05</action>
    </script>
  </cheat>

  <cheat desc="Blue Car always on 0 Laps">
    <script state="run">
      <action>maincpu.pb@E052=00</action>
    </script>
  </cheat>

  <cheat desc="Green Car on 5 Laps Now!">
    <script state="on">
      <action>maincpu.pb@E092=05</action>
    </script>
  </cheat>

  <cheat desc="Green Car on 0 Laps Now!">
    <script state="on">
      <action>maincpu.pb@E092=00</action>
    </script>
  </cheat>

  <cheat desc="Green Car always on 5 Laps">
    <script state="run">
      <action>maincpu.pb@E092=05</action>
    </script>
  </cheat>

  <cheat desc="Green Car always on 0 Laps">
    <script state="run">
      <action>maincpu.pb@E092=00</action>
    </script>
  </cheat>

  <cheat desc="Yellow Car on 5 Laps Now!">
    <script state="on">
      <action>maincpu.pb@E0D2=05</action>
    </script>
  </cheat>

  <cheat desc="Yellow Car on 0 Laps Now!">
    <script state="on">
      <action>maincpu.pb@E0D2=00</action>
    </script>
  </cheat>

  <cheat desc="Yellow Car always on 5 Laps">
    <script state="run">
      <action>maincpu.pb@E0D2=05</action>
    </script>
  </cheat>

  <cheat desc="Yellow Car always on 0 Laps">
    <script state="run">
      <action>maincpu.pb@E0D2=00</action>
    </script>
  </cheat>

  <cheat desc=" "/>

  <cheat desc="P1 코인 무제한">
    <script state="run">
      <action>maincpu.pb@E187=19</action>
    </script>
  </cheat>

  <cheat desc="P1 Maximum Speed">
    <script state="run">
      <action>maincpu.pb@E015=1F</action>
    </script>
  </cheat>

  <cheat desc="P1 Minimum Speed">
    <script state="run">
      <action>maincpu.pb@E015=00</action>
    </script>
  </cheat>

  <cheat desc="P1 Maximum Traction">
    <script state="run">
      <action>maincpu.pb@E016=1F</action>
    </script>
  </cheat>

  <cheat desc="P1 Minimum Traction">
    <script state="run">
      <action>maincpu.pb@E016=00</action>
    </script>
  </cheat>

  <cheat desc=" "/>

  <cheat desc="P2 코인 무제한">
    <script state="run">
      <action>maincpu.pb@E188=19</action>
    </script>
  </cheat>

  <cheat desc="P2 Maximum Speed">
    <script state="run">
      <action>maincpu.pb@E055=1F</action>
    </script>
  </cheat>

  <cheat desc="P2 Minimum Speed">
    <script state="run">
      <action>maincpu.pb@E055=00</action>
    </script>
  </cheat>

  <cheat desc="P2 Maximum Traction">
    <script state="run">
      <action>maincpu.pb@E056=1F</action>
    </script>
  </cheat>

  <cheat desc="P2 Minimum Traction">
    <script state="run">
      <action>maincpu.pb@E056=00</action>
    </script>
  </cheat>

</mamecheat>
<!-- Cheat file downloaded from http://www.mamecheat.co.uk, see cheat.txt for list of contributors. -->
