<mamecheat version="1">

  <cheat desc="코인 무제한">
    <script state="run">
      <action>maincpu.pb@87D8=09</action>
    </script>
  </cheat>

  <cheat desc="무적">
    <script state="on">
      <action>temp0 =maincpu.mb@53B5</action>
      <action>temp1 =maincpu.mb@53D0</action>
      <action>temp2 =maincpu.mb@5420</action>
      <action>temp3 =maincpu.mb@5586</action>
      <action>temp4 =maincpu.mb@5625</action>
      <action>temp5 =maincpu.mb@566D</action>
      <action>temp6 =banks.mb@8481</action>
    </script>
    <script state="run">
      <action>maincpu.mb@53B5=C9</action>
      <action>maincpu.mb@53D0=C9</action>
      <action>maincpu.mb@5420=C9</action>
      <action>maincpu.mb@5586=C9</action>
      <action>maincpu.mb@5625=C9</action>
      <action>maincpu.mb@566D=C9</action>
      <action>banks.mb@8481=C9</action>
    </script>
    <script state="off">
      <action>maincpu.mb@53B5=temp0 </action>
      <action>maincpu.mb@53D0=temp1 </action>
      <action>maincpu.mb@5420=temp2 </action>
      <action>maincpu.mb@5586=temp3 </action>
      <action>maincpu.mb@5625=temp4 </action>
      <action>maincpu.mb@566D=temp5 </action>
      <action>banks.mb@8481=temp6 </action>
    </script>
  </cheat>

  <cheat desc="Rapid Normal Fire">
    <script state="run">
      <action>maincpu.pb@8049=00|(maincpu.pb@8049 BAND ~10)</action>
    </script>
  </cheat>

  <cheat desc="Rapid Laser Fire">
    <script state="run">
      <action>maincpu.pb@8049=00|(maincpu.pb@8049 BAND ~01)</action>
    </script>
  </cheat>

  <cheat desc=" "/>

  <cheat desc="P1 생명 무제한">
    <script state="run">
      <action>maincpu.pb@8032=04</action>
    </script>
  </cheat>

  <cheat desc="P2 생명 무제한">
    <script state="run">
      <action>maincpu.pb@8033=04</action>
    </script>
  </cheat>

</mamecheat>
<!-- Cheat file downloaded from http://www.mamecheat.co.uk, see cheat.txt for list of contributors. -->
