<mamecheat version="1">

  <cheat desc="총알 속도 빠르게"> <comment>Can't charge the Energy</comment>
    <script state="on">
      <action>temp0 =maincpu.rw@00E190</action>
    </script>
    <script state="run">
      <action>maincpu.rw@00E190=6004</action>
    </script>
    <script state="off">
      <action>maincpu.rw@00E190=temp0 </action>
    </script>
  </cheat>

  <cheat desc=" "/>

  <cheat desc="P1 이어하기 무제한">
    <script state="run">
      <action>maincpu.pb@1000D8=FF</action>
    </script>
  </cheat>

  <cheat desc="P1 생명 무제한">
    <script state="run">
      <action>maincpu.pb@100343=03</action>
    </script>
  </cheat>

  <cheat desc="P1 무적"> <comment>Enable 무적 after you've started the first stage. If you enable on the Take Off screen,the game will be crash.</comment>
    <script state="run">
      <action>maincpu.pb@((maincpu.pw@105542)+100049)=03</action>
    </script>
  </cheat>

  <cheat desc="P1 Maximum Shot Power (Blue Weapon)">
    <script state="run">
      <action>maincpu.pb@100350=07</action>
    </script>
  </cheat>

  <cheat desc="P1 Maximum Bomb Power (Orange Weapon)">
    <script state="run">
      <action>maincpu.pb@100351=05</action>
    </script>
  </cheat>

  <cheat desc="P1 Maximum Missile Power (Yellow Weapon)">
    <script state="run">
      <action>maincpu.pb@100352=08</action>
    </script>
  </cheat>

  <cheat desc="P1 Maximum Unit Power (Green Weapon)">
    <script state="run">
      <action>maincpu.pb@100353=08</action>
    </script>
  </cheat>

  <cheat desc="P1 Perfect Bonus"> <comment>And no bonus for P2</comment>
    <script state="run">
      <action>maincpu.pb@1001A7=07</action>
      <action>maincpu.pb@1001A9=00</action>
    </script>
  </cheat>

  <cheat desc=" "/>

  <cheat desc="P2 이어하기 무제한">
    <script state="run">
      <action>maincpu.pb@1000D9=FF</action>
    </script>
  </cheat>

  <cheat desc="P2 생명 무제한">
    <script state="run">
      <action>maincpu.pb@100383=03</action>
    </script>
  </cheat>

  <cheat desc="P2 무적"> <comment>Enable 무적 after you've started the first stage. If you enable on the Take Off screen,the game will be crash.</comment>
    <script state="run">
      <action>maincpu.pb@((maincpu.pw@105546)+100049)=03</action>
    </script>
  </cheat>

  <cheat desc="P2 Maximum Shot Power (Blue Weapon)">
    <script state="run">
      <action>maincpu.pb@100390=07</action>
    </script>
  </cheat>

  <cheat desc="P2 Maximum Bomb Power (Orange Weapon)">
    <script state="run">
      <action>maincpu.pb@100391=05</action>
    </script>
  </cheat>

  <cheat desc="P2 Maximum Missile Power (Yellow Weapon)">
    <script state="run">
      <action>maincpu.pb@100392=08</action>
    </script>
  </cheat>

  <cheat desc="P2 Maximum Unit Power (Green Weapon)">
    <script state="run">
      <action>maincpu.pb@100393=08</action>
    </script>
  </cheat>

  <cheat desc="P2 Perfect Bonus"> <comment>And no bonus for P1</comment>
    <script state="run">
      <action>maincpu.pb@1001A7=00</action>
      <action>maincpu.pb@1001A9=07</action>
    </script>
  </cheat>

  <cheat desc=" "/>

  <cheat desc="카트리지/ 네오지오 타입 선택"> <comment>Use in conjunction with the '램/롬 체크 스킵' cheat for the best effect, then enable it and reset. The Home (NEOGEO) setting may open up other aspects of the game or it may even make the game unplayable.</comment>
    <parameter>
      <item value="0x80">Arcade (MVS)</item>
      <item value="0x00">Home (NEOGEO)</item>
    </parameter>
    <script state="run">
      <action>maincpu.pb@10FD82=param</action>
    </script>
  </cheat>

  <cheat desc="램/롬 체크 스킵"> <comment>Also allows a quicker start-up without the green screens.</comment>
    <script state="on">
      <action>temp0 =maincpu.rd@C1315C</action>
      <action>temp1 =maincpu.rd@C1314E</action>
      <action>temp2 =maincpu.rd@C131E8</action>
      <action>temp3 =maincpu.rd@C13184</action>
      <action>temp4 =maincpu.rd@C1212E</action>
      <action>temp5 =maincpu.rd@C134FA</action>
    </script>
    <script state="run">
      <action condition="(maincpu.rd@C1315C==51CFFFF2)">maincpu.rd@C1315C=6000EB08</action> <!-- Euro + Japan-S2 BIOSs -->
      <action condition="(maincpu.rd@C1314E==51CFFFF2)">maincpu.rd@C1314E=6000EB16</action> <!-- Euro-S1 + Japan-S1 BIOSs -->
      <action condition="(maincpu.rd@C131E8==51CFFFF2)">maincpu.rd@C131E8=6000EA52</action> <!-- US BIOS -->
      <action condition="(maincpu.rd@C13184==51CFFFF2)">maincpu.rd@C13184=6000EAB6</action> <!-- US-E BIOS -->
      <action condition="(maincpu.rd@C1212E==51CFFFF2)">maincpu.rd@C1212E=6000EB36</action> <!-- Asia BIOS -->
      <action condition="(maincpu.rd@C134FA==51CFFFF2)">maincpu.rd@C134FA=6000E892</action> <!-- Japan BIOS -->
    </script>
    <script state="off">
      <action>maincpu.rd@C1315C=temp0 </action>
      <action>maincpu.rd@C1314E=temp1 </action>
      <action>maincpu.rd@C131E8=temp2 </action>
      <action>maincpu.rd@C13184=temp3 </action>
      <action>maincpu.rd@C1212E=temp4 </action>
      <action>maincpu.rd@C134FA=temp5 </action>
    </script>
  </cheat>

  <cheat desc="코인 무제한"> <comment>Alternatively just set Free Play to ON in the Dip Switches menu</comment>
    <script state="run">
      <action>maincpu.rb@D00034=99</action>
    </script>
  </cheat>

</mamecheat>
<!-- Cheat file downloaded from http://www.mamecheat.co.uk, see cheat.txt for list of contributors. -->
