<mamecheat version="1">

  <cheat desc="코인 무제한">
    <script state="run">
      <action>maincpu.pb@80EE=99</action>
    </script>
  </cheat>

  <cheat desc="시간 무제한">
    <script state="run">
      <action>maincpu.pb@8685=C8</action>
    </script>
  </cheat>

  <cheat desc="생명 무제한">
    <script state="run">
      <action>maincpu.pb@8665=09</action>
    </script>
  </cheat>

  <cheat desc="무적">
    <script state="on">
      <action>temp0 =maincpu.mb@1019</action>
      <action>temp1 =maincpu.mb@1A30</action>
      <action>temp2 =maincpu.mb@1D9D</action>
      <action>temp3 =maincpu.mb@2011</action>
      <action>temp4 =maincpu.mb@3CD1</action>
      <action>temp5 =maincpu.mb@3D31</action>
    </script>
    <script state="run">
      <action>maincpu.mb@1019=00</action> <!-- Ant -->
      <action>maincpu.mb@1A30=C9</action> <!-- Worm (Bonus Head On Now Too) -->
      <action>maincpu.mb@1D9D=00</action> <!-- Beetle -->
      <action>maincpu.mb@2011=00</action> <!-- Caterpillar -->
      <action>maincpu.mb@3CD1=C1</action> <!-- Spider (Pass Through + Head On Later Touch) -->
      <action>maincpu.mb@3D31=C1</action> <!-- Spider (Head On - First Touch) -->
    </script>
    <script state="off">
      <action>maincpu.mb@1019=temp0 </action>
      <action>maincpu.mb@1A30=temp1 </action>
      <action>maincpu.mb@1D9D=temp2 </action>
      <action>maincpu.mb@2011=temp3 </action>
      <action>maincpu.mb@3CD1=temp4 </action>
      <action>maincpu.mb@3D31=temp5 </action>
    </script>
  </cheat>

  <cheat desc="One Dot to Finish Level Now!">
    <script state="on">
      <action>maincpu.pb@86B2=01</action>
      <action>maincpu.pb@8669=00</action>
    </script>
  </cheat>

  <cheat desc="시작 레벨 선택">
    <parameter min="1" max="99" step="1"/>
    <script state="run">
      <action condition="(maincpu.pb@8666==00)">maincpu.pb@8666=(param-1)</action>
    </script>
  </cheat>

</mamecheat>
<!-- Cheat file downloaded from http://www.mamecheat.co.uk, see cheat.txt for list of contributors. -->
