<mamecheat version="1">

  <cheat desc="코인 무제한">
    <script state="run">
      <action>maincpu.pb@04EE=99</action>
    </script>
  </cheat>

  <cheat desc="시간 무제한">
    <script state="run">
      <action>maincpu.pb@0A85=C8</action>
    </script>
  </cheat>

  <cheat desc="생명 무제한">
    <script state="run">
      <action>maincpu.pb@0A65=09</action>
    </script>
  </cheat>

  <cheat desc="무적">
    <script state="on">
      <action>temp0 =maincpu.mb@4BDC</action>
      <action>temp1 =maincpu.mb@6887</action>
      <action>temp2 =maincpu.mb@6BC7</action>
      <action>temp3 =maincpu.mb@6E28</action>
      <action>temp4 =maincpu.mb@9027</action>
      <action>temp5 =maincpu.mb@9087</action>
    </script>
    <script state="run">
      <action>maincpu.mb@4BDC=00</action> <!-- Ant -->
      <action>maincpu.mb@6887=C9</action> <!-- Worm (Bonus Head On Now Too) -->
      <action>maincpu.mb@6BC7=00</action> <!-- Beetle -->
      <action>maincpu.mb@6E28=00</action> <!-- Caterpillar -->
      <action>maincpu.mb@9027=0D</action> <!-- Spider (Pass Through + Head On Later Touch) -->
      <action>maincpu.mb@9087=0D</action> <!-- Spider (Head On - First Touch) -->
    </script>
    <script state="off">
      <action>maincpu.mb@4BDC=temp0 </action>
      <action>maincpu.mb@6887=temp1 </action>
      <action>maincpu.mb@6BC7=temp2 </action>
      <action>maincpu.mb@6E28=temp3 </action>
      <action>maincpu.mb@9027=temp4 </action>
      <action>maincpu.mb@9087=temp5 </action>
    </script>
  </cheat>

  <cheat desc="One Dot to Finish Level Now!">
    <script state="on">
      <action>maincpu.pb@0AB2=01</action>
      <action>maincpu.pb@0A69=00</action>
    </script>
  </cheat>

  <cheat desc="시작 레벨 선택">
    <parameter min="1" max="99" step="1"/>
    <script state="run">
      <action condition="(maincpu.pb@0A66==00)">maincpu.pb@0A66=(param-1)</action>
    </script>
  </cheat>

</mamecheat>
<!-- Cheat file downloaded from http://www.mamecheat.co.uk, see cheat.txt for list of contributors. -->
