<mamecheat version="1">

  <cheat desc="코인 무제한">
    <script state="run">
      <action>maincpu.pb@40EE=99</action>
    </script>
  </cheat>

  <cheat desc="시간 무제한">
    <script state="run">
      <action>maincpu.pb@4685=C8</action>
    </script>
  </cheat>

  <cheat desc="생명 무제한">
    <script state="run">
      <action>maincpu.pb@4665=09</action>
    </script>
  </cheat>

  <cheat desc="무적">
    <script state="on">
      <action>temp0 =maincpu.mb@0A3F</action>
      <action>temp1 =maincpu.mb@12E2</action>
      <action>temp2 =maincpu.mb@1622</action>
      <action>temp3 =maincpu.mb@1883</action>
      <action>temp4 =maincpu.mb@3349</action>
      <action>temp5 =maincpu.mb@33A9</action>
    </script>
    <script state="run">
      <action>maincpu.mb@0A3F=00</action> <!-- Ant -->
      <action>maincpu.mb@12E2=C9</action> <!-- Worm (Bonus Head On Now Too) -->
      <action>maincpu.mb@1622=00</action> <!-- Beetle -->
      <action>maincpu.mb@1883=00</action> <!-- Caterpillar -->
      <action>maincpu.mb@3349=38</action> <!-- Spider (Pass Through + Head On Later Touch) -->
      <action>maincpu.mb@33A9=38</action> <!-- Spider (Head On - First Touch) -->
    </script>
    <script state="off">
      <action>maincpu.mb@0A3F=temp0 </action>
      <action>maincpu.mb@12E2=temp1 </action>
      <action>maincpu.mb@1622=temp2 </action>
      <action>maincpu.mb@1883=temp3 </action>
      <action>maincpu.mb@3349=temp4 </action>
      <action>maincpu.mb@33A9=temp5 </action>
    </script>
  </cheat>

  <cheat desc="One Dot to Finish Level Now!">
    <script state="on">
      <action>maincpu.pb@46B2=01</action>
      <action>maincpu.pb@4669=00</action>
    </script>
  </cheat>

  <cheat desc="시작 레벨 선택">
    <parameter min="1" max="99" step="1"/>
    <script state="run">
      <action condition="(maincpu.pb@4666==00)">maincpu.pb@4666=(param-1)</action>
    </script>
  </cheat>

</mamecheat>
<!-- Cheat file downloaded from http://www.mamecheat.co.uk, see cheat.txt for list of contributors. -->
