<mamecheat version="1">

  <cheat desc="시간 무제한 (Turn OFF on the Bonus Stage!)">
    <script state="run">
      <action>maincpu.pb@108406=99</action>
    </script>
  </cheat>

  <cheat desc="Finish this Fight Now!">
    <script state="on">
      <action>maincpu.pb@108406=00</action>
    </script>
  </cheat>

  <cheat desc="적 방어 무력화  (Both Players)">
    <script state="on">
      <action>temp0 =maincpu.rw@010CAC</action>
    </script>
    <script state="run">
      <action>maincpu.rw@010CAC=6012</action> <!-- This ROM cheat was made by nolberto82 -->
    </script>
    <script state="off">
      <action>maincpu.rw@010CAC=temp0 </action>
    </script>
  </cheat>

  <cheat desc="Desperation Move (Both Players)"> <comment>Ryo or Robert's desperation move is always available. Perform desperation move with joystick D, DF, F and then key C followed by key A.</comment>
    <script state="on">
      <action>temp0 =maincpu.rb@0139AB</action>
      <action>temp1 =maincpu.rb@0139B9</action>
    </script>
    <script state="run">
      <action>maincpu.rb@0139AB=00</action> <!-- This ROM cheat was made by syndromtr -->
      <action>maincpu.rb@0139B9=80</action>
    </script>
    <script state="off">
      <action>maincpu.rb@0139AB=temp0 </action>
      <action>maincpu.rb@0139B9=temp1 </action>
    </script>
  </cheat>

  <cheat desc="Always successful in all Bonus Games"> <comment>This cheat must be turned on before selecting a bonus game. Selected bonus game will be succeed.</comment>
    <script state="on">
      <action>temp0 =maincpu.rw@00EAC8</action>
      <action>temp1 =maincpu.rw@00DC22</action>
      <action>temp2 =maincpu.pb@10870F</action>
      <action>temp3 =maincpu.pb@108448</action>
    </script>
    <script state="run">
      <action>maincpu.rw@00EAC8=600C</action> <!-- This ROM cheat was made by syndromtr -->
      <action>maincpu.rw@00DC22=600C</action>
      <action condition="(maincpu.pw@109EAE == F91C) AND (maincpu.pb@10843B == 02)">maincpu.pb@10870F=FF</action>
      <action condition="(maincpu.pw@109EAE == F91C) AND (maincpu.pb@10843B == 02)">maincpu.pb@108448=01</action>
    </script>
    <script state="off">
      <action>maincpu.rw@00EAC8=temp0 </action>
      <action>maincpu.rw@00DC22=temp1 </action>
      <action>maincpu.pb@10870F=temp2 </action>
      <action>maincpu.pb@108448=temp3 </action>
    </script>
  </cheat>

  <cheat desc="King's costume always flies off"> <comment>Any final hit will cause King's costume fly off, instead of special move.</comment>
    <script state="on">
      <action>temp0=maincpu.rb@016A32</action>
    </script>
    <script state="run">
      <action>maincpu.rb@016A32=60</action> <!-- This ROM cheat was made by syndromtr -->
    </script>
    <script state="off">
      <action>maincpu.rb@016A32=temp0</action>
    </script>
  </cheat>

  <cheat desc="Easy F,D,DF moves"> <comment>F,D,F + Button A to perform uppercut. (For Ryo, Robert and Mr. Karate.)</comment>
    <script state="on">
      <action>temp0=maincpu.rb@014144</action>
      <action>temp1=maincpu.rb@014500</action>
    </script>
    <script state="run">
      <action>maincpu.rb@014144=18</action> <!-- This ROM cheat was made by syndromtr -->
      <action>maincpu.rb@014500=18</action>
    </script>
    <script state="off">
      <action>maincpu.rb@014144=temp0</action>
      <action>maincpu.rb@014500=temp1</action>
    </script>
  </cheat>

  <cheat desc="Unlock Secret Characters at VS Mode Select Player Screen"> <comment>Enable it before VS Mode Select Player. Unlocks Mr. Big and Mr. Karate.</comment>
    <script state="on">
      <action>temp0=maincpu.rd@00A860</action>
    </script>
    <script state="run">
      <action>maincpu.rd@00A860=303C000B</action> <!-- This ROM cheat was made by syndromtr -->
    </script>
    <script state="off">
      <action>maincpu.rd@00A860=temp0</action>
    </script>
  </cheat>

  <cheat desc="Select Perm Winner">
    <parameter>
      <item value="0x90">P1</item>
      <item value="0x91">P2</item>
    </parameter>
    <script state="run">
      <action>maincpu.pb@10840A=param</action>
    </script>
  </cheat>

  <cheat desc=" "/>

  <cheat desc="P1 에너지 무제한">
    <script state="run">
      <action>maincpu.pb@1092CD=60</action>
    </script>
  </cheat>

  <cheat desc="P1 Drain All Energy Now!">
    <script state="on">
      <action>maincpu.pb@1092CD=01</action>
    </script>
  </cheat>

  <cheat desc="P1 Infinite Power">
    <script state="run">
      <action>maincpu.pb@1094A4=80</action>
    </script>
  </cheat>

  <cheat desc="P1 Always have Minimum Power">
    <script state="run">
      <action>maincpu.pb@1094A4=00</action>
    </script>
  </cheat>

  <cheat desc="P1 Drain All Power Now!">
    <script state="on">
      <action>maincpu.pb@1094A4=00</action>
    </script>
  </cheat>

  <cheat desc="P1 Select C button action"> <comment>The C button does essentially what the A or B button does (outside throw range), depending on which button was pressed last. Eg pressing A, then C will throw a punch for the C press, while pressing B then C will throw a kick for the C action.</comment>
    <parameter>
      <item value="0x00">Punch</item>
      <item value="0x01">Kick</item>
    </parameter>
    <script state="run">
      <action>maincpu.pb@1094B5=param|(maincpu.pb@1094B5 BAND ~01)</action>
    </script>
  </cheat>

  <cheat desc="P1 캐릭터 선택"> <comment>This cheat switches the character immediately when your character moves but the energy bar character icon and name won't update till the next round.</comment>
    <parameter>
      <item value="0x0000">Ryo Sakazaki</item>
      <item value="0x0001">Robert Garcia</item>
      <item value="0x0002">Ryuhaku Todo</item>
      <item value="0x0003">Jack Turner</item>
      <item value="0x0004">Lee Pai Long</item>
      <item value="0x0005">King</item>
      <item value="0x0006">Micky Rodgers</item>
      <item value="0x0007">John Crawley</item>
      <item value="0x0008">#Mr. Big</item>
      <item value="0x0009">#Mr. Karate</item>
    </parameter>
    <script state="run">
      <action>maincpu.pw@1092C2=param</action>
    </script>
  </cheat>

  <cheat desc=" "/>

  <cheat desc="P2 에너지 무제한">
    <script state="run">
      <action>maincpu.pb@1093CD=60</action>
    </script>
  </cheat>

  <cheat desc="P2 Drain All Energy Now!">
    <script state="on">
      <action>maincpu.pb@1093CD=01</action>
    </script>
  </cheat>

  <cheat desc="P2 Infinite Power">
    <script state="run">
      <action>maincpu.pb@1095A4=80</action>
    </script>
  </cheat>

  <cheat desc="P2 Always have Minimum Power">
    <script state="run">
      <action>maincpu.pb@1095A4=00</action>
    </script>
  </cheat>

  <cheat desc="P2 Drain All Power Now!">
    <script state="on">
      <action>maincpu.pb@1095A4=00</action>
    </script>
  </cheat>

  <cheat desc="P2 Select C button action"> <comment>The C button does essentially what the A or B button does (outside throw range), depending on which button was pressed last. Eg pressing A, then C will throw a punch for the C press, while pressing B then C will throw a kick for the C action.</comment>
    <parameter>
      <item value="0x00">Punch</item>
      <item value="0x01">Kick</item>
    </parameter>
    <script state="run">
      <action>maincpu.pb@1095B5=param|(maincpu.pb@1095B5 BAND ~01)</action>
    </script>
  </cheat>

  <cheat desc="P2 캐릭터 선택"> <comment>This cheat switches the character immediately when your character moves but the energy bar character icon and name won't update till the next round.</comment>
    <parameter>
      <item value="0x0000">Ryo Sakazaki</item>
      <item value="0x0001">Robert Garcia</item>
      <item value="0x0002">Ryuhaku Todo</item>
      <item value="0x0003">Jack Turner</item>
      <item value="0x0004">Lee Pai Long</item>
      <item value="0x0005">King</item>
      <item value="0x0006">Micky Rodgers</item>
      <item value="0x0007">John Crawley</item>
      <item value="0x0008">#Mr. Big</item>
      <item value="0x0009">#Mr. Karate</item>
    </parameter>
    <script state="run">
      <action>maincpu.pw@1093C2=param</action>
    </script>
  </cheat>

  <cheat desc=" "/>

  <cheat desc="카트리지/ 네오지오 타입 선택"> <comment>Use in conjunction with the '램/롬 체크 스킵' cheat for the best effect, then enable it and reset. The Home (NEOGEO) setting may open up other aspects of the game or it may even make the game unplayable.</comment>
    <parameter>
      <item value="0x80">Arcade (MVS)</item>
      <item value="0x00">Home (NEOGEO)</item>
    </parameter>
    <script state="run">
      <action>maincpu.pb@10FD82=param</action>
    </script>
  </cheat>

  <cheat desc="램/롬 체크 스킵"> <comment>Also allows a quicker start-up without the green screens.</comment>
    <script state="on">
      <action>temp0 =maincpu.rd@C1315C</action>
      <action>temp1 =maincpu.rd@C1314E</action>
      <action>temp2 =maincpu.rd@C131E8</action>
      <action>temp3 =maincpu.rd@C13184</action>
      <action>temp4 =maincpu.rd@C1212E</action>
      <action>temp5 =maincpu.rd@C134FA</action>
    </script>
    <script state="run">
      <action condition="(maincpu.rd@C1315C==51CFFFF2)">maincpu.rd@C1315C=6000EB08</action> <!-- Euro + Japan-S2 BIOSs -->
      <action condition="(maincpu.rd@C1314E==51CFFFF2)">maincpu.rd@C1314E=6000EB16</action> <!-- Euro-S1 + Japan-S1 BIOSs -->
      <action condition="(maincpu.rd@C131E8==51CFFFF2)">maincpu.rd@C131E8=6000EA52</action> <!-- US BIOS -->
      <action condition="(maincpu.rd@C13184==51CFFFF2)">maincpu.rd@C13184=6000EAB6</action> <!-- US-E BIOS -->
      <action condition="(maincpu.rd@C1212E==51CFFFF2)">maincpu.rd@C1212E=6000EB36</action> <!-- Asia BIOS -->
      <action condition="(maincpu.rd@C134FA==51CFFFF2)">maincpu.rd@C134FA=6000E892</action> <!-- Japan BIOS -->
    </script>
    <script state="off">
      <action>maincpu.rd@C1315C=temp0 </action>
      <action>maincpu.rd@C1314E=temp1 </action>
      <action>maincpu.rd@C131E8=temp2 </action>
      <action>maincpu.rd@C13184=temp3 </action>
      <action>maincpu.rd@C1212E=temp4 </action>
      <action>maincpu.rd@C134FA=temp5 </action>
    </script>
  </cheat>

  <cheat desc="코인 무제한"> <comment>Alternatively just set Free Play to ON in the Dip Switches menu</comment>
    <script state="run">
      <action>maincpu.rb@D00034=99</action>
    </script>
  </cheat>

</mamecheat>
<!-- Cheat file downloaded from http://www.mamecheat.co.uk, see cheat.txt for list of contributors. -->
