<mamecheat version="1">

  <cheat desc="코인 무제한/Lives">
    <script state="run">
      <action>maincpu.pb@7D7A=09</action> <!-- Max displayable value for credits is 03E7 but if too many credits are inserted it won't see any at all and you won't be able to start a game -->
    </script>
  </cheat>

  <cheat desc="에너지 무제한">
    <script state="run">
      <action>maincpu.pb@784E=06</action>
    </script>
  </cheat>

  <cheat desc="Maximum Hits">
    <script state="run">
      <action>maincpu.pw@784C=03E7</action>
    </script>
  </cheat>

  <cheat desc="무기 선택">
    <parameter min="0" max="5" step="1"/>
    <script state="run">
      <action>maincpu.pb@16B6=(param)</action>
    </script>
  </cheat>

</mamecheat>
<!-- Cheat file downloaded from http://www.mamecheat.co.uk, see cheat.txt for list of contributors. -->
