<mamecheat version="1">

  <cheat desc="코인 무제한"> <comment>Also fixes no soundcard problem</comment>
    <script state="run">
      <action>audiocpu.pb@0035=1F</action>
    </script>
  </cheat>

  <cheat desc="시간 무제한">
    <script state="run">
      <action condition="(frame % 180 == 0)">maincpu.pb@0DD4=10</action>
    </script>
  </cheat>

  <cheat desc="Infinite Gas">
    <script state="run">
      <action condition="(frame % 180 == 0)">maincpu.pb@0D8B=FF</action>
    </script>
  </cheat>

  <cheat desc="Infinite Demerits">
    <script state="run">
      <action>maincpu.pb@0DD5=00</action>
    </script>
  </cheat>

</mamecheat>
<!-- Cheat file downloaded from http://www.mamecheat.co.uk, see cheat.txt for list of contributors. -->
