<mamecheat version="1">

  <cheat desc="생명 무제한">
    <script state="run">
      <action>maincpu.pb@8669=09</action>
    </script>
  </cheat>

  <cheat desc="무적">
    <script state="on">
      <action>temp0 =maincpu.mb@162B</action>
      <action>temp1 =maincpu.mb@2A2F</action>
      <action>temp2 =maincpu.md@3BC3</action>
      <action>temp3 =maincpu.md@471B</action>
    </script>
    <script state="run">
      <action>maincpu.mb@162B=18</action> <!-- Normal -->
      <action>maincpu.mb@2A2F=C9</action> <!-- Shark Attack on Men -->
      <action>maincpu.md@3BC3=003A72C3</action> <!-- Water (Bonus) -->
      <action>maincpu.md@471B=0045C1C3</action> <!-- Water (Normal) -->
    </script>
    <script state="off">
      <action>maincpu.mb@162B=temp0 </action>
      <action>maincpu.mb@2A2F=temp1 </action>
      <action>maincpu.md@3BC3=temp2 </action>
      <action>maincpu.md@471B=temp3 </action>
    </script>
  </cheat>

  <cheat desc="Fire always enabled">
    <script state="run">
      <action>maincpu.pb@8273=01</action>
    </script>
  </cheat>

  <cheat desc="One man needed to land Now!">
    <script state="on">
      <action>maincpu.pb@868F=01</action>
    </script>
  </cheat>

</mamecheat>
<!-- Cheat file downloaded from http://www.mamecheat.co.uk, see cheat.txt for list of contributors. -->
