<mamecheat version="1">

  <cheat desc=" "/>
  <cheat desc="The winning hand cheat must be activated when"/>
  <cheat desc="there are 14 tiles in your hand, then press"/>
  <cheat desc="the RON key ('Z' by default). The tiles do"/>
  <cheat desc="not visually change until you make a move."/>
  <cheat desc=" "/>

  <cheat desc="Get winning hand Now!">
    <script state="on">
      <action>temp0=0xF406, maincpu.pq@temp0=3333323232313131, maincpu.pd@(temp0+8)=34343433, maincpu.pw@(temp0+c)=3535</action>
    </script>
  </cheat>

  <cheat desc="Always winning hand">
    <script state="run">
      <action>temp0=0xF406, maincpu.pq@temp0=3333323232313131, maincpu.pd@(temp0+8)=34343433, maincpu.pw@(temp0+c)=3535</action>
    </script>
  </cheat>

  <cheat desc="Watch ALL 14 tiles - Player">
    <script state="run">
      <output format="%02X %02X %02X %02X %02X %02X %02X %02X %02X %02X %02X %02X %02X %02X">
        <argument count="14">maincpu.pb@(F406 + argindex)</argument>
      </output>
    </script>
  </cheat>

  <cheat desc="Watch ALL 14 tiles - C.P.U.">
    <script state="run">
      <output format="%02X %02X %02X %02X %02X %02X %02X %02X %02X %02X %02X %02X %02X %02X">
        <argument count="14">maincpu.pb@(F486 + argindex)</argument>
      </output>
    </script>
  </cheat>

  <cheat desc=" "/>
  <cheat desc="Here is the look-up list for the above watches."/>
  <cheat desc="value     common name    chinese"/>
  <cheat desc="01h-09h   1-9 'chars'    1-9 'wan'"/>
  <cheat desc="11h-19h   1-9 'dots'     1-9 'tung'"/>
  <cheat desc="21h-29h   1-9 'bamboo'   1-9 'tiao'"/>
  <cheat desc="31h-34h   East,South,West+North 'wind'"/>
  <cheat desc="35h-37h   White,Green+Red 'dragon'"/>
  <cheat desc="3Fh       - no tile -"/>

</mamecheat>
<!-- Cheat file downloaded from http://www.mamecheat.co.uk, see cheat.txt for list of contributors. -->
