<mamecheat version="1">

  <cheat desc="코인 무제한">
    <script state="on">
      <action>maincpu.pb@E01F=03</action>
    </script>
    <script state="run">
      <action>maincpu.pb@E027=63</action>
    </script>
  </cheat>

  <cheat desc="시간 무제한">
    <script state="run">
      <action>maincpu.pb@E26D=09</action>
    </script>
  </cheat>

  <cheat desc="Finish this Round Now!"> <comment>Disable 시간 무제한 before activating this cheat</comment>
    <script state="on">
      <action>maincpu.pb@E26B=00</action>
      <action>maincpu.pb@E26C=00</action>
      <action>maincpu.pb@E26D=00</action>
    </script>
  </cheat>

</mamecheat>
<!-- Cheat file downloaded from http://www.mamecheat.co.uk, see cheat.txt for list of contributors. -->
