<mamecheat version="1">

  <cheat desc="시간 무제한">
    <script state="run">
      <action>maincpu.pw@E0D86A=178C</action>
    </script>
  </cheat>

  <cheat desc="Always 1st Place">
    <script state="on">
      <action>temp0 =maincpu.mw@022850</action>
    </script>
    <script state="run">
      <action>maincpu.mw@022850=4E71</action> <!-- This ROM cheat was made by solitarius -->
      <action>maincpu.pb@E0D8C7=01</action>
    </script>
    <script state="off">
      <action>maincpu.mw@022850=temp0 </action>
    </script>
  </cheat>

  <cheat desc=" "/>

  <cheat desc="Don't stop music playback in test menu">
    <script state="run">
      <action>maincpu.pb@E0D2DA=80</action>
    </script>
  </cheat>

</mamecheat>
<!-- Cheat file downloaded from http://www.mamecheat.co.uk, see cheat.txt for list of contributors. -->
