<mamecheat version="1">

  <cheat desc="코인 무제한">
    <script state="run">
      <action>maincpu.pb@100049=09</action>
    </script>
  </cheat>

  <cheat desc="생명 무제한">
    <script state="run">
      <action>maincpu.pb@100115=06</action>
    </script>
  </cheat>

  <cheat desc="미사일 무제한">
    <script state="run">
      <action>maincpu.pb@10012B=11</action>
    </script>
  </cheat>

  <cheat desc="무적">
    <script state="on">
      <action>temp0 =maincpu.mb@0033B0</action>
    </script>
    <script state="run">
      <action>maincpu.mb@0033B0=60</action>
    </script>
    <script state="off">
      <action>maincpu.mb@0033B0=temp0 </action>
    </script>
  </cheat>

  <cheat desc="See End Sequence after this Round Now!"> <comment>Enable the cheat during play</comment>
    <script state="on">
      <action>maincpu.pb@100117=07</action>
    </script>
  </cheat>

</mamecheat>
<!-- Cheat file downloaded from http://www.mamecheat.co.uk, see cheat.txt for list of contributors. -->
