<mamecheat version="1">

  <cheat desc="Beat This Level Now!"> <comment>Don't enable until the timer starts, or the game may crash</comment>
    <script state="on">
      <action>maincpu.pb@1D1668=06</action>
      <action>maincpu.pb@1D166E=06</action>
      <action>maincpu.pb@1D1674=06</action>
      <action>maincpu.pb@1D167A=06</action>
      <action>maincpu.pb@1D1680=06</action>
      <action>maincpu.pb@1D1686=06</action>
      <action>maincpu.pb@1D168C=06</action>
      <action>maincpu.pb@1D1692=06</action>
      <action>maincpu.pb@1D1698=06</action>
      <action>maincpu.pb@1D169E=06</action>
    </script>
  </cheat>

</mamecheat>
<!-- Cheat file downloaded from http://www.mamecheat.co.uk, see cheat.txt for list of contributors. -->
