<mamecheat version="1">

  <cheat desc="코인 무제한">
    <script state="run">
      <action>maincpu.pb@FF8BF7=09</action>
    </script>
  </cheat>

  <cheat desc=" "/>

  <cheat desc="P1 Attack 무적">
    <parameter>
      <item value="0x07">Off + VERY MORTAL!</item>
      <item value="0x00">On</item>
    </parameter>
    <script state="run">
      <action>maincpu.pb@FF9A61=param</action>
    </script>
  </cheat>

  <cheat desc="P1 Next Top Shape always =">
    <parameter>
      <item value="0x0800">Yellow Fish</item>
      <item value="0x4800">Yellow Fish in Bubble</item>
      <item value="0x0801">Zebra Fish</item>
      <item value="0x4801">Zebra Fish in Bubble</item>
      <item value="0x0802">Blue Fish</item>
      <item value="0x4802">Blue Fish in Bubble</item>
      <item value="0x0803">Red Fish</item>
      <item value="0x4803">Red Fish in Bubble</item>
      <item value="0x0804">Green Fish</item>
      <item value="0x4804">Green Fish in Bubble</item>
      <item value="0x4000">Empty Bubble</item>
      <item value="0x5800">Pink Bubble</item>
    </parameter>
    <script state="run">
      <action>maincpu.pw@FF4004=param</action>
    </script>
  </cheat>

  <cheat desc="P1 Next Mid Shape always =">
    <parameter>
      <item value="0x0800">Yellow Fish</item>
      <item value="0x4800">Yellow Fish in Bubble</item>
      <item value="0x0801">Zebra Fish</item>
      <item value="0x4801">Zebra Fish in Bubble</item>
      <item value="0x0802">Blue Fish</item>
      <item value="0x4802">Blue Fish in Bubble</item>
      <item value="0x0803">Red Fish</item>
      <item value="0x4803">Red Fish in Bubble</item>
      <item value="0x0804">Green Fish</item>
      <item value="0x4804">Green Fish in Bubble</item>
      <item value="0x4000">Empty Bubble</item>
      <item value="0x5800">Pink Bubble</item>
    </parameter>
    <script state="run">
      <action>maincpu.pw@FF400A=param</action>
    </script>
  </cheat>

  <cheat desc="P1 Next Bot Shape always =">
    <parameter>
      <item value="0x0800">Yellow Fish</item>
      <item value="0x4800">Yellow Fish in Bubble</item>
      <item value="0x0801">Zebra Fish</item>
      <item value="0x4801">Zebra Fish in Bubble</item>
      <item value="0x0802">Blue Fish</item>
      <item value="0x4802">Blue Fish in Bubble</item>
      <item value="0x0803">Red Fish</item>
      <item value="0x4803">Red Fish in Bubble</item>
      <item value="0x0804">Green Fish</item>
      <item value="0x4804">Green Fish in Bubble</item>
      <item value="0x4000">Empty Bubble</item>
      <item value="0x5800">Pink Bubble</item>
    </parameter>
    <script state="run">
      <action>maincpu.pw@FF4010=param</action>
    </script>
  </cheat>

  <cheat desc="P1 Next Top Shape Now! =">
    <parameter>
      <item value="0x0800">Yellow Fish</item>
      <item value="0x4800">Yellow Fish in Bubble</item>
      <item value="0x0801">Zebra Fish</item>
      <item value="0x4801">Zebra Fish in Bubble</item>
      <item value="0x0802">Blue Fish</item>
      <item value="0x4802">Blue Fish in Bubble</item>
      <item value="0x0803">Red Fish</item>
      <item value="0x4803">Red Fish in Bubble</item>
      <item value="0x0804">Green Fish</item>
      <item value="0x4804">Green Fish in Bubble</item>
      <item value="0x4000">Empty Bubble</item>
      <item value="0x5800">Pink Bubble</item>
    </parameter>
    <script state="change">
      <action>maincpu.pw@FF4004=param</action>
    </script>
  </cheat>

  <cheat desc="P1 Next Mid Shape Now! =">
    <parameter>
      <item value="0x0800">Yellow Fish</item>
      <item value="0x4800">Yellow Fish in Bubble</item>
      <item value="0x0801">Zebra Fish</item>
      <item value="0x4801">Zebra Fish in Bubble</item>
      <item value="0x0802">Blue Fish</item>
      <item value="0x4802">Blue Fish in Bubble</item>
      <item value="0x0803">Red Fish</item>
      <item value="0x4803">Red Fish in Bubble</item>
      <item value="0x0804">Green Fish</item>
      <item value="0x4804">Green Fish in Bubble</item>
      <item value="0x4000">Empty Bubble</item>
      <item value="0x5800">Pink Bubble</item>
    </parameter>
    <script state="change">
      <action>maincpu.pw@FF400A=param</action>
    </script>
  </cheat>

  <cheat desc="P1 Next Bot Shape Now! =">
    <parameter>
      <item value="0x0800">Yellow Fish</item>
      <item value="0x4800">Yellow Fish in Bubble</item>
      <item value="0x0801">Zebra Fish</item>
      <item value="0x4801">Zebra Fish in Bubble</item>
      <item value="0x0802">Blue Fish</item>
      <item value="0x4802">Blue Fish in Bubble</item>
      <item value="0x0803">Red Fish</item>
      <item value="0x4803">Red Fish in Bubble</item>
      <item value="0x0804">Green Fish</item>
      <item value="0x4804">Green Fish in Bubble</item>
      <item value="0x4000">Empty Bubble</item>
      <item value="0x5800">Pink Bubble</item>
    </parameter>
    <script state="change">
      <action>maincpu.pw@FF4010=param</action>
    </script>
  </cheat>

  <cheat desc=" "/>

  <cheat desc="P2 Attack 무적">
    <parameter>
      <item value="0x07">Off + VERY MORTAL!</item>
      <item value="0x00">On</item>
    </parameter>
    <script state="run">
      <action>maincpu.pb@FF9A63=param</action>
    </script>
  </cheat>

  <cheat desc="P2 Next Top Shape always =">
    <parameter>
      <item value="0x0800">Yellow Fish</item>
      <item value="0x4800">Yellow Fish in Bubble</item>
      <item value="0x0801">Zebra Fish</item>
      <item value="0x4801">Zebra Fish in Bubble</item>
      <item value="0x0802">Blue Fish</item>
      <item value="0x4802">Blue Fish in Bubble</item>
      <item value="0x0803">Red Fish</item>
      <item value="0x4803">Red Fish in Bubble</item>
      <item value="0x0804">Green Fish</item>
      <item value="0x4804">Green Fish in Bubble</item>
      <item value="0x4000">Empty Bubble</item>
      <item value="0x5800">Pink Bubble</item>
    </parameter>
    <script state="run">
      <action>maincpu.pw@FF3404=param</action>
    </script>
  </cheat>

  <cheat desc="P2 Next Mid Shape always =">
    <parameter>
      <item value="0x0800">Yellow Fish</item>
      <item value="0x4800">Yellow Fish in Bubble</item>
      <item value="0x0801">Zebra Fish</item>
      <item value="0x4801">Zebra Fish in Bubble</item>
      <item value="0x0802">Blue Fish</item>
      <item value="0x4802">Blue Fish in Bubble</item>
      <item value="0x0803">Red Fish</item>
      <item value="0x4803">Red Fish in Bubble</item>
      <item value="0x0804">Green Fish</item>
      <item value="0x4804">Green Fish in Bubble</item>
      <item value="0x4000">Empty Bubble</item>
      <item value="0x5800">Pink Bubble</item>
    </parameter>
    <script state="run">
      <action>maincpu.pw@FF340A=param</action>
    </script>
  </cheat>

  <cheat desc="P2 Next Bot Shape always =">
    <parameter>
      <item value="0x0800">Yellow Fish</item>
      <item value="0x4800">Yellow Fish in Bubble</item>
      <item value="0x0801">Zebra Fish</item>
      <item value="0x4801">Zebra Fish in Bubble</item>
      <item value="0x0802">Blue Fish</item>
      <item value="0x4802">Blue Fish in Bubble</item>
      <item value="0x0803">Red Fish</item>
      <item value="0x4803">Red Fish in Bubble</item>
      <item value="0x0804">Green Fish</item>
      <item value="0x4804">Green Fish in Bubble</item>
      <item value="0x4000">Empty Bubble</item>
      <item value="0x5800">Pink Bubble</item>
    </parameter>
    <script state="run">
      <action>maincpu.pw@FF3410=param</action>
    </script>
  </cheat>

  <cheat desc="P2 Next Top Shape Now! =">
    <parameter>
      <item value="0x0800">Yellow Fish</item>
      <item value="0x4800">Yellow Fish in Bubble</item>
      <item value="0x0801">Zebra Fish</item>
      <item value="0x4801">Zebra Fish in Bubble</item>
      <item value="0x0802">Blue Fish</item>
      <item value="0x4802">Blue Fish in Bubble</item>
      <item value="0x0803">Red Fish</item>
      <item value="0x4803">Red Fish in Bubble</item>
      <item value="0x0804">Green Fish</item>
      <item value="0x4804">Green Fish in Bubble</item>
      <item value="0x4000">Empty Bubble</item>
      <item value="0x5800">Pink Bubble</item>
    </parameter>
    <script state="change">
      <action>maincpu.pw@FF3404=param</action>
    </script>
  </cheat>

  <cheat desc="P2 Next Mid Shape Now! =">
    <parameter>
      <item value="0x0800">Yellow Fish</item>
      <item value="0x4800">Yellow Fish in Bubble</item>
      <item value="0x0801">Zebra Fish</item>
      <item value="0x4801">Zebra Fish in Bubble</item>
      <item value="0x0802">Blue Fish</item>
      <item value="0x4802">Blue Fish in Bubble</item>
      <item value="0x0803">Red Fish</item>
      <item value="0x4803">Red Fish in Bubble</item>
      <item value="0x0804">Green Fish</item>
      <item value="0x4804">Green Fish in Bubble</item>
      <item value="0x4000">Empty Bubble</item>
      <item value="0x5800">Pink Bubble</item>
    </parameter>
    <script state="change">
      <action>maincpu.pw@FF340A=param</action>
    </script>
  </cheat>

  <cheat desc="P2 Next Bot Shape Now! =">
    <parameter>
      <item value="0x0800">Yellow Fish</item>
      <item value="0x4800">Yellow Fish in Bubble</item>
      <item value="0x0801">Zebra Fish</item>
      <item value="0x4801">Zebra Fish in Bubble</item>
      <item value="0x0802">Blue Fish</item>
      <item value="0x4802">Blue Fish in Bubble</item>
      <item value="0x0803">Red Fish</item>
      <item value="0x4803">Red Fish in Bubble</item>
      <item value="0x0804">Green Fish</item>
      <item value="0x4804">Green Fish in Bubble</item>
      <item value="0x4000">Empty Bubble</item>
      <item value="0x5800">Pink Bubble</item>
    </parameter>
    <script state="change">
      <action>maincpu.pw@FF3410=param</action>
    </script>
  </cheat>

  <cheat desc=" "/>

  <cheat desc="Select Language">
    <parameter>
      <item value="0x0000">Japanese</item>
      <item value="0x0001">English</item>
    </parameter>
    <script state="on">
      <action>temp0 =maincpu.mw@000A5C</action>
    </script>
    <script state="run">
      <action>maincpu.mw@000A5C=param</action>
    </script>
    <script state="off">
      <action>maincpu.mw@000A5C=temp0 </action>
    </script>
  </cheat>

</mamecheat>
<!-- Cheat file downloaded from http://www.mamecheat.co.uk, see cheat.txt for list of contributors. -->
