<mamecheat version="1">

  <cheat desc="시간 무제한">
    <script state="run">
      <action>maincpu.pb@7E524=FF</action>
    </script>
  </cheat>

  <cheat desc="P1 점수 선택">
    <parameter min="0" max="255" step="1"/>
    <script state="run">
      <action>maincpu.pb@7E61F=(param)</action>
    </script>
  </cheat>

  <cheat desc="P2 점수 선택">
    <parameter min="0" max="255" step="1"/>
    <script state="run">
      <action>maincpu.pb@7E623=(param)</action>
    </script>
  </cheat>

</mamecheat>
<!-- Cheat file downloaded from http://www.mamecheat.co.uk, see cheat.txt for list of contributors. -->
