<mamecheat version="1">

  <cheat desc="P1 Score always 0">
    <script state="run">
      <action>maincpu.pb@42485=00</action>
    </script>
  </cheat>

  <cheat desc="P1 Score always 99">
    <script state="run">
      <action>maincpu.pb@42485=63</action>
    </script>
  </cheat>

  <cheat desc="P1 Set score = 0 Now!">
    <script state="on">
      <action>maincpu.pb@42485=00</action>
    </script>
  </cheat>

  <cheat desc="P1 Set score = 50 Now!">
    <script state="on">
      <action>maincpu.pb@42485=32</action>
    </script>
  </cheat>

  <cheat desc="P1 점수 선택 Now!">
    <parameter min="0" max="99" step="1"/>
    <script state="change">
      <action>maincpu.pb@42485=(param)</action>
    </script>
  </cheat>

  <cheat desc=" "/>

  <cheat desc="P2 Score always = 0">
    <script state="run">
      <action>maincpu.pb@424A3=00</action>
    </script>
  </cheat>

  <cheat desc="P2 Score always = 99">
    <script state="run">
      <action>maincpu.pb@424A3=63</action>
    </script>
  </cheat>

  <cheat desc="P2 Set score = 0 Now!">
    <script state="on">
      <action>maincpu.pb@424A3=00</action>
    </script>
  </cheat>

  <cheat desc="P2 Set score = 50 Now!">
    <script state="on">
      <action>maincpu.pb@424A3=32</action>
    </script>
  </cheat>

  <cheat desc="P2 점수 선택 Now!">
    <parameter min="0" max="99" step="1"/>
    <script state="change">
      <action>maincpu.pb@424A3=(param)</action>
    </script>
  </cheat>

</mamecheat>
<!-- Cheat file downloaded from http://www.mamecheat.co.uk, see cheat.txt for list of contributors. -->
