<mamecheat version="1">

  <cheat desc="시간 무제한">
    <script state="run">
      <action>maincpu.pb@77DC6=29</action>
    </script>
  </cheat>

  <cheat desc="P1 Always get a Hole in One">
    <script state="run">
      <action>maincpu.pb@77DFF=00</action>
    </script>
  </cheat>

  <cheat desc="P1 Reset Strokes Now!">
    <script state="on">
      <action>maincpu.pb@77DFF=00</action>
    </script>
  </cheat>

  <cheat desc="P2 Always get a Hole in One">
    <script state="run">
      <action>maincpu.pb@77E3D=00</action>
    </script>
  </cheat>

  <cheat desc="P2 Reset Strokes Now!">
    <script state="on">
      <action>maincpu.pb@77E3D=00</action>
    </script>
  </cheat>

</mamecheat>
<!-- Cheat file downloaded from http://www.mamecheat.co.uk, see cheat.txt for list of contributors. -->
