<mamecheat version="1">

  <cheat desc="코인 무제한">
    <script state="run">
      <action>maincpu.pb@05203=63</action>
    </script>
  </cheat>

  <cheat desc="시간 무제한">
    <script state="run">
      <action>maincpu.pw@08022=9999</action>
    </script>
  </cheat>

  <cheat desc=" "/>

  <cheat desc="P1 생명 무제한">
    <script state="run">
      <action>maincpu.pb@33ABD=09</action>
    </script>
  </cheat>

  <cheat desc="P1 Infinite Helps">
    <script state="run">
      <action>maincpu.pb@33C3D=09</action>
    </script>
  </cheat>

  <cheat desc=" "/>

  <cheat desc="P2 생명 무제한">
    <script state="run">
      <action>maincpu.pb@34ABD=09</action>
    </script>
  </cheat>

  <cheat desc="P2 Infinite Helps">
    <script state="run">
      <action>maincpu.pb@34C3D=09</action>
    </script>
  </cheat>

</mamecheat>
<!-- Cheat file downloaded from http://www.mamecheat.co.uk, see cheat.txt for list of contributors. -->
