<mamecheat version="1">

  <cheat desc="무적">
    <script state="on">
      <action>temp0 =user3.mb@B18EE</action>
      <action>temp1 =user3.mb@B191F</action>
    </script>
    <script state="run">
      <action>user3.mb@B18EE=60</action>
      <action>user3.mb@B191F=00</action>
    </script>
    <script state="off">
      <action>user3.mb@B18EE=temp0 </action>
      <action>user3.mb@B191F=temp1 </action>
    </script>
  </cheat>

  <cheat desc="Always Have Rapid">
    <script state="run">
      <action>maincpu.pw@7C77C=0002</action>
    </script>
  </cheat>

  <cheat desc="P1 생명 무제한">
    <script state="run">
      <action>maincpu.pb@7C6B7=04</action>
    </script>
  </cheat>

  <cheat desc="P2 생명 무제한">
    <script state="run">
      <action>maincpu.pb@7C6C9=04</action>
    </script>
  </cheat>

</mamecheat>
<!-- Cheat file downloaded from http://www.mamecheat.co.uk, see cheat.txt for list of contributors. -->
