<mamecheat version="1">

  <cheat desc="코인 무제한">
    <script state="run">
      <action>maincpu.pb@05203=63</action>
    </script>
  </cheat>

  <cheat desc=" "/>

  <cheat desc="P1 Score always 0">
    <script state="run">
      <action>maincpu.pb@7C65B=00</action>
    </script>
  </cheat>

  <cheat desc="P1 Score always 99">
    <script state="run">
      <action>maincpu.pb@7C65B=63</action>
    </script>
  </cheat>

  <cheat desc="P1 Set score = 0 Now!">
    <script state="on">
      <action>maincpu.pb@7C65B=00</action>
    </script>
  </cheat>

  <cheat desc="P1 Set score = 50 Now!">
    <script state="on">
      <action>maincpu.pb@7C65B=32</action>
    </script>
  </cheat>

  <cheat desc="P1 점수 선택 Now!">
    <parameter min="0" max="99" step="1"/>
    <script state="change">
      <action>maincpu.pb@7C65B=(param)</action>
    </script>
  </cheat>

  <cheat desc=" "/>

  <cheat desc="P2 Score always = 0">
    <script state="run">
      <action>maincpu.pb@7C659=00</action>
    </script>
  </cheat>

  <cheat desc="P2 Score always = 99">
    <script state="run">
      <action>maincpu.pb@7C659=63</action>
    </script>
  </cheat>

  <cheat desc="P2 Set score = 0 Now!">
    <script state="on">
      <action>maincpu.pb@7C659=00</action>
    </script>
  </cheat>

  <cheat desc="P2 Set score = 50 Now!">
    <script state="on">
      <action>maincpu.pb@7C659=32</action>
    </script>
  </cheat>

  <cheat desc="P2 점수 선택 Now!">
    <parameter min="0" max="99" step="1"/>
    <script state="change">
      <action>maincpu.pb@7C659=(param)</action>
    </script>
  </cheat>

</mamecheat>
<!-- Cheat file downloaded from http://www.mamecheat.co.uk, see cheat.txt for list of contributors. -->
