<mamecheat version="1">

  <cheat desc="생명 무제한">
    <script state="run">
      <action>maincpu.pb@08548=09</action>
    </script>
  </cheat>

  <cheat desc="에너지 무제한">
    <script state="run">
      <action>maincpu.pb@084DE=18</action>
    </script>
  </cheat>

  <cheat desc="무적">
    <script state="on">
      <action>temp0 =user3.mw@7177C</action>
      <action>temp1 =user3.mb@71CC4</action>
      <action>temp2 =user3.mb@71DC9</action>
      <action>temp3 =user3.mb@71F04</action>
      <action>temp4 =user3.mb@721B9</action>
      <action>temp5 =user3.mw@721BC</action>
      <action>temp6 =user3.mb@72596</action>
      <action>temp7 =user3.mb@73506</action>
    </script>
    <script state="run">
      <action>user3.mw@7177C=4E71</action>
      <action>user3.mb@71CC4=60</action> <!-- 1st = Laser 1, 2nd = Fire -->
      <action>user3.mb@71DC9=F4</action> <!-- Enemy -->
      <action>user3.mb@71F04=60</action> <!-- Laser 2 -->
      <action>user3.mb@721B9=00</action> <!-- Battery 1 -->
      <action>user3.mw@721BC=0020</action> <!-- Battery 2 -->
      <action>user3.mb@72596=60</action> <!-- Boss -->
      <action>user3.mb@73506=60</action> <!-- Wall -->
    </script>
    <script state="off">
      <action>user3.mw@7177C=temp0 </action>
      <action>user3.mb@71CC4=temp1 </action>
      <action>user3.mb@71DC9=temp2 </action>
      <action>user3.mb@71F04=temp3 </action>
      <action>user3.mb@721B9=temp4 </action>
      <action>user3.mw@721BC=temp5 </action>
      <action>user3.mb@72596=temp6 </action>
      <action>user3.mb@73506=temp7 </action>
    </script>
  </cheat>

  <cheat desc="Infinite Smart Shots"> <comment>You will need to pick it up first though</comment>
    <script state="run">
      <action>maincpu.pb@08447=FF</action>
    </script>
  </cheat>

</mamecheat>
<!-- Cheat file downloaded from http://www.mamecheat.co.uk, see cheat.txt for list of contributors. -->
