<mamecheat version="1">

  <cheat desc="코인 무제한">
    <script state="run">
      <action>maincpu.pb@D340=99</action>
    </script>
  </cheat>

  <cheat desc="무적"> <comment>You die though when you fall off a high platform</comment>
    <script state="on">
      <action>temp0 =maincpu.mb@4222</action>
      <action>temp1 =maincpu.mb@45C0</action>
      <action>temp2 =maincpu.mb@45E2</action>
    </script>
    <script state="run">
      <action>maincpu.mb@4222=18</action>
      <action>maincpu.mb@45C0=C9</action>
      <action>maincpu.mb@45E2=C9</action>
    </script>
    <script state="off">
      <action>maincpu.mb@4222=temp0 </action>
      <action>maincpu.mb@45C0=temp1 </action>
      <action>maincpu.mb@45E2=temp2 </action>
    </script>
  </cheat>

  <cheat desc="총알 속도 빠르게">
    <script state="run">
      <action>maincpu.pb@D351=00|(maincpu.pb@D351 BAND ~10)</action>
    </script>
  </cheat>

  <cheat desc=" "/>

  <cheat desc="P1 생명 무제한">
    <script state="run">
      <action>maincpu.pb@D406=05</action>
    </script>
  </cheat>

  <cheat desc="P1 Always get ARABIAN bonus">
    <script state="run">
      <action>maincpu.pb@D426=00</action>
    </script>
  </cheat>

  <cheat desc=" "/>

  <cheat desc="P2 생명 무제한">
    <script state="run">
      <action>maincpu.pb@D407=05</action>
    </script>
  </cheat>

  <cheat desc="P2 Always get ARABIAN bonus">
    <script state="run">
      <action>maincpu.pb@D427=00</action>
    </script>
  </cheat>

  <cheat desc=" "/>

  <cheat desc="사운드 테스트 Timer Stop">
    <script state="run">
      <action>maincpu.pb@D300=02</action>
    </script>
  </cheat>

</mamecheat>
<!-- Cheat file downloaded from http://www.mamecheat.co.uk, see cheat.txt for list of contributors. -->
