<mamecheat version="1">

  <cheat desc="코인 무제한">
    <script state="run">
      <action>maincpu.pw@41F5=9999</action>
    </script>
  </cheat>

  <cheat desc="생명 무제한">
    <script state="run">
      <action>maincpu.pb@42A8=0A</action>
    </script>
  </cheat>

  <cheat desc="연료 무제한">
    <script state="run">
      <action>maincpu.pw@41A8=487D</action>
    </script>
  </cheat>

  <cheat desc="미사일 무제한">
    <script state="run">
      <action>maincpu.pb@40B3=00|(maincpu.pb@40B3 BAND ~04)</action>
    </script>
  </cheat>

  <cheat desc="무적">
    <script state="on">
      <action>temp0 =maincpu.mb@1BC1</action>
      <action>temp1 =maincpu.mb@26B6</action>
      <action>temp2 =maincpu.mb@2769</action>
    </script>
    <script state="run">
      <action>maincpu.mb@1BC1=18</action>
      <action>maincpu.mb@26B6=C9</action> <!-- 1st = Ground, 2nd = Scenery -->
      <action>maincpu.mb@2769=C9</action> <!-- Object -->
    </script>
    <script state="off">
      <action>maincpu.mb@1BC1=temp0 </action>
      <action>maincpu.mb@26B6=temp1 </action>
      <action>maincpu.mb@2769=temp2 </action>
    </script>
  </cheat>

  <cheat desc="총알 속도 빠르게 - Shot">
    <script state="run">
      <action>maincpu.pb@41EB=02|(maincpu.pb@41EB BAND ~02)</action>
    </script>
  </cheat>

  <cheat desc="총알 속도 빠르게 - Missile">
    <script state="run">
      <action>maincpu.pb@41EB=08|(maincpu.pb@41EB BAND ~08)</action>
    </script>
  </cheat>

</mamecheat>
<!-- Cheat file downloaded from http://www.mamecheat.co.uk, see cheat.txt for list of contributors. -->
