<mamecheat version="1">

  <cheat desc="P1 생명 무제한">
    <script state="run">
      <action>maincpu.pb@F0198D=0A</action>
    </script>
  </cheat>

  <cheat desc="P1 폭탄 무제한">
    <script state="run">
      <action>maincpu.pb@F0198E=09</action>
    </script>
  </cheat>

  <cheat desc="P1 Maximum Fire Power">
    <script state="run">
      <action>maincpu.pb@F01988=07</action>
    </script>
  </cheat>

  <cheat desc="P1 무적">
    <script state="run">
      <action>maincpu.pb@F01998=5A</action>
    </script>
  </cheat>

  <cheat desc=" "/>

  <cheat desc="P2 생명 무제한">
    <script state="run">
      <action>maincpu.pb@F019E1=0A</action>
    </script>
  </cheat>

  <cheat desc="P2 폭탄 무제한">
    <script state="run">
      <action>maincpu.pb@F019E2=09</action>
    </script>
  </cheat>

  <cheat desc="P2 Maximum Fire Power">
    <script state="run">
      <action>maincpu.pb@F019DC=07</action>
    </script>
  </cheat>

  <cheat desc="P2 무적">
    <script state="run">
      <action>maincpu.pb@F019EC=5A</action>
    </script>
  </cheat>

</mamecheat>
<!-- Cheat file downloaded from http://www.mamecheat.co.uk, see cheat.txt for list of contributors. -->
