<mamecheat version="1">

  <cheat desc="코인 무제한">
    <script state="run">
      <action>maincpu.pb@3EEC63=09</action>
    </script>
  </cheat>

  <cheat desc="Super Centipede"/>
  <cheat desc="~~~~~~~~~~~~~~~"/>

  <cheat desc="Never have any Spiders">
    <script state="run">
      <action>maincpu.pb@3E0FAA=A9</action>
      <action>maincpu.pb@3E08D8=71</action>
    </script>
  </cheat>

  <cheat desc="Never have any Scorpions">
    <script state="run">
      <action>maincpu.pb@3E231E=00</action>
    </script>
  </cheat>

  <cheat desc=" "/>

  <cheat desc="P1 생명 무제한">
    <script state="run">
      <action>maincpu.pb@3E0AE9=07</action>
    </script>
  </cheat>

  <cheat desc="P2 생명 무제한">
    <script state="run">
      <action>maincpu.pb@3E0B29=07</action>
    </script>
  </cheat>

  <cheat desc=" "/>
  <cheat desc="Missile Command II"/>
  <cheat desc="~~~~~~~~~~~~~~~~~~"/>

  <cheat desc="P1 Infinite shots (Left)">
    <script state="run">
      <action>maincpu.pb@3E0AFA=0A</action>
    </script>
  </cheat>

  <cheat desc="P1 Infinite shots (Center)">
    <script state="run">
      <action>maincpu.pb@3E0AFB=0A</action>
    </script>
  </cheat>

  <cheat desc="P1 Infinite shots (Right)">
    <script state="run">
      <action>maincpu.pb@3E0AFC=0A</action>
    </script>
  </cheat>

  <cheat desc=" "/>

  <cheat desc="P2 Infinite shots (Left)">
    <script state="run">
      <action>maincpu.pb@3E0B3A=0A</action>
    </script>
  </cheat>

  <cheat desc="P2 Infinite shots (Center)">
    <script state="run">
      <action>maincpu.pb@3E0B3B=0A</action>
    </script>
  </cheat>

  <cheat desc="P2 Infinite shots (Right)">
    <script state="run">
      <action>maincpu.pb@3E0B3C=0A</action>
    </script>
  </cheat>

  <cheat desc=" "/>
  <cheat desc="EXTRA!! EXTRA!! EXTRA!!"/>
  <cheat desc="Enter DIPs and turn Test Mode ON. Set Extra Stuff +"/>
  <cheat desc="+ More Extra Stuff ON. Turn Test Mode OFF. Play!"/>
  <cheat desc="You'll notice some goodies in both Missile Command"/>
  <cheat desc="+ Centipede like powerups + new enemies."/>
  <cheat desc=" "/>

</mamecheat>
<!-- Cheat file downloaded from http://www.mamecheat.co.uk, see cheat.txt for list of contributors. -->
