<mamecheat version="1">

  <cheat desc="코인 무제한">
    <script state="run">
      <action>maincpu.pb@1F900D=09</action>
    </script>
  </cheat>

  <cheat desc="시작 스테이지 선택">
    <parameter min="1" max="8" step="1"/>
    <script state="run">
      <action condition="(maincpu.pb@1F9021==00)">maincpu.pb@1F9021=(param-1)</action>
    </script>
  </cheat>

  <cheat desc=" "/>

  <cheat desc="P1 생명 무제한">
    <script state="run">
      <action>maincpu.pb@1F7F29=06</action>
    </script>
  </cheat>

  <cheat desc="P1 폭탄 무제한">
    <script state="run">
      <action>maincpu.pb@1F7F2F=08</action>
    </script>
  </cheat>

  <cheat desc="P1 Max Firepower">
    <script state="run">
      <action>maincpu.pb@1F7F31=03</action>
    </script>
  </cheat>

  <cheat desc="P1 무적">
    <script state="run">
      <action>maincpu.pb@1F7F2D=02</action>
    </script>
  </cheat>

  <cheat desc="P1 Always 총알 파워 최대">
    <script state="run">
      <action>maincpu.pb@1F7FF1=03</action>
    </script>
  </cheat>

  <cheat desc="P1 Always Max laser">
    <script state="run">
      <action>maincpu.pb@1F7FF5=02</action>
    </script>
  </cheat>

  <cheat desc="P1 Always Max homing missile">
    <script state="run">
      <action>maincpu.pb@1F7FFD=02</action>
    </script>
  </cheat>

  <cheat desc="P1 Always 10000pts BONUS">
    <script state="run">
      <action>maincpu.pb@1F7F97=0E</action>
    </script>
  </cheat>

  <cheat desc="P1 Always have Missile">
    <script state="run">
      <action>maincpu.pb@1F7FF9=02</action>
    </script>
  </cheat>

  <cheat desc=" "/>
  <cheat desc="Always shoot without pushing shot button"/>
  <cheat desc=" "/>

  <cheat desc="P1 Always Shoot Normal Shot">
    <script state="run">
      <action>maincpu.pb@1F7FC3=02</action>
    </script>
  </cheat>

  <cheat desc="P1 Always Shoot Laser">
    <script state="run">
      <action>maincpu.pb@1F7FC7=01</action>
    </script>
  </cheat>

  <cheat desc="P1 Always Shoot Homing.M">
    <script state="run">
      <action>maincpu.pb@1F7FCF=01</action>
    </script>
  </cheat>

  <cheat desc="P1 Always Shoot Missile">
    <script state="run">
      <action>maincpu.pb@1F7FCB=01</action>
    </script>
  </cheat>

  <cheat desc=" "/>

  <cheat desc="P2 생명 무제한">
    <script state="run">
      <action>maincpu.pb@1F7E29=06</action>
    </script>
  </cheat>

  <cheat desc="P2 폭탄 무제한">
    <script state="run">
      <action>maincpu.pb@1F7E2F=08</action>
    </script>
  </cheat>

  <cheat desc="P2 Max Firepower">
    <script state="run">
      <action>maincpu.pb@1F7E31=03</action>
    </script>
  </cheat>

  <cheat desc="P2 무적">
    <script state="run">
      <action>maincpu.pb@1F7E2D=02</action>
    </script>
  </cheat>

  <cheat desc="P2 Always 총알 파워 최대">
    <script state="run">
      <action>maincpu.pb@1F7EF1=03</action>
    </script>
  </cheat>

  <cheat desc="P2 Always Max laser">
    <script state="run">
      <action>maincpu.pb@1F7EF5=02</action>
    </script>
  </cheat>

  <cheat desc="P2 Always Max homing missile">
    <script state="run">
      <action>maincpu.pb@1F7EFD=02</action>
    </script>
  </cheat>

  <cheat desc="P2 Always 10000pts BONUS">
    <script state="run">
      <action>maincpu.pb@1F7E97=0E</action>
    </script>
  </cheat>

  <cheat desc="P2 Always have Missile">
    <script state="run">
      <action>maincpu.pb@1F7EF9=02</action>
    </script>
  </cheat>

  <cheat desc=" "/>
  <cheat desc="Always shoot without pushing shot button"/>
  <cheat desc=" "/>

  <cheat desc="P2 Always Shoot Normal Shot">
    <script state="run">
      <action>maincpu.pb@1F7EC3=02</action>
    </script>
  </cheat>

  <cheat desc="P2 Always Shoot Laser">
    <script state="run">
      <action>maincpu.pb@1F7EC7=01</action>
    </script>
  </cheat>

  <cheat desc="P2 Always Shoot Homing.M">
    <script state="run">
      <action>maincpu.pb@1F7ECF=01</action>
    </script>
  </cheat>

  <cheat desc="P2 Always Shoot Missile">
    <script state="run">
      <action>maincpu.pb@1F7ECB=01</action>
    </script>
  </cheat>

</mamecheat>
<!-- Cheat file downloaded from http://www.mamecheat.co.uk, see cheat.txt for list of contributors. -->
