<mamecheat version="1">

  <cheat desc="코인 무제한">
    <script state="run">
      <action>maincpu.pb@A0066F=1E</action>
    </script>
  </cheat>

  <cheat desc=" "/>

  <cheat desc="P1 생명 무제한">
    <script state="run">
      <action>maincpu.pb@A04273=0A</action>
    </script>
  </cheat>

  <cheat desc="P1 Infinite Bullets">
    <script state="run">
      <action>maincpu.pb@A04247=10</action>
    </script>
  </cheat>

  <cheat desc="P1 Infinite Grenades">
    <script state="run">
      <action>maincpu.pb@A0424B=09</action>
    </script>
  </cheat>

  <cheat desc="P1 무기 선택">
    <parameter>
      <item value="0x00">Normal Weapon</item>
      <item value="0x01">Shotgun</item>
      <item value="0x02">Piercing</item>
    </parameter>
    <script state="run">
      <action>maincpu.pb@A04257=param</action>
    </script>
  </cheat>

  <cheat desc=" "/>

  <cheat desc="P2 생명 무제한">
    <script state="run">
      <action>maincpu.pb@A0431B=0A</action>
    </script>
  </cheat>

  <cheat desc="P2 Infinite Bullets">
    <script state="run">
      <action>maincpu.pb@A042EF=10</action>
    </script>
  </cheat>

  <cheat desc="P2 Infinite Grenades">
    <script state="run">
      <action>maincpu.pb@A042F3=09</action>
    </script>
  </cheat>

  <cheat desc="P2 무기 선택">
    <parameter>
      <item value="0x00">Normal Weapon</item>
      <item value="0x01">Shotgun</item>
      <item value="0x02">Piercing</item>
    </parameter>
    <script state="run">
      <action>maincpu.pb@A042FF=param</action>
    </script>
  </cheat>

</mamecheat>
<!-- Cheat file downloaded from http://www.mamecheat.co.uk, see cheat.txt for list of contributors. -->
