<mamecheat version="1">

  <cheat desc="코인 무제한">
    <script state="run">
      <action>maincpu.pb@A0073F=1E</action>
    </script>
  </cheat>

  <cheat desc=" "/>
  <cheat desc="Cheats for - Area 51"/>
  <cheat desc=" "/>

  <cheat desc="P1 생명 무제한">
    <script state="run">
      <action>maincpu.pb@A199E1=0A</action>
    </script>
  </cheat>

  <cheat desc="P1 Infinite Bullets">
    <script state="run">
      <action>maincpu.pb@A199B5=10</action>
    </script>
  </cheat>

  <cheat desc="P1 Infinite Grenades">
    <script state="run">
      <action>maincpu.pb@A199B9=09</action>
    </script>
  </cheat>

  <cheat desc="P1 무기 선택">
    <parameter>
      <item value="0x00">Normal Weapon</item>
      <item value="0x01">Shotgun</item>
      <item value="0x02">Piercing</item>
    </parameter>
    <script state="run">
      <action>maincpu.pb@A199C5=param</action>
    </script>
  </cheat>

  <cheat desc=" "/>

  <cheat desc="P2 생명 무제한">
    <script state="run">
      <action>maincpu.pb@A19A89=0A</action>
    </script>
  </cheat>

  <cheat desc="P2 Infinite Bullets">
    <script state="run">
      <action>maincpu.pb@A19A5D=10</action>
    </script>
  </cheat>

  <cheat desc="P2 Infinite Grenades">
    <script state="run">
      <action>maincpu.pb@A19A61=09</action>
    </script>
  </cheat>

  <cheat desc="P2 무기 선택">
    <parameter>
      <item value="0x00">Normal Weapon</item>
      <item value="0x01">Shotgun</item>
      <item value="0x02">Piercing</item>
    </parameter>
    <script state="run">
      <action>maincpu.pb@A19A6D=param</action>
    </script>
  </cheat>

  <cheat desc=" "/>
  <cheat desc="Cheats for - Maximum Force Duo"/>
  <cheat desc=" "/>

  <cheat desc="P1 생명 무제한">
    <script state="run">
      <action>maincpu.pb@A19425=05</action>
    </script>
  </cheat>

  <cheat desc="P1 Infinite Bullets">
    <script state="run">
      <action>maincpu.pb@A19479=08</action>
    </script>
  </cheat>

  <cheat desc="P2 생명 무제한">
    <script state="run">
      <action>maincpu.pb@A194B1=05</action>
    </script>
  </cheat>

  <cheat desc="P2 Infinite Bullets">
    <script state="run">
      <action>maincpu.pb@A19505=07</action>
    </script>
  </cheat>

</mamecheat>
<!-- Cheat file downloaded from http://www.mamecheat.co.uk, see cheat.txt for list of contributors. -->
