<mamecheat version="1">

  <cheat desc="코인 무제한">
    <script state="run">
      <action>maincpu.pb@E021=09</action>
    </script>
  </cheat>

  <cheat desc="생명 무제한">
    <script state="run">
      <action>maincpu.pb@E101=07</action>
    </script>
  </cheat>

  <cheat desc="무적"> <comment>No Hit</comment>
    <script state="on">
      <action>temp0 =maincpu.mb@2339</action>
      <action>temp1 =maincpu.mb@3272</action>
      <action>temp2 =maincpu.mb@58DC</action>
      <action>temp3 =maincpu.mb@5AF5</action>
      <action>temp4 =maincpu.mb@5E3D</action>
      <action>temp5 =maincpu.mb@60E7</action>
      <action>temp6 =maincpu.mb@756A</action>
    </script>
    <script state="run">
      <action>maincpu.mb@2339=C9</action>
      <action>maincpu.mb@3272=C9</action> <!-- 1st + 2nd = Pipe -->
      <action>maincpu.mb@58DC=C9</action> <!-- Fire (Antiair) -->
      <action>maincpu.mb@5AF5=C3</action> <!-- Mine -->
      <action>maincpu.mb@5E3D=C9</action> <!-- Laser -->
      <action>maincpu.mb@60E7=B7</action> <!-- Fire (Antisurface) -->
      <action>maincpu.mb@756A=C3</action> <!-- Enemy -->
    </script>
    <script state="off">
      <action>maincpu.mb@2339=temp0 </action>
      <action>maincpu.mb@3272=temp1 </action>
      <action>maincpu.mb@58DC=temp2 </action>
      <action>maincpu.mb@5AF5=temp3 </action>
      <action>maincpu.mb@5E3D=temp4 </action>
      <action>maincpu.mb@60E7=temp5 </action>
      <action>maincpu.mb@756A=temp6 </action>
    </script>
  </cheat>

  <cheat desc="Maximum 'B' Level">
    <script state="run">
      <action>maincpu.pb@E108=03</action>
    </script>
  </cheat>

  <cheat desc="Maximum 'E' Level">
    <script state="run">
      <action>maincpu.pb@E109=03</action>
    </script>
  </cheat>

  <cheat desc="Maximum 'P' Level">
    <script state="run">
      <action>maincpu.pb@E10A=03</action>
    </script>
  </cheat>

  <cheat desc="Always have Max Power Up">
    <script state="run">
      <action>maincpu.pb@F08D=03</action>
    </script>
  </cheat>

  <cheat desc="Always have Ground Laser">
    <script state="run">
      <action>maincpu.pb@FC84=81</action>
    </script>
  </cheat>

  <cheat desc="Select Shot (Antiair)">
    <parameter>
      <item value="0x00">Single Shot</item>
      <item value="0x01">Fast Single Shot</item>
      <item value="0x02">V-shot</item>
      <item value="0x03">Twin Shot</item>
      <item value="0x06">Laser</item>
    </parameter>
    <script state="run">
      <action>maincpu.pb@E080=param</action>
    </script>
  </cheat>

  <cheat desc="Select Shot (Antisurface)">
    <parameter>
      <item value="0x07">Laser</item>
      <item value="0x04">Twin Shot</item>
      <item value="0x05">Bomb</item>
    </parameter>
    <script state="run">
      <action>maincpu.pb@E081=param</action>
    </script>
  </cheat>

  <cheat desc="총알 속도 빠르게">
    <script state="run">
      <action>maincpu.pw@E084=0000</action>
    </script>
  </cheat>

</mamecheat>
<!-- Cheat file downloaded from http://www.mamecheat.co.uk, see cheat.txt for list of contributors. -->
