<mamecheat version="1">

  <cheat desc="코인 무제한">
    <script state="run">
      <action>maincpu.pb@013E=03</action>
    </script>
  </cheat>

  <cheat desc="시간 무제한">
    <script state="run">
      <action>maincpu.pd@019E=00090909|(maincpu.pd@019E BAND ~00FFFFFF)</action>
    </script>
  </cheat>

  <cheat desc="Finish this Round Quickly Now!"> <comment>Just destroy the villains on screen to complete the level</comment>
    <script state="on">
      <action>maincpu.pb@0D1E=00</action>
    </script>
  </cheat>

  <cheat desc="Always have Maximum Citizens">
    <script state="run">
      <action>maincpu.pb@0D1C=3E</action>
    </script>
  </cheat>

</mamecheat>
<!-- Cheat file downloaded from http://www.mamecheat.co.uk, see cheat.txt for list of contributors. -->
