<mamecheat version="1">

  <cheat desc="Finish Level Now!">
    <script state="on">
      <action>maincpu.pb@E393=00</action>
    </script>
  </cheat>

  <cheat desc="시간 무제한">
    <script state="run">
      <action>maincpu.pb@E7EE=78</action>
    </script>
  </cheat>

  <cheat desc="Always Keep One Ball in Play">
    <script state="run">
      <action condition="(maincpu.pb@E3B4 LE 10)">maincpu.pb@E3B4=10</action>
    </script>
  </cheat>

  <cheat desc="시작 라운드 선택"> <comment>After Round 1 you have a different round either side but the same round number</comment>
    <parameter>
      <item value="0x00">Round 1</item>
      <item value="0x02">Round 2 (Right)</item>
      <item value="0x03">Round 2 (Left)</item>
      <item value="0x04">Round 3 (Right)</item>
      <item value="0x05">Round 3 (Left)</item>
      <item value="0x06">Round 4 (Right)</item>
      <item value="0x07">Round 4 (Left)</item>
      <item value="0x08">Round 5 (Right)</item>
      <item value="0x09">Round 5 (Left)</item>
      <item value="0x0A">Round 6 (Right)</item>
      <item value="0x0B">Round 6 (Left)</item>
      <item value="0x0C">Round 7 (Right)</item>
      <item value="0x0D">Round 7 (Left)</item>
      <item value="0x0E">Round 8 (Right)</item>
      <item value="0x0F">Round 8 (Left)</item>
      <item value="0x10">Round 9 (Right)</item>
      <item value="0x11">Round 9 (Left)</item>
      <item value="0x12">Round 10 (Right)</item>
      <item value="0x13">Round 10 (Left)</item>
      <item value="0x14">Round 11 (Right)</item>
      <item value="0x15">Round 11 (Left)</item>
      <item value="0x16">Round 12 (Right)</item>
      <item value="0x17">Round 12 (Left)</item>
      <item value="0x18">Round 13 (Right)</item>
      <item value="0x19">Round 13 (Left)</item>
      <item value="0x1A">Round 14 (Right)</item>
      <item value="0x1B">Round 14 (Left)</item>
      <item value="0x1C">Round 15 (Right)</item>
      <item value="0x1D">Round 15 (Left)</item>
      <item value="0x1E">Round 16 (Right)</item>
      <item value="0x1F">Round 16 (Left)</item>
      <item value="0x20">Round 17 (Right)</item>
      <item value="0x21">Round 17 (Left)</item>
      <item value="0x22">Round 18 (Right)</item>
      <item value="0x23">Round 18 (Left)</item>
      <item value="0x24">Round 19 (Right)</item>
      <item value="0x25">Round 19 (Left)</item>
      <item value="0x26">Round 20 (Right)</item>
      <item value="0x27">Round 20 (Left)</item>
      <item value="0x28">Round 21 (Right)</item>
      <item value="0x29">Round 21 (Left)</item>
      <item value="0x2A">Round 22 (Right)</item>
      <item value="0x2B">Round 22 (Left)</item>
      <item value="0x2C">Round 23 (Right)</item>
      <item value="0x2D">Round 23 (Left)</item>
      <item value="0x2E">Round 24 (Right)</item>
      <item value="0x2F">Round 24 (Left)</item>
      <item value="0x30">Round 25 (Right)</item>
      <item value="0x31">Round 25 (Left)</item>
      <item value="0x32">Round 26 (Right)</item>
      <item value="0x33">Round 26 (Left)</item>
      <item value="0x34">Round 27 (Right)</item>
      <item value="0x35">Round 27 (Left)</item>
      <item value="0x36">Round 28 (Right)</item>
      <item value="0x37">Round 28 (Left)</item>
      <item value="0x38">Round 29 (Right)</item>
      <item value="0x39">Round 29 (Left)</item>
      <item value="0x3A">Round 30 (Right)</item>
      <item value="0x3B">Round 30 (Left)</item>
      <item value="0x3C">Round 31 (Right)</item>
      <item value="0x3D">Round 31 (Left)</item>
      <item value="0x3E">Round 32 (Right)</item>
      <item value="0x3F">Round 32 (Left)</item>
      <item value="0x40">Round 33 (Right)</item>
      <item value="0x41">Round 33 (Left)</item>
      <item value="0x42">Round 34 (Right)</item>
      <item value="0x43">Round 34 (Left)</item>
    </parameter>
    <script state="run">
      <action condition="(maincpu.pb@E008==00)">maincpu.pb@E008=param</action>
    </script>
  </cheat>

  <cheat desc="무적 (Round 34)">
    <script state="on">
      <action>temp0 =maincpu.mb@80C0</action>
    </script>
    <script state="run">
      <action>maincpu.mb@80C0=C9</action>
    </script>
    <script state="off">
      <action>maincpu.mb@80C0=temp0 </action>
    </script>
  </cheat>

  <cheat desc="Warp Door always Open">
    <script state="run">
      <action>maincpu.pb@E39D=80|(maincpu.pb@E39D BAND ~80)</action>
    </script>
  </cheat>

  <cheat desc="Open Warp Door Now!">
    <script state="on">
      <action>maincpu.pb@E39D=80|(maincpu.pb@E39D BAND ~80)</action>
    </script>
  </cheat>

  <cheat desc="Close Warp Door Now!">
    <script state="on">
      <action>maincpu.pb@E39D=00|(maincpu.pb@E39D BAND ~80)</action>
    </script>
  </cheat>

  <cheat desc="Always 10000 when next">
    <script state="run">
      <action>maincpu.pb@E39D=01|(maincpu.pb@E39D BAND ~01)</action>
    </script>
  </cheat>

  <cheat desc="Get 10000 when next Now!">
    <script state="on">
      <action>maincpu.pb@E39D=01|(maincpu.pb@E39D BAND ~01)</action>
    </script>
  </cheat>

  <cheat desc="Select Perm. Bat">
    <parameter>
      <item value="0x0000">Normal Bat</item>
      <item value="0x0101">Laser Bat</item>
      <item value="0x0002">Enlarged Bat</item>
      <item value="0x0003">Twin Bats</item>
      <item value="0x0006">Catcher Bat</item>
      <item value="0x0007">Tracing Bat</item>
      <item value="0x0008">Reduced Bat</item>
    </parameter>
    <script state="run">
      <action>maincpu.pw@E5EF=param</action>
    </script>
  </cheat>

  <cheat desc="Select Temp. Bat"> <comment>Assign to an activation key for the best effect</comment>
    <parameter>
      <item value="0x0000">Normal Bat</item>
      <item value="0x0101">Laser Bat</item>
      <item value="0x0002">Enlarged Bat</item>
      <item value="0x0003">Twin Bats</item>
      <item value="0x0006">Catcher Bat</item>
      <item value="0x0007">Tracing Bat</item>
      <item value="0x0008">Reduced Bat</item>
    </parameter>
    <script state="change">
      <action>maincpu.pw@E5EF=param</action>
    </script>
  </cheat>

  <cheat desc="Always do BALL PLAQUE">
    <script state="run">
      <action>maincpu.pb@E5F7=08</action>
      <action>maincpu.pb@E5F6=00</action>
    </script>
  </cheat>

  <cheat desc="Do BALL PLAQUE Now!">
    <script state="on">
      <action>maincpu.pb@E5F7=08</action>
      <action>maincpu.pb@E5F6=00</action>
    </script>
  </cheat>

  <cheat desc="Select 1st Pill Power Now!"> <comment>Only use this cheat when you are playing and when a pill is falling, assign to an activation key for the best effect</comment>
    <parameter>
      <item value="0x81">L (Red) [Laser]</item>
      <item value="0x82">E (Lt Blue) [Enlarged Bat]</item>
      <item value="0x83">T (Dk Blue) [Twin Bats]</item>
      <item value="0x86">C (Lt Green) [Catcher Bat]</item>
      <item value="0x87">I (Dk Green) [Tracing Bat]</item>
      <item value="0x88">R (Black) [Reduced Bat]</item>
      <item value="0x8A">P (Dk Grey) [Extra Life]</item>
      <item value="0x8D">M (Purple) [POW Multiballs]</item>
      <item value="0x8E">S (Orange) [Slower Ball]</item>
      <item value="0x90">B (Pink) [Warp Door]</item>
      <item value="0x91">D (Cyan) [Multiballs]</item>
      <item value="0x92">N (Lt Grey) [3 Regen. Balls]</item>
      <item value="0x93">? (Multi) [Mystery]</item>
    </parameter>
    <script state="change">
      <action>maincpu.pb@E5D6=param</action>
    </script>
  </cheat>

  <cheat desc="Select 2nd Pill Power Now!"> <comment>Only use this cheat when you are playing and when a pill is falling, assign to an activation key for the best effect</comment>
    <parameter>
      <item value="0x81">L (Red) [Laser]</item>
      <item value="0x82">E (Lt Blue) [Enlarged Bat]</item>
      <item value="0x83">T (Dk Blue) [Twin Bats]</item>
      <item value="0x86">C (Lt Green) [Catcher Bat]</item>
      <item value="0x87">I (Dk Green) [Tracing Bat]</item>
      <item value="0x88">R (Black) [Reduced Bat]</item>
      <item value="0x8A">P (Dk Grey) [Extra Life]</item>
      <item value="0x8D">M (Purple) [POW Multiballs]</item>
      <item value="0x8E">S (Orange) [Slower Ball]</item>
      <item value="0x90">B (Pink) [Warp Door]</item>
      <item value="0x91">D (Cyan) [Multiballs]</item>
      <item value="0x92">N (Lt Grey) [3 Regen. Balls]</item>
      <item value="0x93">? (Multi) [Mystery]</item>
    </parameter>
    <script state="change">
      <action>maincpu.pb@E5DA=param</action>
    </script>
  </cheat>

  <cheat desc=" "/>

  <cheat desc="P1 생명 무제한">
    <script state="run">
      <action>maincpu.pb@E00C=03</action>
    </script>
  </cheat>

  <cheat desc="P2 생명 무제한">
    <script state="run">
      <action>maincpu.pb@E011=03</action>
    </script>
  </cheat>

</mamecheat>
<!-- Cheat file downloaded from http://www.mamecheat.co.uk, see cheat.txt for list of contributors. -->
