<mamecheat version="1">

  <cheat desc="코인 무제한">
    <script state="run">
      <action>maincpu.pb@400261=09</action>
    </script>
  </cheat>

  <cheat desc="Finish this Round Now!">
    <script state="on">
      <action>maincpu.pb@40202F=00</action>
    </script>
  </cheat>

  <cheat desc="시작 라운드 선택"> <comment>This cheat also unlocks all 100 levels</comment>
    <parameter min="1" max="100" step="1"/>
    <script state="run">
      <action>maincpu.pd@402148=00000000</action>
      <action condition="(maincpu.pb@40205B == 01)">maincpu.pb@40205B=param</action>
    </script>
  </cheat>

  <cheat desc="Always Keep One Ball in Play">
    <script state="run">
      <action condition="(maincpu.pb@401D43 LT 00) OR (maincpu.pb@401D43 GT C4)">maincpu.pb@401D43=B8</action>
    </script>
  </cheat>

  <cheat desc="Infinite Ball Release Time">
    <script state="on">
      <action>temp0 =maincpu.mw@007816</action>
    </script>
    <script state="run">
      <action>maincpu.mw@007816=6012</action>
    </script>
    <script state="off">
      <action>maincpu.mw@007816=temp0 </action>
    </script>
  </cheat>

  <cheat desc="Select Permanent Ball Type"> <comment>Instead of regular,mega or giga ball, multi-ball will still overide this</comment>
    <parameter>
      <item value="0x02">Mega Ball</item>
      <item value="0x03">Giga Ball</item>
    </parameter>
    <script state="run">
      <action condition="(maincpu.pb@401D2D LE 03) AND (maincpu.pb@401D2D != 01)">maincpu.pb@401D2D=param</action>
    </script>
    <script state="off">
      <action condition="(maincpu.pb@401D2D LE 03) AND (maincpu.pb@401D2D != 01)">maincpu.pb@401D2D=00</action>
    </script>
  </cheat>

  <cheat desc="무적 (Round 100)">
    <script state="on">
      <action>temp0 =maincpu.mb@0051DE</action>
      <action>temp1 =maincpu.mb@007186</action>
      <action>temp2 =maincpu.mb@005BD6</action>
    </script>
    <script state="run">
      <action>maincpu.mb@0051DE=60</action> <!-- LASER Beam -->
      <action>maincpu.mb@007186=60</action> <!-- Flame Shots -->
      <action>maincpu.mb@005BD6=60</action> <!-- LASER Shots -->
    </script>
    <script state="off">
      <action>maincpu.mb@0051DE=temp0 </action>
      <action>maincpu.mb@007186=temp1 </action>
      <action>maincpu.mb@005BD6=temp2 </action>
    </script>
  </cheat>

  <cheat desc=" "/>

  <cheat desc="P1 생명 무제한">
    <script state="run">
      <action>maincpu.pb@402079=63</action>
    </script>
  </cheat>

  <cheat desc="P1 Always have Lightning Barrier">
    <script state="run">
      <action>maincpu.pb@40057D=FF</action>
      <action>maincpu.pw@402262=maincpu.pw@401CFA</action>
    </script>
  </cheat>

  <cheat desc="P1 Select Permanent Bat Type">
    <parameter>
      <item value="0x08">x 1.5</item>
      <item value="0x09">x 2.0</item>
      <item value="0x0A">Catch</item>
      <item value="0x0B">Laser</item>
    </parameter>
    <script state="run">
      <action condition="(maincpu.pb@400379 LE B)">maincpu.pb@400379=param</action>
    </script>
    <script state="off">
      <action condition="(maincpu.pb@400379 LE B)">maincpu.pb@400379=00</action>
    </script>
  </cheat>

  <cheat desc="P2 생명 무제한">
    <script state="run">
      <action>maincpu.pb@40207B=63</action>
    </script>
  </cheat>

  <cheat desc="P2 Always have Lightning Barrier">
    <script state="run">
      <action>maincpu.pb@4005D3=FF</action>
      <action>maincpu.pw@402272=maincpu.pw@401CFC</action>
    </script>
  </cheat>

  <cheat desc="P2 Select Permanent Bat Type">
    <parameter>
      <item value="0x08">x 1.5</item>
      <item value="0x09">x 2.0</item>
      <item value="0x0A">Catch</item>
      <item value="0x0B">Laser</item>
    </parameter>
    <script state="run">
      <action condition="(maincpu.pb@4003CF LE B)">maincpu.pb@4003CF=param</action>
    </script>
    <script state="off">
      <action condition="(maincpu.pb@4003CF LE B)">maincpu.pb@4003CF=00</action>
    </script>
  </cheat>

  <cheat desc=" "/>

  <cheat desc="지역 선택"> <comment>After you enable this cheat to see any effect you will have to reset the game (F3). Then you may have to turn the Test Mode ON (F2), wait for Test Mode to appear and reset again(F3).</comment>
    <parameter>
      <item value="0x01">Japan</item>
      <item value="0x02">US</item>
      <item value="0x03">World</item>
    </parameter>
    <script state="on">
      <action>temp0 =maincpu.mb@0FFFFF</action>
    </script>
    <script state="run">
      <action>maincpu.mb@0FFFFF=param</action>
    </script>
    <script state="off">
      <action>maincpu.mb@0FFFFF=temp0 </action>
    </script>
  </cheat>

</mamecheat>
<!-- Cheat file downloaded from http://www.mamecheat.co.uk, see cheat.txt for list of contributors. -->
