<mamecheat version="1">

  <cheat desc="코인 무제한">
    <script state="run">
      <action>maincpu.pb@358D=0F</action>
      <action>maincpu.pb@358C=27</action>
    </script>
  </cheat>

  <cheat desc=" "/>
  <cheat desc="You have to scroll down with the cursor once to get"/>
  <cheat desc="the 'Always bet max' cheats to display correctly."/>
  <cheat desc=" "/>

  <cheat desc="Always bet max for win on horse #1">
    <script state="run">
      <action>maincpu.pb@2411=0F</action>
    </script>
  </cheat>

  <cheat desc="Always bet max for place on horse #1">
    <script state="run">
      <action>maincpu.pb@2413=0F</action>
    </script>
  </cheat>

  <cheat desc="Always bet max for show on horse #1">
    <script state="run">
      <action>maincpu.pb@2415=0F</action>
    </script>
  </cheat>

  <cheat desc="Always bet max for win on horse #2">
    <script state="run">
      <action>maincpu.pb@241A=0F</action>
    </script>
  </cheat>

  <cheat desc="Always bet max for place on horse #2">
    <script state="run">
      <action>maincpu.pb@241C=0F</action>
    </script>
  </cheat>

  <cheat desc="Always bet max for show on horse #2">
    <script state="run">
      <action>maincpu.pb@241E=0F</action>
    </script>
  </cheat>

  <cheat desc="Always bet max for win on horse #3">
    <script state="run">
      <action>maincpu.pb@2423=0F</action>
    </script>
  </cheat>

  <cheat desc="Always bet max for place on horse #3">
    <script state="run">
      <action>maincpu.pb@2425=0F</action>
    </script>
  </cheat>

  <cheat desc="Always bet max for show on horse #3">
    <script state="run">
      <action>maincpu.pb@2427=0F</action>
    </script>
  </cheat>

  <cheat desc="Always bet max for win on horse #4">
    <script state="run">
      <action>maincpu.pb@242C=0F</action>
    </script>
  </cheat>

  <cheat desc="Always bet max for place on horse #4">
    <script state="run">
      <action>maincpu.pb@242E=0F</action>
    </script>
  </cheat>

  <cheat desc="Always bet max for show on horse #4">
    <script state="run">
      <action>maincpu.pb@2430=0F</action>
    </script>
  </cheat>

  <cheat desc="Always bet max for win on horse #5">
    <script state="run">
      <action>maincpu.pb@2435=0F</action>
    </script>
  </cheat>

  <cheat desc="Always bet max for place on horse #5">
    <script state="run">
      <action>maincpu.pb@2437=0F</action>
    </script>
  </cheat>

  <cheat desc="Always bet max for show on horse #5">
    <script state="run">
      <action>maincpu.pb@2439=0F</action>
    </script>
  </cheat>

  <cheat desc="Always bet max for win on horse #6">
    <script state="run">
      <action>maincpu.pb@243E=0F</action>
    </script>
  </cheat>

  <cheat desc="Always bet max for place on horse #6">
    <script state="run">
      <action>maincpu.pb@2440=0F</action>
    </script>
  </cheat>

  <cheat desc="Always bet max for show on horse #6">
    <script state="run">
      <action>maincpu.pb@2442=0F</action>
    </script>
  </cheat>

  <cheat desc="Always bet max for Quinella">
    <script state="run">
      <action>maincpu.pb@2449=0F</action>
    </script>
  </cheat>

  <cheat desc="Always bet max for Perfecta">
    <script state="run">
      <action>maincpu.pb@2450=0F</action>
    </script>
  </cheat>

  <cheat desc="Always bet max for Tripple">
    <script state="run">
      <action>maincpu.pb@2457=0F</action>
    </script>
  </cheat>

</mamecheat>
<!-- Cheat file downloaded from http://www.mamecheat.co.uk, see cheat.txt for list of contributors. -->
