<mamecheat version="1">

  <cheat desc="코인 무제한">
    <script state="run">
      <action>maincpu.pb@611A6=09</action>
    </script>
  </cheat>

  <cheat desc="무적">
    <script state="on">
      <action>temp0 =maincpu.mw@06FBE</action>
      <action>temp1 =maincpu.mw@09A14</action>
    </script>
    <script state="run">
      <action>maincpu.mw@06FBE=4E75</action>
      <action>maincpu.mw@09A14=6066</action>
    </script>
    <script state="off">
      <action>maincpu.mw@06FBE=temp0 </action>
      <action>maincpu.mw@09A14=temp1 </action>
    </script>
  </cheat>

  <cheat desc="Infinite polymorphs"> <comment>Get the F first</comment>
    <script state="run">
      <action>maincpu.pb@63C52=03</action>
    </script>
  </cheat>

  <cheat desc="Infinite polymorph time">
    <script state="run">
      <action>maincpu.pb@63C47=F8</action>
    </script>
  </cheat>

  <cheat desc="No more morph time">
    <script state="on">
      <action>maincpu.pb@63C46=00</action>
      <action>maincpu.pb@63C47=01</action>
    </script>
  </cheat>

  <cheat desc="Maximum Speed">
    <script state="run">
      <action>maincpu.pb@63970=04</action>
    </script>
  </cheat>

  <cheat desc="Maximum Fire Power">
    <script state="run">
      <action>maincpu.pb@63C4A=02</action>
    </script>
  </cheat>

  <cheat desc="총알 속도 빠르게 - Normal"> <comment>Turn it OFF on the name entry screen</comment>
    <script state="run">
      <action>maincpu.pd@61001=00000000|(maincpu.pd@61001 BAND ~10001000)</action>
    </script>
  </cheat>

  <cheat desc="총알 속도 빠르게 - Special"> <comment>Turn it OFF on the name entry screen</comment>
    <script state="run">
      <action>maincpu.pd@61001=00000000|(maincpu.pd@61001 BAND ~10001000)</action>
      <action>maincpu.pb@61108=00</action> <!-- Fighter - 1P -->
      <action>maincpu.pb@61128=00</action> <!-- Fighter - 2P -->
      <action>maincpu.pb@61529=00</action> <!-- Right Option -->
      <action>maincpu.pb@61569=00</action> <!-- Left Option -->
    </script>
  </cheat>

  <cheat desc="Select Extra Weapon"> <comment>These extra weapon cheats require you to have any extra weapon first!</comment>
    <parameter>
      <item value="0x00">Laser</item>
      <item value="0x02">Bomb</item>
      <item value="0x04">Cutter</item>
      <item value="0x06">Homing</item>
    </parameter>
    <script state="run">
      <action>maincpu.pb@63C48=param</action>
    </script>
  </cheat>

  <cheat desc=" "/>

  <cheat desc="P1 생명 무제한">
    <script state="run">
      <action>maincpu.pb@61106=03</action>
    </script>
  </cheat>

  <cheat desc="P2 생명 무제한">
    <script state="run">
      <action>maincpu.pb@61126=03</action>
    </script>
  </cheat>

</mamecheat>
<!-- Cheat file downloaded from http://www.mamecheat.co.uk, see cheat.txt for list of contributors. -->
