<mamecheat version="1">

  <cheat desc="코인 무제한">
    <script state="run">
      <action>maincpu.pb@8112=99</action>
    </script>
  </cheat>

  <cheat desc="생명 무제한">
    <script state="run">
      <action>maincpu.pb@8628=FF</action>
    </script>
  </cheat>

  <cheat desc="Infinite Sawhorses">
    <script state="run">
      <action>maincpu.pb@8630=FF</action>
    </script>
  </cheat>

  <cheat desc="연료 무제한">
    <script state="run">
      <action>maincpu.pb@885F=FF</action>
      <action>maincpu.pb@868F=5F</action>
      <action>maincpu.pb@8690=88</action>
    </script>
  </cheat>

  <cheat desc="무적">
    <script state="on">
      <action>temp0 =maincpu.mb@0E5C</action>
    </script>
    <script state="run">
      <action>maincpu.mb@0E5C=18</action>
    </script>
    <script state="off">
      <action>maincpu.mb@0E5C=temp0 </action>
    </script>
  </cheat>

  <cheat desc="항상 키를 가지고 있음">
    <script state="run">
      <action>maincpu.pb@869B=FF</action>
    </script>
  </cheat>

  <cheat desc="열쇠 얻기 즉시!">
    <script state="on">
      <action>maincpu.pb@869B=FF</action>
    </script>
  </cheat>

</mamecheat>
<!-- Cheat file downloaded from http://www.mamecheat.co.uk, see cheat.txt for list of contributors. -->
