<mamecheat version="1">

  <cheat desc="코인 무제한">
    <script state="run">
      <action>maincpu.dw@0056=0FFF</action>
    </script>
  </cheat>

  <cheat desc="생명 무제한">
    <script state="on">
      <action>temp0 =maincpu.mb@10D1</action>
    </script>
    <script state="run">
      <action>maincpu.mb@10D1=5F</action>
    </script>
    <script state="off">
      <action>maincpu.mb@10D1=temp0 </action>
    </script>
  </cheat>

  <cheat desc="무적">
    <script state="on">
      <action>temp0 =maincpu.mb@1A0C</action>
      <action>temp1 =maincpu.mb@1607</action>
    </script>
    <script state="run">
      <action>maincpu.mb@1A0C=58</action>
      <action>maincpu.mb@1607=58</action> <!-- Pt 1 Most collisions, Pt 2 Head to Head -->
    </script>
    <script state="off">
      <action>maincpu.mb@1A0C=temp0 </action>
      <action>maincpu.mb@1607=temp1 </action>
    </script>
  </cheat>

  <cheat desc="총알 속도 빠르게">
    <script state="run">
      <action>maincpu.dw@003B=0001</action>
    </script>
  </cheat>

</mamecheat>
<!-- Cheat file downloaded from http://www.mamecheat.co.uk, see cheat.txt for list of contributors. -->
