<mamecheat version="1">

  <cheat desc="시간 무제한">
    <script state="run">
      <action>maincpu.pb@FF1E67=00</action>
    </script>
  </cheat>

  <cheat desc="시작 스테이지 선택">
    <parameter min="1" max="7" step="1"/>
    <script state="run">
      <action condition="(maincpu.pb@FF81D0==00)">maincpu.pb@FF81D0=(param-1)</action>
    </script>
  </cheat>

  <cheat desc="Select Combination Item Type">
    <parameter>
      <item value="0x00">TurboJet</item>
      <item value="0x01">Robot</item>
      <item value="0x02">Tank</item>
    </parameter>
    <script state="run">
      <action>maincpu.pb@FFF73F=param</action>
    </script>
  </cheat>

  <cheat desc="Get Combination Item Now!">
    <script state="on">
      <action>maincpu.pb@FF9C8A=01</action>
    </script>
  </cheat>

  <cheat desc="Combination Item Power Now!"> <comment>Only use after combine</comment>
    <script state="on">
      <action>maincpu.pb@FF9C8D=06</action>
    </script>
  </cheat>

  <cheat desc="Infinite Combination Item Fuel"> <comment>Must be playing at least a 2 Player game</comment>
    <script state="run">
      <action>maincpu.pb@FF1E93=99</action>
    </script>
  </cheat>

  <cheat desc="Get off Combination Item Now!">
    <script state="on">
      <action>maincpu.pw@FFF74F=00FF</action>
    </script>
  </cheat>

  <cheat desc=" "/>

  <cheat desc="P1 생명 무제한">
    <script state="run">
      <action>maincpu.pb@FF96E3=04</action>
    </script>
  </cheat>

  <cheat desc="P1 에너지 무제한">
    <script state="run">
      <action>maincpu.pb@FF95DD=50</action>
    </script>
  </cheat>

  <cheat desc="P1 무적">
    <script state="run">
      <action>maincpu.pb@FF9657=FE</action>
    </script>
  </cheat>

  <cheat desc="P1 Infinite Bullets">
    <script state="run">
      <action>maincpu.pb@FF95FA=01</action>
    </script>
  </cheat>

  <cheat desc="P1 캐릭터 선택">
    <parameter>
      <item value="0x01">Bloodia</item>
      <item value="0x02">Reptos</item>
      <item value="0x03">Guldin</item>
      <item value="0x04">Fordy</item>
    </parameter>
    <script state="run">
      <action condition="(param==01)">maincpu.pb@FF95DA=00</action>
      <action condition="(param==01)">maincpu.pb@FF965C=00</action>
      <action condition="(param==02)">maincpu.pb@FF95DA=01</action>
      <action condition="(param==02)">maincpu.pb@FF965C=01</action>
      <action condition="(param==03)">maincpu.pb@FF95DA=02</action>
      <action condition="(param==03)">maincpu.pb@FF965C=02</action>
      <action condition="(param==04)">maincpu.pb@FF95DA=03</action>
      <action condition="(param==04)">maincpu.pb@FF965C=03</action>
    </script>
  </cheat>

  <cheat desc="P1 Select Main Weapon">
    <parameter>
      <item value="0x00">Machine Gun</item>
      <item value="0x01">Drill</item>
      <item value="0x02">Spark</item>
      <item value="0x03">Claw</item>
      <item value="0x04">Laser Blade</item>
      <item value="0x05">Shield</item>
    </parameter>
    <script state="run">
      <action>maincpu.pb@FF965E=param</action>
    </script>
  </cheat>

  <cheat desc="P1 Select Sub Weapon">
    <parameter>
      <item value="0x00">Vulcan</item>
      <item value="0x01">Missile</item>
      <item value="0x02">Guided</item>
      <item value="0x03">Laser</item>
      <item value="0x04">Flame</item>
      <item value="0x05">Bomb</item>
      <item value="0x06">Napalm</item>
    </parameter>
    <script state="run">
      <action>maincpu.pb@FF965F=param</action>
    </script>
  </cheat>

  <cheat desc="P1 Select Legs">
    <parameter>
      <item value="0x00">Robot</item>
      <item value="0x01">Tank</item>
      <item value="0x02">Power Bug</item>
      <item value="0x03">Turbo Jet</item>
    </parameter>
    <script state="run">
      <action>maincpu.pb@FF965D=param</action>
    </script>
  </cheat>

  <cheat desc=" "/>

  <cheat desc="P2 생명 무제한">
    <script state="run">
      <action>maincpu.pb@FF98A3=04</action>
    </script>
  </cheat>

  <cheat desc="P2 에너지 무제한">
    <script state="run">
      <action>maincpu.pb@FF979D=50</action>
    </script>
  </cheat>

  <cheat desc="P2 무적">
    <script state="run">
      <action>maincpu.pb@FF9817=FE</action>
    </script>
  </cheat>

  <cheat desc="P2 Infinite Bullets">
    <script state="run">
      <action>maincpu.pb@FF97BA=01</action>
    </script>
  </cheat>

  <cheat desc="P2 캐릭터 선택">
    <parameter>
      <item value="0x01">Bloodia</item>
      <item value="0x02">Reptos</item>
      <item value="0x03">Guldin</item>
      <item value="0x04">Fordy</item>
    </parameter>
    <script state="run">
      <action condition="(param==01)">maincpu.pb@FF979A=00</action>
      <action condition="(param==01)">maincpu.pb@FF985C=00</action>
      <action condition="(param==02)">maincpu.pb@FF979A=01</action>
      <action condition="(param==02)">maincpu.pb@FF985C=01</action>
      <action condition="(param==03)">maincpu.pb@FF979A=02</action>
      <action condition="(param==03)">maincpu.pb@FF985C=02</action>
      <action condition="(param==04)">maincpu.pb@FF979A=03</action>
      <action condition="(param==04)">maincpu.pb@FF985C=03</action>
    </script>
  </cheat>

  <cheat desc="P2 Select Main Weapon">
    <parameter>
      <item value="0x00">Machine Gun</item>
      <item value="0x01">Drill</item>
      <item value="0x02">Spark</item>
      <item value="0x03">Claw</item>
      <item value="0x04">Laser Blade</item>
      <item value="0x05">Shield</item>
    </parameter>
    <script state="run">
      <action>maincpu.pb@FF981E=param</action>
    </script>
  </cheat>

  <cheat desc="P2 Select Sub Weapon">
    <parameter>
      <item value="0x00">Vulcan</item>
      <item value="0x01">Missile</item>
      <item value="0x02">Guided</item>
      <item value="0x03">Laser</item>
      <item value="0x04">Flame</item>
      <item value="0x05">Bomb</item>
      <item value="0x06">Napalm</item>
    </parameter>
    <script state="run">
      <action>maincpu.pb@FF981F=param</action>
    </script>
  </cheat>

  <cheat desc="P2 Select Legs">
    <parameter>
      <item value="0x00">Robot</item>
      <item value="0x01">Tank</item>
      <item value="0x02">Power Bug</item>
      <item value="0x03">Turbo Jet</item>
    </parameter>
    <script state="run">
      <action>maincpu.pb@FF981D=param</action>
    </script>
  </cheat>

  <cheat desc=" "/>

  <cheat desc="P3 생명 무제한">
    <script state="run">
      <action>maincpu.pb@FF9A63=04</action>
    </script>
  </cheat>

  <cheat desc="P3 에너지 무제한">
    <script state="run">
      <action>maincpu.pb@FF995D=50</action>
    </script>
  </cheat>

  <cheat desc="P3 무적">
    <script state="run">
      <action>maincpu.pb@FF99D7=FE</action>
    </script>
  </cheat>

  <cheat desc="P3 Infinite Bullets">
    <script state="run">
      <action>maincpu.pb@FF997A=05</action>
    </script>
  </cheat>

  <cheat desc="P3 캐릭터 선택">
    <parameter>
      <item value="0x01">Bloodia</item>
      <item value="0x02">Reptos</item>
      <item value="0x03">Guldin</item>
      <item value="0x04">Fordy</item>
    </parameter>
    <script state="run">
      <action condition="(param==01)">maincpu.pb@FF994A=00</action>
      <action condition="(param==01)">maincpu.pb@FF9A5C=00</action>
      <action condition="(param==02)">maincpu.pb@FF994A=01</action>
      <action condition="(param==02)">maincpu.pb@FF9A5C=01</action>
      <action condition="(param==03)">maincpu.pb@FF994A=02</action>
      <action condition="(param==03)">maincpu.pb@FF9A5C=02</action>
      <action condition="(param==04)">maincpu.pb@FF994A=03</action>
      <action condition="(param==04)">maincpu.pb@FF9A5C=03</action>
    </script>
  </cheat>

  <cheat desc="P3 Select Main Weapon">
    <parameter>
      <item value="0x00">Machine Gun</item>
      <item value="0x01">Drill</item>
      <item value="0x02">Spark</item>
      <item value="0x03">Claw</item>
      <item value="0x04">Laser Blade</item>
      <item value="0x05">Shield</item>
    </parameter>
    <script state="run">
      <action>maincpu.pb@FF99DE=param</action>
    </script>
  </cheat>

  <cheat desc="P3 Select Sub Weapon">
    <parameter>
      <item value="0x00">Vulcan</item>
      <item value="0x01">Missile</item>
      <item value="0x02">Guided</item>
      <item value="0x03">Laser</item>
      <item value="0x04">Flame</item>
      <item value="0x05">Bomb</item>
      <item value="0x06">Napalm</item>
    </parameter>
    <script state="run">
      <action>maincpu.pb@FF99DF=param</action>
    </script>
  </cheat>

  <cheat desc="P3 Select Legs">
    <parameter>
      <item value="0x00">Robot</item>
      <item value="0x01">Tank</item>
      <item value="0x02">Power Bug</item>
      <item value="0x03">Turbo Jet</item>
    </parameter>
    <script state="run">
      <action>maincpu.pb@FF99DD=param</action>
    </script>
  </cheat>

  <cheat desc=" "/>

  <cheat desc="No Background Music">
    <script state="run">
      <action>audiocpu.pw@F018=0000</action>
    </script>
  </cheat>

  <cheat desc="지역 선택"> <comment>This cheat sets the machine region - the effectiveness may vary! You have to enable this ASAP - ON or before the ROM check screen! Or enable + RESET</comment>
    <parameter>
      <item value="0x01">USA</item>
      <item value="0x02">Asia</item>
      <item value="0x03">Hispanic</item>
      <item value="0x04">Brazil</item>
      <item value="0x05">Europe</item>
    </parameter>
    <script state="run">
      <action>maincpu.pb@FF80DB=param</action>
    </script>
  </cheat>

  <cheat desc="사운드 테스트">
    <parameter min="0" max="732" step="1"/>
    <script state="change">
      <action>audiocpu.pw@F007=0000</action>
      <action>audiocpu.pq@F100=00001000009900FF</action>
      <action>audiocpu.pq@F108=0099990000000000</action>
      <action>audiocpu.pq@F110=1000100000990000</action>
      <action>audiocpu.pq@F118=0099990000000000</action>
      <action>audiocpu.pb@F111=param</action>
      <action condition="(param LT 100)">audiocpu.pb@F111=param</action>
      <action>temp0=param/100</action>
      <action condition="(param GE 100)">audiocpu.pb@F110=temp0</action>
      <action condition="(param GE 100)">audiocpu.pb@F111=param-(temp0*100)</action>
      <action>audiocpu.pb@F007=20</action>
    </script>
  </cheat>

</mamecheat>
<!-- Cheat file downloaded from http://www.mamecheat.co.uk, see cheat.txt for list of contributors. -->
