<mamecheat version="1">

  <cheat desc="코인 무제한">
    <script state="run">
      <action>maincpu.pb@D7C9=99</action>
    </script>
  </cheat>

  <cheat desc="시간 무제한">
    <script state="run">
      <action>maincpu.pb@D0F4=00</action>
    </script>
  </cheat>

  <cheat desc="Wrestle Arm close to Win Now!"> <comment>You will have to finish it off yourself, best to assign it to an activation key and use that whilst still pushing to win.</comment>
    <script state="on">
      <action>maincpu.pb@D070=00</action>
    </script>
  </cheat>

  <cheat desc="Never Lose">
    <script state="run">
      <action condition="(maincpu.pb@D070 LT 00) OR (maincpu.pb@D070 GT 5F)">maincpu.pb@D070=5F</action>
    </script>
  </cheat>

  <cheat desc=" "/>

  <cheat desc="P1 Level 1 - Texas Mac">
    <script state="run">
      <action>maincpu.pb@D004=01</action>
      <action>maincpu.pb@D005=00</action>
    </script>
  </cheat>

  <cheat desc="P1 Level 2 - Kabuki">
    <script state="run">
      <action>maincpu.pb@D004=02</action>
      <action>maincpu.pb@D005=01</action>
    </script>
  </cheat>

  <cheat desc="P1 Level 3 - Mask X">
    <script state="run">
      <action>maincpu.pb@D004=03</action>
      <action>maincpu.pb@D005=02</action>
    </script>
  </cheat>

  <cheat desc="P1 Level 4 - Ape III">
    <script state="run">
      <action>maincpu.pb@D004=04</action>
      <action>maincpu.pb@D005=03</action>
    </script>
  </cheat>

  <cheat desc="P1 Level 5 - Frank Jr.">
    <script state="run">
      <action>maincpu.pb@D004=05</action>
      <action>maincpu.pb@D005=04</action>
    </script>
  </cheat>

</mamecheat>
<!-- Cheat file downloaded from http://www.mamecheat.co.uk, see cheat.txt for list of contributors. -->
