<mamecheat version="1">

  <cheat desc="코인 무제한"> <comment>Insert at least one credit first</comment>
    <script state="run">
      <action>maincpu.pb@4C295=63</action>
    </script>
  </cheat>

  <cheat desc="시간 무제한">
    <script state="run">
      <action>maincpu.pw@4C004=0000</action>
    </script>
  </cheat>

  <cheat desc="Finish this Round Now!"> <comment>Disable 시간 무제한 before activating this cheat</comment>
    <script state="on">
      <action>maincpu.pw@4C004=0300</action>
    </script>
  </cheat>

  <cheat desc="Always Round One">
    <script state="run">
      <action>maincpu.pb@4C07F=00</action>
    </script>
  </cheat>

  <cheat desc=" "/>

  <cheat desc="P1 에너지 무제한">
    <script state="run">
      <action>maincpu.pb@4C00B=A8</action>
    </script>
  </cheat>

  <cheat desc="P1 Drain All Energy Now!">
    <script state="on">
      <action>maincpu.pb@4C00B=00</action>
    </script>
  </cheat>

  <cheat desc=" "/>

  <cheat desc="P2 에너지 무제한">
    <script state="run">
      <action>maincpu.pb@4C053=A8</action>
    </script>
  </cheat>

  <cheat desc="P2 Drain All Energy Now!">
    <script state="on">
      <action>maincpu.pb@4C053=00</action>
    </script>
  </cheat>

</mamecheat>
<!-- Cheat file downloaded from http://www.mamecheat.co.uk, see cheat.txt for list of contributors. -->
