<mamecheat version="1">

  <cheat desc="코인 무제한">
    <script state="run">
      <action>maincpu.pb@600859=09</action>
    </script>
  </cheat>

  <cheat desc=" "/>

  <cheat desc="P1 생명 무제한">
    <script state="run">
      <action>maincpu.pb@6019E3=09</action>
    </script>
  </cheat>

  <cheat desc="P1 무적">
    <script state="run">
      <action>maincpu.pb@6008B3=00</action>
      <action>maincpu.pb@6008BB=EE</action>
    </script>
  </cheat>

  <cheat desc="P1 폭탄 무제한">
    <script state="run">
      <action>maincpu.pb@6019E7=0A</action>
    </script>
  </cheat>

  <cheat desc="P1 Select Bomb">
    <parameter>
      <item value="0x00">Ashura Bomb</item>
      <item value="0x01">Fire Wave</item>
      <item value="0x02">Ashura Flash</item>
      <item value="0x03">S. Beam</item>
    </parameter>
    <script state="run">
      <action>maincpu.pb@600923=param</action>
    </script>
  </cheat>

  <cheat desc="P1 Always Maximum Shot Power">
    <script state="run">
      <action>maincpu.pb@600927=07</action>
    </script>
  </cheat>

  <cheat desc="P1 무기 선택">
    <parameter>
      <item value="0x00">Red</item>
      <item value="0x01">Green</item>
      <item value="0x02">Blue</item>
      <item value="0x03">Yellow</item>
      <item value="0x04">Special</item>
    </parameter>
    <script state="run">
      <action>maincpu.pb@60091F=param</action>
    </script>
  </cheat>

  <cheat desc="P1 총알 속도 빠르게"> <comment>Turn it OFF at the bomb selection or name entry</comment>
    <script state="run">
      <action>maincpu.pb@60081D=FF</action>
    </script>
  </cheat>

  <cheat desc=" "/>

  <cheat desc="P2 생명 무제한">
    <script state="run">
      <action>maincpu.pb@6019E5=09</action>
    </script>
  </cheat>

  <cheat desc="P2 무적">
    <script state="run">
      <action>maincpu.pb@6008F3=00</action>
      <action>maincpu.pb@6008FB=EE</action>
    </script>
  </cheat>

  <cheat desc="P2 폭탄 무제한">
    <script state="run">
      <action>maincpu.pb@6019E9=0A</action>
    </script>
  </cheat>

  <cheat desc="P2 Select Bomb">
    <parameter>
      <item value="0x00">Ashura Bomb</item>
      <item value="0x01">Fire Wave</item>
      <item value="0x02">Ashura Flash</item>
      <item value="0x03">S. Beam</item>
    </parameter>
    <script state="run">
      <action>maincpu.pb@600925=param</action>
    </script>
  </cheat>

  <cheat desc="P2 Always Maximum Shot Power">
    <script state="run">
      <action>maincpu.pb@600929=07</action>
    </script>
  </cheat>

  <cheat desc="P2 무기 선택">
    <parameter>
      <item value="0x00">Red</item>
      <item value="0x01">Green</item>
      <item value="0x02">Blue</item>
      <item value="0x03">Yellow</item>
      <item value="0x04">Special</item>
    </parameter>
    <script state="run">
      <action>maincpu.pb@600921=param</action>
    </script>
  </cheat>

  <cheat desc="P2 총알 속도 빠르게"> <comment>Turn it OFF at the bomb selection or name entry</comment>
    <script state="run">
      <action>maincpu.pb@60081F=FF</action>
    </script>
  </cheat>

</mamecheat>
<!-- Cheat file downloaded from http://www.mamecheat.co.uk, see cheat.txt for list of contributors. -->
