<mamecheat version="1">

  <cheat desc="코인 무제한">
    <script state="run">
      <action>maincpu.pb@600859=09</action>
    </script>
  </cheat>

  <cheat desc=" "/>

  <cheat desc="P1 생명 무제한">
    <script state="run">
      <action>maincpu.pb@6019EF=09</action>
    </script>
  </cheat>

  <cheat desc="P1 무적">
    <script state="run">
      <action>maincpu.pb@6008BF=00</action>
      <action>maincpu.pb@6008C7=EE</action>
    </script>
  </cheat>

  <cheat desc="P1 폭탄 무제한">
    <script state="run">
      <action>maincpu.pb@6019F3=0A</action>
    </script>
  </cheat>

  <cheat desc="P1 Select Bomb">
    <parameter>
      <item value="0x00">Ashurau Bomb</item>
      <item value="0x01">Fire Wave</item>
      <item value="0x02">Ashurau Flash</item>
      <item value="0x03">S. Beam</item>
    </parameter>
    <script state="run">
      <action>maincpu.pb@60092F=param</action>
    </script>
  </cheat>

  <cheat desc="P1 Always Maximum Shot Power">
    <script state="run">
      <action>maincpu.pb@600933=07</action>
    </script>
  </cheat>

  <cheat desc="P1 무기 선택">
    <parameter>
      <item value="0x00">Red</item>
      <item value="0x01">Green</item>
      <item value="0x02">Blue</item>
      <item value="0x03">Yellow</item>
      <item value="0x04">Special</item>
    </parameter>
    <script state="run">
      <action>maincpu.pb@60092B=param</action>
    </script>
  </cheat>

  <cheat desc="P1 총알 속도 빠르게"> <comment>Turn it OFF at the bomb selection or name entry</comment>
    <script state="run">
      <action>maincpu.pb@60081D=FF</action>
    </script>
  </cheat>

  <cheat desc=" "/>

  <cheat desc="P2 생명 무제한">
    <script state="run">
      <action>maincpu.pb@6019F1=09</action>
    </script>
  </cheat>

  <cheat desc="P2 무적">
    <script state="run">
      <action>maincpu.pb@6008FF=00</action>
      <action>maincpu.pb@600907=EE</action>
    </script>
  </cheat>

  <cheat desc="P2 폭탄 무제한">
    <script state="run">
      <action>maincpu.pb@6019F5=0A</action>
    </script>
  </cheat>

  <cheat desc="P2 Select Bomb">
    <parameter>
      <item value="0x00">Ashurau Bomb</item>
      <item value="0x01">Fire Wave</item>
      <item value="0x02">Ashurau Flash</item>
      <item value="0x03">S. Beam</item>
    </parameter>
    <script state="run">
      <action>maincpu.pb@600931=param</action>
    </script>
  </cheat>

  <cheat desc="P2 Always Maximum Shot Power">
    <script state="run">
      <action>maincpu.pb@600935=07</action>
    </script>
  </cheat>

  <cheat desc="P2 무기 선택">
    <parameter>
      <item value="0x00">Red</item>
      <item value="0x01">Green</item>
      <item value="0x02">Blue</item>
      <item value="0x03">Yellow</item>
      <item value="0x04">Special</item>
    </parameter>
    <script state="run">
      <action>maincpu.pb@60092D=param</action>
    </script>
  </cheat>

  <cheat desc="P2 총알 속도 빠르게"> <comment>Turn it OFF at the bomb selection or name entry</comment>
    <script state="run">
      <action>maincpu.pb@60081F=FF</action>
    </script>
  </cheat>

</mamecheat>
<!-- Cheat file downloaded from http://www.mamecheat.co.uk, see cheat.txt for list of contributors. -->
