<mamecheat version="1">

  <cheat desc="코인 무제한">
    <script state="run">
      <action>maincpu.pb@4002=63</action>
    </script>
  </cheat>

  <cheat desc="생명 무제한">
    <script state="run">
      <action>maincpu.pb@421D=09</action>
    </script>
  </cheat>

  <cheat desc="무적">
    <script state="on">
      <action>temp0 =maincpu.mb@0B9B</action>
      <action>temp1 =maincpu.mb@12B8</action>
      <action>temp2 =maincpu.mb@12CB</action>
      <action>temp3 =maincpu.mb@3321</action>
    </script>
    <script state="run">
      <action>maincpu.mb@0B9B=C9</action>
      <action>maincpu.mb@12B8=C9</action>
      <action>maincpu.mb@12CB=C9</action>
      <action>maincpu.mb@3321=C3</action>
    </script>
    <script state="off">
      <action>maincpu.mb@0B9B=temp0 </action>
      <action>maincpu.mb@12B8=temp1 </action>
      <action>maincpu.mb@12CB=temp2 </action>
      <action>maincpu.mb@3321=temp3 </action>
    </script>
  </cheat>

  <cheat desc="총알 속도 빠르게"> <comment>This cheat enables continuous attack by holding the fire button</comment>
    <script state="run">
      <action>maincpu.pw@4010=0000|(maincpu.pw@4010 BAND ~1010)</action> <!-- 4010 replaces 4013 which is not working in 0123u4 -->
    </script>
  </cheat>

  <cheat desc="총알 속도 선택">
    <parameter min="0" max="12" step="1"/>
    <script state="on">
      <action>temp0 =maincpu.mb@08C6</action>
    </script>
    <script state="run">
      <action>maincpu.mb@08C6=(param)</action>
    </script>
    <script state="off">
      <action>maincpu.mb@08C6=temp0 </action>
    </script>
  </cheat>

</mamecheat>
<!-- Cheat file downloaded from http://www.mamecheat.co.uk, see cheat.txt for list of contributors. -->
