<mamecheat version="1">

  <cheat desc="코인 무제한">
    <script state="run">
      <action>maincpu.pb@E774=99</action>
    </script>
  </cheat>

  <cheat desc="무적">
    <script state="run">
      <action>maincpu.pb@DCD5=00</action>
    </script>
  </cheat>

  <cheat desc="1 Part to Get Armor">
    <script state="on">
      <action>temp0 =maincpu.md@24CE</action>
    </script>
    <script state="run">
      <action>maincpu.md@24CE=00000306|(maincpu.md@24CE BAND ~00FFFFFF)</action>
    </script>
    <script state="off">
      <action>maincpu.md@24CE=temp0 </action>
    </script>
  </cheat>

  <cheat desc="B-Panel Always 8000 pts">
    <script state="on">
      <action>temp0 =maincpu.mb@20A8</action>
      <action>temp1 =maincpu.mw@20AB</action>
    </script>
    <script state="run">
      <action>maincpu.mb@20A8=AA</action>
      <action>maincpu.mw@20AB=01FF</action>
    </script>
    <script state="off">
      <action>maincpu.mb@20A8=temp0 </action>
      <action>maincpu.mw@20AB=temp1 </action>
    </script>
  </cheat>

  <cheat desc=" "/>

  <cheat desc="P1 생명 무제한">
    <script state="run">
      <action>maincpu.pb@DCEB=09</action>
    </script>
  </cheat>

  <cheat desc="P1 이어하기 무제한"> <comment>If continue play is available</comment>
    <script state="run">
      <action>maincpu.pb@DD23=03</action>
    </script>
  </cheat>

  <cheat desc="P1 Maximum Energy">
    <script state="run">
      <action>maincpu.pb@DD07=19</action>
      <action>maincpu.pb@DD08=19</action>
    </script>
  </cheat>

  <cheat desc="P1 Maximum Speed">
    <script state="run">
      <action>maincpu.pb@DD01=30|(maincpu.pb@DD01 BAND ~30)</action>
    </script>
  </cheat>

  <cheat desc="P1 Maximum Fire Power">
    <script state="run">
      <action>maincpu.pb@DD01=0C|(maincpu.pb@DD01 BAND ~0C)</action>
    </script>
  </cheat>

  <cheat desc="P1 Maximum Missiles">
    <script state="run">
      <action>maincpu.pb@DD01=03|(maincpu.pb@DD01 BAND ~03)</action>
    </script>
  </cheat>

  <cheat desc="P1 총알 속도 빠르게 - Antiair">
    <script state="run">
      <action>maincpu.pb@DCFE=00</action>
    </script>
  </cheat>

  <cheat desc="P1 총알 속도 빠르게 - Antisurface">
    <script state="run">
      <action>maincpu.pb@DCFF=00</action>
    </script>
  </cheat>

  <cheat desc="P1 Always Open Item Box">
    <script state="run">
      <action>maincpu.pb@DCD6=05</action>
    </script>
  </cheat>

  <cheat desc="P1 Always Have Oct Armor">
    <script state="run">
      <action>maincpu.pb@DD04=01|(maincpu.pb@DD04 BAND ~01)</action>
    </script>
  </cheat>

  <cheat desc="P1 Always Have Shield Armor">
    <script state="run">
      <action>maincpu.pb@DD04=02|(maincpu.pb@DD04 BAND ~02)</action>
    </script>
  </cheat>

  <cheat desc="P1 Always Have Cannon Armor">
    <script state="run">
      <action>maincpu.pb@DD04=04|(maincpu.pb@DD04 BAND ~04)</action>
    </script>
  </cheat>

  <cheat desc="P1 Always Have Homing Armor">
    <script state="run">
      <action>maincpu.pb@DD04=08|(maincpu.pb@DD04 BAND ~08)</action>
    </script>
  </cheat>

  <cheat desc="P1 Always Have Paralyz Armor">
    <script state="run">
      <action>maincpu.pb@DD04=10|(maincpu.pb@DD04 BAND ~10)</action>
    </script>
  </cheat>

  <cheat desc="P1 Always Have Nuclear Armor">
    <script state="run">
      <action>maincpu.pb@DD04=20|(maincpu.pb@DD04 BAND ~20)</action>
    </script>
  </cheat>

  <cheat desc="P1 Always Have Fire Armor">
    <script state="run">
      <action>maincpu.pb@DD04=40|(maincpu.pb@DD04 BAND ~40)</action>
    </script>
  </cheat>

  <cheat desc="P1 Always Have Thunder Armor">
    <script state="run">
      <action>maincpu.pb@DD04=80|(maincpu.pb@DD04 BAND ~80)</action>
    </script>
  </cheat>

  <cheat desc="P1 Select Equipped Armor">
    <parameter>
      <item value="0x00">No Armor</item>
      <item value="0x01">Oct Armor</item>
      <item value="0x02">Shield Armor</item>
      <item value="0x03">Cannon Armor</item>
      <item value="0x04">Homing Armor</item>
      <item value="0x05">Paralyz Armor</item>
      <item value="0x06">Nuclear Armor</item>
      <item value="0x07">Fire Armor</item>
      <item value="0x08">Thunder Armor</item>
    </parameter>
    <script state="run">
      <action>maincpu.pb@DCC9=param</action>
    </script>
  </cheat>

  <cheat desc=" "/>

  <cheat desc="P2 생명 무제한">
    <script state="run">
      <action>maincpu.pb@DD4F=09</action>
    </script>
  </cheat>

  <cheat desc="P2 이어하기 무제한"> <comment>If continue play is available</comment>
    <script state="run">
      <action>maincpu.pb@DD87=03</action>
    </script>
  </cheat>

  <cheat desc="P2 Maximum Energy">
    <script state="run">
      <action>maincpu.pb@DD6B=19</action>
      <action>maincpu.pb@DD6C=19</action>
    </script>
  </cheat>

  <cheat desc="P2 Maximum Speed">
    <script state="run">
      <action>maincpu.pb@DD65=30|(maincpu.pb@DD65 BAND ~30)</action>
    </script>
  </cheat>

  <cheat desc="P2 Maximum Fire Power">
    <script state="run">
      <action>maincpu.pb@DD65=0C|(maincpu.pb@DD65 BAND ~0C)</action>
    </script>
  </cheat>

  <cheat desc="P2 Maximum Missiles">
    <script state="run">
      <action>maincpu.pb@DD65=03|(maincpu.pb@DD65 BAND ~03)</action>
    </script>
  </cheat>

  <cheat desc="P2 총알 속도 빠르게 - Antiair">
    <script state="run">
      <action>maincpu.pb@DD62=00</action>
    </script>
  </cheat>

  <cheat desc="P2 총알 속도 빠르게 - Antisurface">
    <script state="run">
      <action>maincpu.pb@DD63=00</action>
    </script>
  </cheat>

  <cheat desc="P2 Always Open Item Box">
    <script state="run">
      <action>maincpu.pb@DD3A=05</action>
    </script>
  </cheat>

  <cheat desc="P2 Always Have Oct Armor">
    <script state="run">
      <action>maincpu.pb@DD68=01|(maincpu.pb@DD68 BAND ~01)</action>
    </script>
  </cheat>

  <cheat desc="P2 Always Have Shield Armor">
    <script state="run">
      <action>maincpu.pb@DD68=02|(maincpu.pb@DD68 BAND ~02)</action>
    </script>
  </cheat>

  <cheat desc="P2 Always Have Cannon Armor">
    <script state="run">
      <action>maincpu.pb@DD68=04|(maincpu.pb@DD68 BAND ~04)</action>
    </script>
  </cheat>

  <cheat desc="P2 Always Have Homing Armor">
    <script state="run">
      <action>maincpu.pb@DD68=08|(maincpu.pb@DD68 BAND ~08)</action>
    </script>
  </cheat>

  <cheat desc="P2 Always Have Paralyz Armor">
    <script state="run">
      <action>maincpu.pb@DD68=10|(maincpu.pb@DD68 BAND ~10)</action>
    </script>
  </cheat>

  <cheat desc="P2 Always Have Nuclear Armor">
    <script state="run">
      <action>maincpu.pb@DD68=20|(maincpu.pb@DD68 BAND ~20)</action>
    </script>
  </cheat>

  <cheat desc="P2 Always Have Fire Armor">
    <script state="run">
      <action>maincpu.pb@DD68=40|(maincpu.pb@DD68 BAND ~40)</action>
    </script>
  </cheat>

  <cheat desc="P2 Always Have Thunder Armor">
    <script state="run">
      <action>maincpu.pb@DD68=80|(maincpu.pb@DD68 BAND ~80)</action>
    </script>
  </cheat>

  <cheat desc="P2 Select Equipped Armor">
    <parameter>
      <item value="0x00">No Armor</item>
      <item value="0x01">Oct Armor</item>
      <item value="0x02">Shield Armor</item>
      <item value="0x03">Cannon Armor</item>
      <item value="0x04">Homing Armor</item>
      <item value="0x05">Paralyze Armor</item>
      <item value="0x06">Nuclear Armor</item>
      <item value="0x07">Fire Armor</item>
      <item value="0x08">Thunder Armor</item>
    </parameter>
    <script state="run">
      <action>maincpu.pb@DD2D=param</action>
    </script>
  </cheat>

  <cheat desc=" "/>

  <cheat desc="사운드 테스트 Timer Stop">
    <script state="run">
      <action>maincpu.pb@D819=02</action>
    </script>
  </cheat>

</mamecheat>
<!-- Cheat file downloaded from http://www.mamecheat.co.uk, see cheat.txt for list of contributors. -->
