<mamecheat version="1">

  <cheat desc="시간 무제한">
    <script state="run">
      <action>maincpu.pw@4108=0959</action>
    </script>
  </cheat>

  <cheat desc="Finish this Match Now!">
    <script state="on">
      <action>maincpu.pw@4108=0001</action>
    </script>
  </cheat>

  <cheat desc=" "/>

  <cheat desc="P1 Score always = 0">
    <script state="run">
      <action>maincpu.pw@410C=0000</action>
    </script>
  </cheat>

  <cheat desc="P1 Score always = 10">
    <script state="run">
      <action>maincpu.pw@410C=0010</action>
    </script>
  </cheat>

  <cheat desc="P1 Score = 0 Now!">
    <script state="on">
      <action>maincpu.pw@410C=0000</action>
    </script>
  </cheat>

  <cheat desc="P1 Score = 10 Now!">
    <script state="on">
      <action>maincpu.pw@410C=0010</action>
    </script>
  </cheat>

  <cheat desc=" "/>

  <cheat desc="P2 Score always = 0">
    <script state="run">
      <action>maincpu.pw@410E=0000</action>
    </script>
  </cheat>

  <cheat desc="P2 Score always = 10">
    <script state="run">
      <action>maincpu.pw@410E=0010</action>
    </script>
  </cheat>

  <cheat desc="P2 Score = 0 Now!">
    <script state="on">
      <action>maincpu.pw@410E=0000</action>
    </script>
  </cheat>

  <cheat desc="P2 Score = 10 Now!">
    <script state="on">
      <action>maincpu.pw@410E=0010</action>
    </script>
  </cheat>

  <cheat desc=" "/>

  <cheat desc="사운드 테스트">
    <script state="on">
      <action condition="maincpu.pb@4012==00">maincpu.pb@4012=01</action>
    </script>
    <parameter min="1" max="28" step="1"/>
    <script state="change">
      <action condition="(temp1==0)">temp1=8069</action>
      <action>temp0=8068+param</action>
      <action>slave.pb@temp1=FF</action>
      <action>slave.pb@temp0=01</action>
      <action>temp1=temp0</action>
    </script>
  </cheat>

</mamecheat>
<!-- Cheat file downloaded from http://www.mamecheat.co.uk, see cheat.txt for list of contributors. -->
