<mamecheat version="1">

  <cheat desc="코인 무제한">
    <script state="run">
      <action>maincpu.pb@100023=09</action>
    </script>
  </cheat>

  <cheat desc="시간 무제한">
    <script state="on">
      <action>temp0 =maincpu.pb@10012F</action>
    </script>
    <script state="run">
      <action condition="(frame % 300 == 0) AND (maincpu.pb@10012F!=temp0 )">maincpu.pb@10012F=99</action>
    </script>
  </cheat>

  <cheat desc="생명 무제한">
    <script state="run">
      <action>maincpu.pb@10010F=15</action>
    </script>
  </cheat>

  <cheat desc="Infinite Shots">
    <script state="run">
      <action>maincpu.pb@100145=01</action>
    </script>
  </cheat>

  <cheat desc="Infinite Grenades">
    <script state="run">
      <action>maincpu.pb@10014B=01</action>
    </script>
  </cheat>

  <cheat desc="무적">
    <script state="on">
      <action>temp0 =slave.mb@000AAA</action>
    </script>
    <script state="run">
      <action>slave.mb@000AAA=60</action>
    </script>
    <script state="off">
      <action>slave.mb@000AAA=temp0 </action>
    </script>
  </cheat>

  <cheat desc="Enemies never shoot">
    <script state="run">
      <action>maincpu.pb@100133=90</action>
    </script>
  </cheat>

  <cheat desc="Infinite Jumps (buggy?)">
    <script state="run">
      <action>maincpu.pb@10012B=05</action>
    </script>
  </cheat>

  <cheat desc="총알 속도 빠르게"> <comment>Turn it OFF on the name entry screen</comment>
    <script state="run">
      <action>maincpu.pb@10001B=1D</action>
      <action>maincpu.pw@100144=0000</action>
    </script>
  </cheat>

</mamecheat>
<!-- Cheat file downloaded from http://www.mamecheat.co.uk, see cheat.txt for list of contributors. -->
