<mamecheat version="1">

  <cheat desc="코인 무제한">
    <script state="run">
      <action>maincpu.pb@008C=3F</action>
    </script>
  </cheat>

  <cheat desc="Infinite Shield">
    <script state="run">
      <action>maincpu.pb@02EF=FF</action>
    </script>
  </cheat>

  <cheat desc="Fire through Shield">
    <script state="on">
      <action>temp0 =maincpu.mb@64A3</action>
    </script>
    <script state="run">
      <action>maincpu.mb@64A3=00</action>
    </script>
    <script state="off">
      <action>maincpu.mb@64A3=temp0 </action>
    </script>
  </cheat>

  <cheat desc="Select 무적"> <comment>Normal = Pass through asteroids/UFOs without damaging you or them, Reflective = suffer no damage and reflect damage to asteroid/UFO</comment>
    <parameter>
      <item value="0xA960">Normal</item>
      <item value="0x1FF0">Reflective</item>
    </parameter>
    <script state="on">
      <action>temp0 =maincpu.mw@62B3</action>
      <action>temp1 =maincpu.mb@62D1</action>
    </script>
    <script state="run">
      <action>maincpu.mw@62B3=param</action> <!-- Asteroid/UFO collisions -->
      <action>maincpu.mb@62D1=20</action> <!-- Saucer Fire -->
    </script>
    <script state="off">
      <action>maincpu.mw@62B3=temp0 </action>
      <action>maincpu.mb@62D1=temp1 </action>
    </script>
  </cheat>

  <cheat desc="Bullets never Explode"> <comment>They will keep moving and destroying to they reach their full range</comment>
    <script state="on">
      <action>temp0 =maincpu.mb@62CB</action>
      <action>temp1 =maincpu.mb@62D3</action>
    </script>
    <script state="run">
      <action>maincpu.mb@62CB=0C</action>
      <action>maincpu.mb@62D3=00</action>
    </script>
    <script state="off">
      <action>maincpu.mb@62CB=temp0 </action>
      <action>maincpu.mb@62D3=temp1 </action>
    </script>
  </cheat>

  <cheat desc="총알 속도 빠르게"> <comment>Default delay 16 frames (240 rounds per minute)</comment>
    <parameter min="2" max="255"/>
    <script state="change">
      <action>maincpu.mb@64B6=param</action>
    </script>
    <script state="off">
      <action>maincpu.mb@64B6=0F</action>
    </script>
  </cheat>

  <cheat desc="Select Extra Bullets"> <!-- Bullets ripped from UFO gun -->
    <parameter>
      <item value="0x02">+1 (5 Total)</item>
      <item value="0x01">+2 (6 Total)</item>
    </parameter>
    <script state="on">
      <action>temp0 =maincpu.mb@64BD</action>
    </script>
    <script state="run">
      <action>maincpu.mb@64BD=param</action>
    </script>
    <script state="off">
      <action>maincpu.mb@64BD=temp0 </action>
    </script>
  </cheat>

  <cheat desc="Select Bullet Range"> <comment>Default 18 units, too high will confuse level advance</comment>
    <parameter min="0" max="127" step="5"/>
    <script state="change">
      <action>maincpu.mb@64D6=param</action>
    </script>
    <script state="off">
      <action>maincpu.mb@64D6=12</action>
    </script>
  </cheat>

  <cheat desc="UFOs never fire">
    <script state="run">
      <action>maincpu.pw@021B=0000</action>
    </script>
  </cheat>

  <cheat desc="Select UFO Appearance Rate">
    <parameter>
      <item value="0x01">No UFOs at all</item>
      <item value="0x02">Lots of UFOs</item>
    </parameter>
    <script state="run">
      <action condition="(param==01)">maincpu.pb@02E8=FF</action>
      <action condition="(param==02) AND (frame % 60 == 0)">maincpu.pb@02E8=01</action>
    </script>
  </cheat>

  <cheat desc="Static UFO Appearance Rate"> <comment>The time between UFOs normally decreases, this makes the time between UFOs the same.</comment>
    <script state="on">
      <action>temp0 =maincpu.mb@636C</action>
    </script>
    <script state="run">
      <action>maincpu.mb@636C=00</action>
    </script>
    <script state="off">
      <action>maincpu.mb@636C=temp0 </action>
    </script>
  </cheat>

  <cheat desc="No Death Stars">
    <script state="on">
      <action>temp0 =maincpu.mb@4AB5</action>
    </script>
    <script state="run">
      <action>maincpu.mb@4AB5=00</action>
    </script>
    <script state="off">
      <action>maincpu.mb@4AB5=temp0 </action>
    </script>
  </cheat>

  <cheat desc=" "/>

  <cheat desc="P1 생명 무제한">
    <script state="run">
      <action>maincpu.pb@006F=06</action>
    </script>
  </cheat>

  <cheat desc="P2 생명 무제한">
    <script state="run">
      <action>maincpu.pb@0070=06</action>
    </script>
  </cheat>

</mamecheat>
<!-- Cheat file downloaded from http://www.mamecheat.co.uk, see cheat.txt for list of contributors. -->
