<mamecheat version="1">

  <cheat desc="코인 무제한">
    <script state="run">
      <action>maincpu.pb@1040B2=99</action>
      <action>maincpu.pw@1040F0=9999</action>
    </script>
  </cheat>

  <cheat desc="시간 무제한">
    <script state="run">
      <action>maincpu.pw@1042EA=0000</action>
    </script>
  </cheat>

  <cheat desc="Infinite Bonus Time"> <comment>Turn OFF after bonus stages</comment>
    <script state="run">
      <action>maincpu.pb@10423A=99</action>
    </script>
  </cheat>

  <cheat desc="Select Starting Act">
    <parameter min="1" max="5" step="1"/>
    <script state="run">
      <action condition="maincpu.pb@1040D3==01">maincpu.pb@1040D3=param</action>
    </script>
  </cheat>

  <cheat desc="Infinite Swinging Uppercut Time">
    <script state="on">
      <action>temp0 =maincpu.mb@00A8DE</action>
    </script>
    <script state="run">
      <action>maincpu.mb@00A8DE=60</action>
    </script>
    <script state="off">
      <action>maincpu.mb@00A8DE=temp0 </action>
    </script>
  </cheat>

  <cheat desc="Select Swinging Uppercut Charge Time">
    <parameter>
      <item value="0x10">Normal</item>
      <item value="0x04">4x Faster</item>
      <item value="0x08">2x Faster</item>
      <item value="0x20">2x Slower</item>
      <item value="0x40">4x Slower</item>
    </parameter>
    <script state="on">
      <action>temp0 =maincpu.mb@00C307</action>
    </script>
    <script state="run">
      <action>maincpu.mb@00C307=param</action>
    </script>
    <script state="off">
      <action>maincpu.mb@00C307=temp0 </action>
    </script>
  </cheat>

  <cheat desc=" "/>

  <cheat desc="P1 생명 무제한">
    <script state="run">
      <action>maincpu.pb@104604=08</action>
    </script>
  </cheat>

  <cheat desc="P1 에너지 무제한">
    <script state="run">
      <action>maincpu.pb@104605=0D</action>
    </script>
  </cheat>

  <cheat desc="P1 무적">
    <script state="run">
      <action>maincpu.pb@10504B=02</action>
    </script>
  </cheat>

  <cheat desc="P1 총알 속도 빠르게"> <comment>Turn it OFF on name entry screen, if you enable this you can't use the swinging uppercut you get when you hold fire down normally</comment>
    <script state="run">
      <action>maincpu.pb@1040A1=00|(maincpu.pb@1040A1 BAND ~10)</action>
    </script>
  </cheat>

  <cheat desc=" "/>

  <cheat desc="P2 생명 무제한">
    <script state="run">
      <action>maincpu.pb@104624=08</action>
    </script>
  </cheat>

  <cheat desc="P2 에너지 무제한">
    <script state="run">
      <action>maincpu.pb@104625=0D</action>
    </script>
  </cheat>

  <cheat desc="P2 무적">
    <script state="run">
      <action>maincpu.pb@10509B=02</action>
    </script>
  </cheat>

  <cheat desc="P2 총알 속도 빠르게"> <comment>Turn it OFF on name entry screen, if you enable this you can't use the swinging uppercut you get when you hold fire down normally</comment>
    <script state="run">
      <action>maincpu.pb@1040A4=00|(maincpu.pb@1040A4 BAND ~10)</action>
    </script>
  </cheat>

  <cheat desc=" "/>

  <cheat desc="Skip RAM/ROM Check">
    <script state="on">
      <action>temp0 =maincpu.mw@0006C6</action>
    </script>
    <script state="run">
      <action>maincpu.mw@0006C6=06C8</action>
    </script>
    <script state="off">
      <action>maincpu.mw@0006C6=temp0 </action>
    </script>
  </cheat>

</mamecheat>
<!-- Cheat file downloaded from http://www.mamecheat.co.uk, see cheat.txt for list of contributors. -->
