<mamecheat version="1">

  <cheat desc="코인 무제한">
    <script state="run">
      <action>maincpu.pb@006F=99</action>
    </script>
  </cheat>

  <cheat desc="Select 무적"> <comment>Normal = Pass through asteroids/UFOs without damaging you or them, Reflective = suffer no damage and reflect damage to asteroid/UFO</comment>
    <parameter>
      <item value="0x8160">Normal</item>
      <item value="0x27F0">Reflective</item>
    </parameter>
    <script state="on">
      <action>temp0 =maincpu.mw@6B1A</action>
      <action>temp1 =maincpu.mb@6B40</action>
      <action>temp2 =maincpu.mb@7051</action>
    </script>
    <script state="run">
      <action>maincpu.mw@6B1A=param</action> <!-- Asteroid/UFO collisions -->
      <action>maincpu.mb@6B40=20</action> <!-- Saucer Fire -->
      <action>maincpu.mb@7051=00</action> <!-- Hyperspace Re-Entry -->
    </script>
    <script state="off">
      <action>maincpu.mw@6B1A=temp0 </action>
      <action>maincpu.mb@6B40=temp1 </action>
      <action>maincpu.mb@7051=temp2 </action>
    </script>
  </cheat>

  <cheat desc="Bullets never Explode"> <comment>They will keep moving and destroying to they reach their full range</comment>
    <script state="on">
      <action>temp0 =maincpu.mb@6B3A</action>
      <action>temp1 =maincpu.mb@6B42</action>
    </script>
    <script state="run">
      <action>maincpu.mb@6B3A=AD</action>
      <action>maincpu.mb@6B42=00</action>
    </script>
    <script state="off">
      <action>maincpu.mb@6B3A=temp0 </action>
      <action>maincpu.mb@6B42=temp1 </action>
    </script>
  </cheat>

  <cheat desc="총알 속도 빠르게">
    <parameter>
      <item value="0x0F">Slow</item>
      <item value="0x07">Medium</item>
      <item value="0x03">Fast</item>
      <item value="0x00">Turbo</item>
    </parameter>
    <script state="run">
      <action condition="(maincpu.pb@2FA==00) AND ((frame BAND param)==00)">maincpu.pb@0062=00</action> <!-- Jams highscore advance w/o 2FA condition -->
    </script>
  </cheat>

  <cheat desc="Select Extra Bullets"> <!-- Bullets ripped from UFO gun -->
    <parameter>
      <item value="0x02">+1 (5 Total)</item>
      <item value="0x01">+2 (6 Total)</item>
    </parameter>
    <script state="on">
      <action>temp0 =maincpu.mb@6CE9</action>
    </script>
    <script state="run">
      <action>maincpu.mb@6CE9=param</action>
    </script>
    <script state="off">
      <action>maincpu.mb@6CE9=temp0 </action>
    </script>
  </cheat>

  <cheat desc="Select Bullet Range"> <comment>Default Range is 18.</comment>
    <parameter min="0" max="127" step="5"/>
    <script state="change">
      <action>maincpu.mb@6CFC=param</action>
    </script>
    <script state="off">
      <action>maincpu.mb@6CFC=12</action>
    </script>
  </cheat>

  <cheat desc="UFOs never fire">
    <script state="run">
      <action>maincpu.pw@021D=0000</action>
    </script>
  </cheat>

  <cheat desc="Select UFO Appearance Rate">
    <parameter>
      <item value="0x01">No UFOs at all</item>
      <item value="0x02">Lots of UFOs</item>
    </parameter>
    <script state="run">
      <action condition="(param==01)">maincpu.pb@02F7=FF</action>
      <action condition="(param==02) AND (frame % 60 == 0)">maincpu.pb@02F7=01</action>
    </script>
  </cheat>

  <cheat desc="Static UFO Appearance Rate"> <comment>The time between UFOs normally decreases, this makes the time between UFOs the same.</comment>
    <script state="on">
      <action>temp0 =maincpu.mb@6BD1</action>
    </script>
    <script state="run">
      <action>maincpu.mb@6BD1=00</action>
    </script>
    <script state="off">
      <action>maincpu.mb@6BD1=temp0 </action>
    </script>
  </cheat>

  <cheat desc=" "/>

  <cheat desc="P1 생명 무제한">
    <script state="run">
      <action>maincpu.pb@0056=05</action>
    </script>
  </cheat>

  <cheat desc="P2 생명 무제한">
    <script state="run">
      <action>maincpu.pb@0057=05</action>
    </script>
  </cheat>

</mamecheat>
<!-- Cheat file downloaded from http://www.mamecheat.co.uk, see cheat.txt for list of contributors. -->
