<mamecheat version="1">

  <cheat desc="코인 무제한">
    <script state="run">
      <action>maincpu.pb@1F9D=99</action>
    </script>
  </cheat>

  <cheat desc="생명 무제한">
    <script state="run">
      <action>maincpu.pb@1D01=08</action>
    </script>
  </cheat>

  <cheat desc="무적">
    <script state="run">
      <action>maincpu.pb@1CD8=00</action>
    </script>
  </cheat>

  <cheat desc="총알 속도 빠르게">
    <script state="run">
      <action>maincpu.pb@1CE0=00</action>
    </script>
  </cheat>

</mamecheat>
<!-- Cheat file downloaded from http://www.mamecheat.co.uk, see cheat.txt for list of contributors. -->
