<mamecheat version="1">

  <cheat desc=" "/>
  <cheat desc="무적 only works for the following missions"/>
  <cheat desc="1-1, 2-1, 2-3, 3-1, 3-5, 3-7, 4-1, 4-5,"/>
  <cheat desc="5-1, 5-2, 5-4, 6-1, 6-2, 6-4, 6-5."/>
  <cheat desc="Don't set 총알 속도 빠르게 for the 3D scene when playing the 2D scene."/>
  <cheat desc=" "/>

  <cheat desc="P1 Infinite Life">
    <script state="run">
      <action>maincpu.pb@FF200D=A0</action>
    </script>
  </cheat>

  <cheat desc="P1 에너지 무제한">
    <script state="run">
      <action>maincpu.pb@FF200E=80</action>
    </script>
  </cheat>

  <cheat desc="P1 무적">
    <script state="run">
      <action>maincpu.pb@FF0061=78</action>
    </script>
  </cheat>

  <cheat desc="P1 총알 속도 빠르게 - 2D Scene">
    <script state="run">
      <action>maincpu.pb@FFE018=00|(maincpu.pb@FFE018 BAND ~01)</action>
    </script>
  </cheat>

  <cheat desc="P1 총알 속도 빠르게 - 3D Scene">
    <script state="run">
      <action>maincpu.pb@FFE019=00|(maincpu.pb@FFE019 BAND ~01)</action>
    </script>
  </cheat>

  <cheat desc=" "/>

  <cheat desc="P2 Infinite Life">
    <script state="run">
      <action>maincpu.pb@FF208D=A0</action>
    </script>
  </cheat>

  <cheat desc="P2 에너지 무제한">
    <script state="run">
      <action>maincpu.pb@FF208E=80</action>
    </script>
  </cheat>

  <cheat desc="P2 무적">
    <script state="run">
      <action>maincpu.pb@FF0461=78</action>
    </script>
  </cheat>

  <cheat desc="P2 총알 속도 빠르게 - 2D Scene">
    <script state="run">
      <action>maincpu.pb@FFE098=00|(maincpu.pb@FFE098 BAND ~01)</action>
    </script>
  </cheat>

  <cheat desc="P2 총알 속도 빠르게 - 3D Scene">
    <script state="run">
      <action>maincpu.pb@FFE099=00|(maincpu.pb@FFE099 BAND ~01)</action>
    </script>
  </cheat>

  <cheat desc=" "/>

  <cheat desc="P3 Infinite Life">
    <script state="run">
      <action>maincpu.pb@FF210D=A0</action>
    </script>
  </cheat>

  <cheat desc="P3 에너지 무제한">
    <script state="run">
      <action>maincpu.pb@FF210E=80</action>
    </script>
  </cheat>

  <cheat desc="P3 무적">
    <script state="run">
      <action>maincpu.pb@FF0861=78</action>
    </script>
  </cheat>

  <cheat desc="P3 총알 속도 빠르게 - 2D Scene">
    <script state="run">
      <action>maincpu.pb@FFE118=00|(maincpu.pb@FFE118 BAND ~01)</action>
    </script>
  </cheat>

  <cheat desc="P3 총알 속도 빠르게 - 3D Scene">
    <script state="run">
      <action>maincpu.pb@FFE119=00|(maincpu.pb@FFE119 BAND ~01)</action>
    </script>
  </cheat>

</mamecheat>
<!-- Cheat file downloaded from http://www.mamecheat.co.uk, see cheat.txt for list of contributors. -->
