<mamecheat version="1">

  <cheat desc="연료 무제한">
    <script state="run">
      <action>maincpu.pw@CCDB=1919</action>
    </script>
  </cheat>

  <cheat desc="무적">
    <script state="on">
      <action>temp0 =maincpu.mb@1FC4</action>
      <action>temp1 =maincpu.mb@1FE7</action>
      <action>temp2 =maincpu.mb@23A0</action>
    </script>
    <script state="run">
      <action>maincpu.mb@1FC4=C6</action>
      <action>maincpu.mb@1FE7=E9</action> <!-- 1st + 2nd = Fire -->
      <action>maincpu.mb@23A0=A2</action> <!-- Enemy -->
    </script>
    <script state="off">
      <action>maincpu.mb@1FC4=temp0 </action>
      <action>maincpu.mb@1FE7=temp1 </action>
      <action>maincpu.mb@23A0=temp2 </action>
    </script>
  </cheat>

  <cheat desc="Laser never overheats">
    <script state="run">
      <action>maincpu.pw@CD4A=0000</action>
    </script>
  </cheat>

  <cheat desc="Warp always available">
    <script state="run">
      <action>maincpu.pb@CCF3=FF</action>
    </script>
  </cheat>

  <cheat desc=" "/>

  <cheat desc="P1 생명 무제한">
    <script state="run">
      <action>maincpu.pb@CCEE=05</action>
    </script>
  </cheat>

  <cheat desc="P2 생명 무제한">
    <script state="run">
      <action>maincpu.pb@CCEF=05</action>
    </script>
  </cheat>

</mamecheat>
<!-- Cheat file downloaded from http://www.mamecheat.co.uk, see cheat.txt for list of contributors. -->
