<mamecheat version="1">

  <cheat desc="연료 무제한">
    <script state="run">
      <action>maincpu.pw@CCF7=1919</action>
    </script>
  </cheat>

  <cheat desc="무적">
    <script state="on">
      <action>temp0 =maincpu.mb@1FA9</action>
      <action>temp1 =maincpu.mb@1FCC</action>
      <action>temp2 =maincpu.mb@2385</action>
    </script>
    <script state="run">
      <action>maincpu.mb@1FA9=AB</action>
      <action>maincpu.mb@1FCC=CE</action> <!-- 1st + 2nd = Fire -->
      <action>maincpu.mb@2385=87</action> <!-- Enemy -->
    </script>
    <script state="off">
      <action>maincpu.mb@1FA9=temp0 </action>
      <action>maincpu.mb@1FCC=temp1 </action>
      <action>maincpu.mb@2385=temp2 </action>
    </script>
  </cheat>

  <cheat desc="Laser never overheats">
    <script state="run">
      <action>maincpu.pw@CD66=0000</action>
    </script>
  </cheat>

  <cheat desc="Warp always available">
    <script state="run">
      <action>maincpu.pb@CD0F=FF</action>
    </script>
  </cheat>

  <cheat desc=" "/>

  <cheat desc="P1 생명 무제한">
    <script state="run">
      <action>maincpu.pb@CD0A=05</action>
    </script>
  </cheat>

  <cheat desc="P2 생명 무제한">
    <script state="run">
      <action>maincpu.pb@CD0B=05</action>
    </script>
  </cheat>

</mamecheat>
<!-- Cheat file downloaded from http://www.mamecheat.co.uk, see cheat.txt for list of contributors. -->
