<mamecheat version="1">

  <cheat desc="시간 무제한">
    <script state="run">
      <action>maincpu.pb@60955A1=64</action>
    </script>
  </cheat>

  <cheat desc=" "/>

  <cheat desc="P1 에너지 무제한">
    <script state="run">
      <action>maincpu.pb@6095E46=C8</action>
    </script>
  </cheat>

  <cheat desc="P1 Infinite Power">
    <script state="run">
      <action>maincpu.pd@6095E2C=01E00000</action>
    </script>
  </cheat>

  <cheat desc="P1 캐릭터 선택 Now!"> <comment>Don't let My Devil and My Angel fight each other. They probably shouldn't fight any bosses either.</comment>
    <parameter>
      <item value="0x00">Lettuce</item>
      <item value="0x01">Maron</item>
      <item value="0x02">Stella</item>
      <item value="0x03">Sakamoto</item>
      <item value="0x04">Rouge</item>
      <item value="0x05">Coco</item>
      <item value="0x06">Cupe</item>
      <item value="0x07">Fooly</item>
      <item value="0x08">#Test-Kun</item>
      <item value="0x09">#My Devil</item>
      <item value="0x0A">#My Angel</item>
    </parameter>
    <script state="change">
      <action>maincpu.pb@6095E29=param</action>
    </script>
  </cheat>

  <cheat desc=" "/>

  <cheat desc="P2 에너지 무제한">
    <script state="run">
      <action>maincpu.pb@60962FA=C8</action>
    </script>
  </cheat>

  <cheat desc="P2 Infinite Power">
    <script state="run">
      <action>maincpu.pd@60962E0=01E00000</action>
    </script>
  </cheat>

  <cheat desc="P2 캐릭터 선택 Now!"> <comment>Don't let My Devil and My Angel fight each other. They probably shouldn't fight any bosses either.</comment>
    <parameter>
      <item value="0x00">Lettuce</item>
      <item value="0x01">Maron</item>
      <item value="0x02">Stella</item>
      <item value="0x03">Sakamoto</item>
      <item value="0x04">Rouge</item>
      <item value="0x05">Coco</item>
      <item value="0x06">Cupe</item>
      <item value="0x07">Fooly</item>
      <item value="0x08">#Test-Kun</item>
      <item value="0x09">#My Devil</item>
      <item value="0x0A">#My Angel</item>
    </parameter>
    <script state="change">
      <action>maincpu.pb@60962DD=param</action>
    </script>
  </cheat>

</mamecheat>
<!-- Cheat file downloaded from http://www.mamecheat.co.uk, see cheat.txt for list of contributors. -->
