<mamecheat version="1">

  <cheat desc="코인 무제한">
    <script state="run">
      <action>maincpu.pb@4002=15</action>
    </script>
  </cheat>

  <cheat desc="생명 무제한">
    <script state="run">
      <action>maincpu.pb@421D=06</action>
    </script>
  </cheat>

  <cheat desc="무적">
    <script state="on">
      <action>temp0 =maincpu.mb@12D9</action>
    </script>
    <script state="run">
      <action>maincpu.mb@12D9=C9</action>
    </script>
    <script state="off">
      <action>maincpu.mb@12D9=temp0 </action>
    </script>
  </cheat>

  <cheat desc="총알 속도 빠르게"> <comment>This cheat enables continuous attack by holding the fire button</comment>
    <script state="run">
      <action>maincpu.pw@4010=0000|(maincpu.pw@4010 BAND ~1010)</action> <!-- 4010 replaces 4013 which is not working in 0123u4 -->
    </script>
  </cheat>

</mamecheat>
<!-- Cheat file downloaded from http://www.mamecheat.co.uk, see cheat.txt for list of contributors. -->
