﻿<?xml version="1.0" encoding="utf-8"?>
<GameProfile xmlns:xsi="http://www.w3.org/2001/XMLSchema-instance" xmlns:xsd="http://www.w3.org/2001/XMLSchema">
  <GameName>After Burner Climax</GameName>
  <GamePath>D:\AttractMode\emulators\RetroArch\_emulators\TeknoParrot\Games\abc\abc 1080p</GamePath>
  <TestMenuParameter>-t</TestMenuParameter>
  <TestMenuIsExecutable>false</TestMenuIsExecutable>
  <ExtraParameters />
  <TestMenuExtraParameters />
  <IconName>Icons/abc.png</IconName>
  <ResetHint>false</ResetHint>
  <ConfigValues>
    <FieldInformation>
      <CategoryName>General</CategoryName>
      <FieldName>XInput</FieldName>
      <FieldValue>1</FieldValue>
      <FieldType>Bool</FieldType>
    </FieldInformation>
    <FieldInformation>
      <CategoryName>General</CategoryName>
      <FieldName>FreePlay</FieldName>
      <FieldValue>1</FieldValue>
      <FieldType>Bool</FieldType>
    </FieldInformation>
    <FieldInformation>
      <CategoryName>General</CategoryName>
      <FieldName>Windowed</FieldName>
      <FieldValue>0</FieldValue>
      <FieldType>Bool</FieldType>
    </FieldInformation>
    <FieldInformation>
      <CategoryName>General</CategoryName>
      <FieldName>Enable Outputs</FieldName>
      <FieldValue>0</FieldValue>
      <FieldType>Bool</FieldType>
    </FieldInformation>
  </ConfigValues>
  <JoystickButtons>
    <JoystickButtons>
      <ButtonName>Test</ButtonName>
      <DirectInputButton>
        <Button>115</Button>
        <IsAxis>false</IsAxis>
        <IsAxisMinus>false</IsAxisMinus>
        <IsFullAxis>false</IsFullAxis>
        <PovDirection>0</PovDirection>
        <IsReverseAxis>false</IsReverseAxis>
        <JoystickGuid>6f1d2b61-d5a0-11cf-bfc7-444553540000</JoystickGuid>
      </DirectInputButton>
      <InputMapping>Test</InputMapping>
      <AnalogType>None</AnalogType>
      <BindNameDi>Buttons67</BindNameDi>
    </JoystickButtons>
    <JoystickButtons>
      <ButtonName>Service</ButtonName>
      <InputMapping>Service1</InputMapping>
      <AnalogType>None</AnalogType>
    </JoystickButtons>
    <JoystickButtons>
      <ButtonName>Start</ButtonName>
      <DirectInputButton>
        <Button>49</Button>
        <IsAxis>false</IsAxis>
        <IsAxisMinus>false</IsAxisMinus>
        <IsFullAxis>false</IsFullAxis>
        <PovDirection>0</PovDirection>
        <IsReverseAxis>false</IsReverseAxis>
        <JoystickGuid>6f1d2b61-d5a0-11cf-bfc7-444553540000</JoystickGuid>
      </DirectInputButton>
      <XInputButton>
        <IsLeftThumbX>false</IsLeftThumbX>
        <IsRightThumbX>false</IsRightThumbX>
        <IsLeftThumbY>false</IsLeftThumbY>
        <IsRightThumbY>false</IsRightThumbY>
        <IsAxisMinus>false</IsAxisMinus>
        <IsLeftTrigger>false</IsLeftTrigger>
        <IsRightTrigger>false</IsRightTrigger>
        <ButtonCode>16</ButtonCode>
        <IsButton>true</IsButton>
        <ButtonIndex>0</ButtonIndex>
        <XInputIndex>0</XInputIndex>
      </XInputButton>
      <InputMapping>P1ButtonStart</InputMapping>
      <AnalogType>None</AnalogType>
      <BindNameDi>Buttons1</BindNameDi>
      <BindNameXi>Input Device 0 Start</BindNameXi>
      <BindName>Input Device 0 Start</BindName>
    </JoystickButtons>
    <JoystickButtons>
      <ButtonName>Joystick Analog X</ButtonName>
      <XInputButton>
        <IsLeftThumbX>true</IsLeftThumbX>
        <IsRightThumbX>false</IsRightThumbX>
        <IsLeftThumbY>false</IsLeftThumbY>
        <IsRightThumbY>false</IsRightThumbY>
        <IsAxisMinus>false</IsAxisMinus>
        <IsLeftTrigger>false</IsLeftTrigger>
        <IsRightTrigger>false</IsRightTrigger>
        <ButtonCode>0</ButtonCode>
        <IsButton>false</IsButton>
        <ButtonIndex>0</ButtonIndex>
        <XInputIndex>0</XInputIndex>
      </XInputButton>
      <InputMapping>Analog0</InputMapping>
      <AnalogType>AnalogJoystick</AnalogType>
      <BindNameDi />
      <BindNameXi>Input Device 0 LeftThumbInput Device 0 X+</BindNameXi>
      <BindName>Input Device 0 LeftThumbInput Device 0 X+</BindName>
    </JoystickButtons>
    <JoystickButtons>
      <ButtonName>Joystick Analog Y</ButtonName>
      <XInputButton>
        <IsLeftThumbX>false</IsLeftThumbX>
        <IsRightThumbX>false</IsRightThumbX>
        <IsLeftThumbY>true</IsLeftThumbY>
        <IsRightThumbY>false</IsRightThumbY>
        <IsAxisMinus>false</IsAxisMinus>
        <IsLeftTrigger>false</IsLeftTrigger>
        <IsRightTrigger>false</IsRightTrigger>
        <ButtonCode>0</ButtonCode>
        <IsButton>false</IsButton>
        <ButtonIndex>0</ButtonIndex>
        <XInputIndex>0</XInputIndex>
      </XInputButton>
      <InputMapping>Analog2</InputMapping>
      <AnalogType>AnalogJoystickReverse</AnalogType>
      <BindNameXi>Input Device 0 LeftThumbInput Device 0 Y+</BindNameXi>
      <BindName>Input Device 0 LeftThumbInput Device 0 Y+</BindName>
    </JoystickButtons>
    <JoystickButtons>
      <ButtonName>Up (Digital)</ButtonName>
      <DirectInputButton>
        <Button>155</Button>
        <IsAxis>false</IsAxis>
        <IsAxisMinus>false</IsAxisMinus>
        <IsFullAxis>false</IsFullAxis>
        <PovDirection>0</PovDirection>
        <IsReverseAxis>false</IsReverseAxis>
        <JoystickGuid>6f1d2b61-d5a0-11cf-bfc7-444553540000</JoystickGuid>
      </DirectInputButton>
      <XInputButton>
        <IsLeftThumbX>false</IsLeftThumbX>
        <IsRightThumbX>false</IsRightThumbX>
        <IsLeftThumbY>false</IsLeftThumbY>
        <IsRightThumbY>false</IsRightThumbY>
        <IsAxisMinus>false</IsAxisMinus>
        <IsLeftTrigger>false</IsLeftTrigger>
        <IsRightTrigger>false</IsRightTrigger>
        <ButtonCode>1</ButtonCode>
        <IsButton>true</IsButton>
        <ButtonIndex>0</ButtonIndex>
        <XInputIndex>0</XInputIndex>
      </XInputButton>
      <InputMapping>Analog0Special2</InputMapping>
      <AnalogType>Maximum</AnalogType>
      <BindNameDi>Buttons107</BindNameDi>
      <BindNameXi>Input Device 0 DPadUp</BindNameXi>
      <BindName>Input Device 0 DPadUp</BindName>
    </JoystickButtons>
    <JoystickButtons>
      <ButtonName>Down (Digital)</ButtonName>
      <DirectInputButton>
        <Button>154</Button>
        <IsAxis>false</IsAxis>
        <IsAxisMinus>false</IsAxisMinus>
        <IsFullAxis>false</IsFullAxis>
        <PovDirection>0</PovDirection>
        <IsReverseAxis>false</IsReverseAxis>
        <JoystickGuid>6f1d2b61-d5a0-11cf-bfc7-444553540000</JoystickGuid>
      </DirectInputButton>
      <XInputButton>
        <IsLeftThumbX>false</IsLeftThumbX>
        <IsRightThumbX>false</IsRightThumbX>
        <IsLeftThumbY>false</IsLeftThumbY>
        <IsRightThumbY>false</IsRightThumbY>
        <IsAxisMinus>false</IsAxisMinus>
        <IsLeftTrigger>false</IsLeftTrigger>
        <IsRightTrigger>false</IsRightTrigger>
        <ButtonCode>2</ButtonCode>
        <IsButton>true</IsButton>
        <ButtonIndex>0</ButtonIndex>
        <XInputIndex>0</XInputIndex>
      </XInputButton>
      <InputMapping>Analog0Special1</InputMapping>
      <AnalogType>Minimum</AnalogType>
      <BindNameDi>Buttons106</BindNameDi>
      <BindNameXi>Input Device 0 DPadDown</BindNameXi>
      <BindName>Input Device 0 DPadDown</BindName>
    </JoystickButtons>
    <JoystickButtons>
      <ButtonName>Left (Digital)</ButtonName>
      <DirectInputButton>
        <Button>157</Button>
        <IsAxis>false</IsAxis>
        <IsAxisMinus>false</IsAxisMinus>
        <IsFullAxis>false</IsFullAxis>
        <PovDirection>0</PovDirection>
        <IsReverseAxis>false</IsReverseAxis>
        <JoystickGuid>6f1d2b61-d5a0-11cf-bfc7-444553540000</JoystickGuid>
      </DirectInputButton>
      <XInputButton>
        <IsLeftThumbX>false</IsLeftThumbX>
        <IsRightThumbX>false</IsRightThumbX>
        <IsLeftThumbY>false</IsLeftThumbY>
        <IsRightThumbY>false</IsRightThumbY>
        <IsAxisMinus>false</IsAxisMinus>
        <IsLeftTrigger>false</IsLeftTrigger>
        <IsRightTrigger>false</IsRightTrigger>
        <ButtonCode>4</ButtonCode>
        <IsButton>true</IsButton>
        <ButtonIndex>0</ButtonIndex>
        <XInputIndex>0</XInputIndex>
      </XInputButton>
      <InputMapping>Analog2Special1</InputMapping>
      <AnalogType>Minimum</AnalogType>
      <BindNameDi>Buttons109</BindNameDi>
      <BindNameXi>Input Device 0 DPadLeft</BindNameXi>
      <BindName>Input Device 0 DPadLeft</BindName>
    </JoystickButtons>
    <JoystickButtons>
      <ButtonName>Right (Digital)</ButtonName>
      <DirectInputButton>
        <Button>152</Button>
        <IsAxis>false</IsAxis>
        <IsAxisMinus>false</IsAxisMinus>
        <IsFullAxis>false</IsFullAxis>
        <PovDirection>0</PovDirection>
        <IsReverseAxis>false</IsReverseAxis>
        <JoystickGuid>6f1d2b61-d5a0-11cf-bfc7-444553540000</JoystickGuid>
      </DirectInputButton>
      <XInputButton>
        <IsLeftThumbX>false</IsLeftThumbX>
        <IsRightThumbX>false</IsRightThumbX>
        <IsLeftThumbY>false</IsLeftThumbY>
        <IsRightThumbY>false</IsRightThumbY>
        <IsAxisMinus>false</IsAxisMinus>
        <IsLeftTrigger>false</IsLeftTrigger>
        <IsRightTrigger>false</IsRightTrigger>
        <ButtonCode>8</ButtonCode>
        <IsButton>true</IsButton>
        <ButtonIndex>0</ButtonIndex>
        <XInputIndex>0</XInputIndex>
      </XInputButton>
      <InputMapping>Analog2Special2</InputMapping>
      <AnalogType>Maximum</AnalogType>
      <BindNameDi>Buttons104</BindNameDi>
      <BindNameXi>Input Device 0 DPadRight</BindNameXi>
      <BindName>Input Device 0 DPadRight</BindName>
    </JoystickButtons>
    <JoystickButtons>
      <ButtonName>Throttle Lever</ButtonName>
      <DirectInputButton>
        <Button>104</Button>
        <IsAxis>false</IsAxis>
        <IsAxisMinus>false</IsAxisMinus>
        <IsFullAxis>false</IsFullAxis>
        <PovDirection>0</PovDirection>
        <IsReverseAxis>false</IsReverseAxis>
        <JoystickGuid>6f1d2b61-d5a0-11cf-bfc7-444553540000</JoystickGuid>
      </DirectInputButton>
      <XInputButton>
        <IsLeftThumbX>false</IsLeftThumbX>
        <IsRightThumbX>false</IsRightThumbX>
        <IsLeftThumbY>false</IsLeftThumbY>
        <IsRightThumbY>false</IsRightThumbY>
        <IsAxisMinus>false</IsAxisMinus>
        <IsLeftTrigger>false</IsLeftTrigger>
        <IsRightTrigger>true</IsRightTrigger>
        <ButtonCode>0</ButtonCode>
        <IsButton>false</IsButton>
        <ButtonIndex>0</ButtonIndex>
        <XInputIndex>0</XInputIndex>
      </XInputButton>
      <InputMapping>Analog4</InputMapping>
      <AnalogType>Gas</AnalogType>
      <BindNameDi>Buttons56</BindNameDi>
      <BindNameXi>Input Device 0 RightTrigger</BindNameXi>
      <BindName>Input Device 0 RightTrigger</BindName>
    </JoystickButtons>
    <JoystickButtons>
      <ButtonName>Gun Trigger</ButtonName>
      <DirectInputButton>
        <Button>77</Button>
        <IsAxis>false</IsAxis>
        <IsAxisMinus>false</IsAxisMinus>
        <IsFullAxis>false</IsFullAxis>
        <PovDirection>0</PovDirection>
        <IsReverseAxis>false</IsReverseAxis>
        <JoystickGuid>6f1d2b61-d5a0-11cf-bfc7-444553540000</JoystickGuid>
      </DirectInputButton>
      <XInputButton>
        <IsLeftThumbX>false</IsLeftThumbX>
        <IsRightThumbX>false</IsRightThumbX>
        <IsLeftThumbY>false</IsLeftThumbY>
        <IsRightThumbY>false</IsRightThumbY>
        <IsAxisMinus>false</IsAxisMinus>
        <IsLeftTrigger>false</IsLeftTrigger>
        <IsRightTrigger>false</IsRightTrigger>
        <ButtonCode>4096</ButtonCode>
        <IsButton>true</IsButton>
        <ButtonIndex>0</ButtonIndex>
        <XInputIndex>0</XInputIndex>
      </XInputButton>
      <InputMapping>P1Button1</InputMapping>
      <AnalogType>None</AnalogType>
      <BindNameDi>Buttons29</BindNameDi>
      <BindNameXi>Input Device 0 A</BindNameXi>
      <BindName>Input Device 0 A</BindName>
    </JoystickButtons>
    <JoystickButtons>
      <ButtonName>Missile Trigger</ButtonName>
      <DirectInputButton>
        <Button>78</Button>
        <IsAxis>false</IsAxis>
        <IsAxisMinus>false</IsAxisMinus>
        <IsFullAxis>false</IsFullAxis>
        <PovDirection>0</PovDirection>
        <IsReverseAxis>false</IsReverseAxis>
        <JoystickGuid>6f1d2b61-d5a0-11cf-bfc7-444553540000</JoystickGuid>
      </DirectInputButton>
      <XInputButton>
        <IsLeftThumbX>false</IsLeftThumbX>
        <IsRightThumbX>false</IsRightThumbX>
        <IsLeftThumbY>false</IsLeftThumbY>
        <IsRightThumbY>false</IsRightThumbY>
        <IsAxisMinus>false</IsAxisMinus>
        <IsLeftTrigger>false</IsLeftTrigger>
        <IsRightTrigger>false</IsRightTrigger>
        <ButtonCode>8192</ButtonCode>
        <IsButton>true</IsButton>
        <ButtonIndex>0</ButtonIndex>
        <XInputIndex>0</XInputIndex>
      </XInputButton>
      <InputMapping>P1Button2</InputMapping>
      <AnalogType>None</AnalogType>
      <BindNameDi>Buttons30</BindNameDi>
      <BindNameXi>Input Device 0 B</BindNameXi>
      <BindName>Input Device 0 B</BindName>
    </JoystickButtons>
    <JoystickButtons>
      <ButtonName>Climax Switch</ButtonName>
      <DirectInputButton>
        <Button>79</Button>
        <IsAxis>false</IsAxis>
        <IsAxisMinus>false</IsAxisMinus>
        <IsFullAxis>false</IsFullAxis>
        <PovDirection>0</PovDirection>
        <IsReverseAxis>false</IsReverseAxis>
        <JoystickGuid>6f1d2b61-d5a0-11cf-bfc7-444553540000</JoystickGuid>
      </DirectInputButton>
      <XInputButton>
        <IsLeftThumbX>false</IsLeftThumbX>
        <IsRightThumbX>false</IsRightThumbX>
        <IsLeftThumbY>false</IsLeftThumbY>
        <IsRightThumbY>false</IsRightThumbY>
        <IsAxisMinus>false</IsAxisMinus>
        <IsLeftTrigger>false</IsLeftTrigger>
        <IsRightTrigger>false</IsRightTrigger>
        <ButtonCode>16384</ButtonCode>
        <IsButton>true</IsButton>
        <ButtonIndex>0</ButtonIndex>
        <XInputIndex>0</XInputIndex>
      </XInputButton>
      <InputMapping>P1Button3</InputMapping>
      <AnalogType>None</AnalogType>
      <BindNameDi>Buttons31</BindNameDi>
      <BindNameXi>Input Device 0 X</BindNameXi>
      <BindName>Input Device 0 X</BindName>
    </JoystickButtons>
  </JoystickButtons>
  <EmulationProfile>AfterBurnerClimax</EmulationProfile>
  <GameProfileRevision>4</GameProfileRevision>
  <HasSeparateTestMode>true</HasSeparateTestMode>
  <Is64Bit>false</Is64Bit>
  <EmulatorType>Lindbergh</EmulatorType>
  <GunGame>false</GunGame>
  <Patreon>false</Patreon>
  <RequiresAdmin>false</RequiresAdmin>
  <msysType>0</msysType>
  <InvertedMouseAxis>false</InvertedMouseAxis>
  <DevOnly>false</DevOnly>
</GameProfile>