﻿<?xml version="1.0" encoding="utf-8"?>
<GameProfile xmlns:xsi="http://www.w3.org/2001/XMLSchema-instance" xmlns:xsd="http://www.w3.org/2001/XMLSchema">
  <GameName>SEGA Golden Gun</GameName>
  <GamePath>D:\AttractMode\emulators\RetroArch\_emulators\TeknoParrot\Games\gg\exe\RingGunR_RingWide.exe</GamePath>
  <TestMenuParameter>TestMode.exe</TestMenuParameter>
  <TestMenuIsExecutable>true</TestMenuIsExecutable>
  <ExtraParameters />
  <TestMenuExtraParameters>-t</TestMenuExtraParameters>
  <IconName>Icons/GG.png</IconName>
  <ResetHint>false</ResetHint>
  <ConfigValues>
    <FieldInformation>
      <CategoryName>General</CategoryName>
      <FieldName>XInput</FieldName>
      <FieldValue>1</FieldValue>
      <FieldType>Bool</FieldType>
    </FieldInformation>
    <FieldInformation>
      <CategoryName>General</CategoryName>
      <FieldName>DongleRegion</FieldName>
      <FieldValue>JAPAN</FieldValue>
      <FieldType>Text</FieldType>
    </FieldInformation>
    <FieldInformation>
      <CategoryName>General</CategoryName>
      <FieldName>PcbRegion</FieldName>
      <FieldValue>JAPAN</FieldValue>
      <FieldType>Text</FieldType>
    </FieldInformation>
    <FieldInformation>
      <CategoryName>General</CategoryName>
      <FieldName>FreePlay</FieldName>
      <FieldValue>1</FieldValue>
      <FieldType>Bool</FieldType>
    </FieldInformation>
    <FieldInformation>
      <CategoryName>General</CategoryName>
      <FieldName>Windowed</FieldName>
      <FieldValue>0</FieldValue>
      <FieldType>Bool</FieldType>
    </FieldInformation>
    <FieldInformation>
      <CategoryName>General</CategoryName>
      <FieldName>UseMouseForGun</FieldName>
      <FieldValue>1</FieldValue>
      <FieldType>Bool</FieldType>
    </FieldInformation>
  </ConfigValues>
  <JoystickButtons>
    <JoystickButtons>
      <ButtonName>Test</ButtonName>
      <DirectInputButton>
        <Button>115</Button>
        <IsAxis>false</IsAxis>
        <IsAxisMinus>false</IsAxisMinus>
        <IsFullAxis>false</IsFullAxis>
        <PovDirection>0</PovDirection>
        <IsReverseAxis>false</IsReverseAxis>
        <JoystickGuid>6f1d2b61-d5a0-11cf-bfc7-444553540000</JoystickGuid>
      </DirectInputButton>
      <InputMapping>Test</InputMapping>
      <AnalogType>None</AnalogType>
      <BindNameDi>Buttons67</BindNameDi>
    </JoystickButtons>
    <JoystickButtons>
      <ButtonName>Service 1</ButtonName>
      <InputMapping>Service1</InputMapping>
      <AnalogType>None</AnalogType>
    </JoystickButtons>
    <JoystickButtons>
      <ButtonName>Service 2</ButtonName>
      <InputMapping>Service2</InputMapping>
      <AnalogType>None</AnalogType>
    </JoystickButtons>
    <JoystickButtons>
      <ButtonName>Coin 1</ButtonName>
      <DirectInputButton>
        <Button>53</Button>
        <IsAxis>false</IsAxis>
        <IsAxisMinus>false</IsAxisMinus>
        <IsFullAxis>false</IsFullAxis>
        <PovDirection>0</PovDirection>
        <IsReverseAxis>false</IsReverseAxis>
        <JoystickGuid>6f1d2b61-d5a0-11cf-bfc7-444553540000</JoystickGuid>
      </DirectInputButton>
      <XInputButton>
        <IsLeftThumbX>false</IsLeftThumbX>
        <IsRightThumbX>false</IsRightThumbX>
        <IsLeftThumbY>false</IsLeftThumbY>
        <IsRightThumbY>false</IsRightThumbY>
        <IsAxisMinus>false</IsAxisMinus>
        <IsLeftTrigger>false</IsLeftTrigger>
        <IsRightTrigger>false</IsRightTrigger>
        <ButtonCode>32</ButtonCode>
        <IsButton>true</IsButton>
        <ButtonIndex>0</ButtonIndex>
        <XInputIndex>0</XInputIndex>
      </XInputButton>
      <InputMapping>Coin1</InputMapping>
      <AnalogType>None</AnalogType>
      <BindNameDi>Buttons5</BindNameDi>
      <BindNameXi>Input Device 0 Back</BindNameXi>
      <BindName>Input Device 0 Back</BindName>
    </JoystickButtons>
    <JoystickButtons>
      <ButtonName>Coin 2</ButtonName>
      <DirectInputButton>
        <Button>54</Button>
        <IsAxis>false</IsAxis>
        <IsAxisMinus>false</IsAxisMinus>
        <IsFullAxis>false</IsFullAxis>
        <PovDirection>0</PovDirection>
        <IsReverseAxis>false</IsReverseAxis>
        <JoystickGuid>6f1d2b61-d5a0-11cf-bfc7-444553540000</JoystickGuid>
      </DirectInputButton>
      <XInputButton>
        <IsLeftThumbX>false</IsLeftThumbX>
        <IsRightThumbX>false</IsRightThumbX>
        <IsLeftThumbY>false</IsLeftThumbY>
        <IsRightThumbY>false</IsRightThumbY>
        <IsAxisMinus>false</IsAxisMinus>
        <IsLeftTrigger>false</IsLeftTrigger>
        <IsRightTrigger>false</IsRightTrigger>
        <ButtonCode>32</ButtonCode>
        <IsButton>true</IsButton>
        <ButtonIndex>0</ButtonIndex>
        <XInputIndex>1</XInputIndex>
      </XInputButton>
      <InputMapping>Coin2</InputMapping>
      <AnalogType>None</AnalogType>
      <BindNameDi>Buttons6</BindNameDi>
      <BindNameXi>Input Device 1 Back</BindNameXi>
      <BindName>Input Device 1 Back</BindName>
    </JoystickButtons>
    <JoystickButtons>
      <ButtonName>Player 1 Start</ButtonName>
      <DirectInputButton>
        <Button>49</Button>
        <IsAxis>false</IsAxis>
        <IsAxisMinus>false</IsAxisMinus>
        <IsFullAxis>false</IsFullAxis>
        <PovDirection>0</PovDirection>
        <IsReverseAxis>false</IsReverseAxis>
        <JoystickGuid>6f1d2b61-d5a0-11cf-bfc7-444553540000</JoystickGuid>
      </DirectInputButton>
      <XInputButton>
        <IsLeftThumbX>false</IsLeftThumbX>
        <IsRightThumbX>false</IsRightThumbX>
        <IsLeftThumbY>false</IsLeftThumbY>
        <IsRightThumbY>false</IsRightThumbY>
        <IsAxisMinus>false</IsAxisMinus>
        <IsLeftTrigger>false</IsLeftTrigger>
        <IsRightTrigger>false</IsRightTrigger>
        <ButtonCode>16</ButtonCode>
        <IsButton>true</IsButton>
        <ButtonIndex>0</ButtonIndex>
        <XInputIndex>0</XInputIndex>
      </XInputButton>
      <InputMapping>P1ButtonStart</InputMapping>
      <AnalogType>None</AnalogType>
      <BindNameDi>Buttons1</BindNameDi>
      <BindNameXi>Input Device 0 Start</BindNameXi>
      <BindName>Input Device 0 Start</BindName>
    </JoystickButtons>
    <JoystickButtons>
      <ButtonName>Player 1 Gun Down</ButtonName>
      <DirectInputButton>
        <Button>157</Button>
        <IsAxis>false</IsAxis>
        <IsAxisMinus>false</IsAxisMinus>
        <IsFullAxis>false</IsFullAxis>
        <PovDirection>0</PovDirection>
        <IsReverseAxis>false</IsReverseAxis>
        <JoystickGuid>6f1d2b61-d5a0-11cf-bfc7-444553540000</JoystickGuid>
      </DirectInputButton>
      <XInputButton>
        <IsLeftThumbX>false</IsLeftThumbX>
        <IsRightThumbX>false</IsRightThumbX>
        <IsLeftThumbY>true</IsLeftThumbY>
        <IsRightThumbY>false</IsRightThumbY>
        <IsAxisMinus>true</IsAxisMinus>
        <IsLeftTrigger>false</IsLeftTrigger>
        <IsRightTrigger>false</IsRightTrigger>
        <ButtonCode>0</ButtonCode>
        <IsButton>false</IsButton>
        <ButtonIndex>0</ButtonIndex>
        <XInputIndex>0</XInputIndex>
      </XInputButton>
      <InputMapping>P1ButtonLeft</InputMapping>
      <AnalogType>None</AnalogType>
      <BindNameDi>Buttons109</BindNameDi>
      <BindNameXi>Input Device 0 LeftThumbInput Device 0 Y-</BindNameXi>
      <BindName>Input Device 0 LeftThumbInput Device 0 Y-</BindName>
    </JoystickButtons>
    <JoystickButtons>
      <ButtonName>Player 1 Gun Up</ButtonName>
      <DirectInputButton>
        <Button>152</Button>
        <IsAxis>false</IsAxis>
        <IsAxisMinus>false</IsAxisMinus>
        <IsFullAxis>false</IsFullAxis>
        <PovDirection>0</PovDirection>
        <IsReverseAxis>false</IsReverseAxis>
        <JoystickGuid>6f1d2b61-d5a0-11cf-bfc7-444553540000</JoystickGuid>
      </DirectInputButton>
      <XInputButton>
        <IsLeftThumbX>false</IsLeftThumbX>
        <IsRightThumbX>false</IsRightThumbX>
        <IsLeftThumbY>true</IsLeftThumbY>
        <IsRightThumbY>false</IsRightThumbY>
        <IsAxisMinus>false</IsAxisMinus>
        <IsLeftTrigger>false</IsLeftTrigger>
        <IsRightTrigger>false</IsRightTrigger>
        <ButtonCode>0</ButtonCode>
        <IsButton>false</IsButton>
        <ButtonIndex>0</ButtonIndex>
        <XInputIndex>0</XInputIndex>
      </XInputButton>
      <InputMapping>P1ButtonRight</InputMapping>
      <AnalogType>None</AnalogType>
      <BindNameDi>Buttons104</BindNameDi>
      <BindNameXi>Input Device 0 LeftThumbInput Device 0 Y+</BindNameXi>
      <BindName>Input Device 0 LeftThumbInput Device 0 Y+</BindName>
    </JoystickButtons>
    <JoystickButtons>
      <ButtonName>Player 1 Gun Left</ButtonName>
      <DirectInputButton>
        <Button>154</Button>
        <IsAxis>false</IsAxis>
        <IsAxisMinus>false</IsAxisMinus>
        <IsFullAxis>false</IsFullAxis>
        <PovDirection>0</PovDirection>
        <IsReverseAxis>false</IsReverseAxis>
        <JoystickGuid>6f1d2b61-d5a0-11cf-bfc7-444553540000</JoystickGuid>
      </DirectInputButton>
      <XInputButton>
        <IsLeftThumbX>true</IsLeftThumbX>
        <IsRightThumbX>false</IsRightThumbX>
        <IsLeftThumbY>false</IsLeftThumbY>
        <IsRightThumbY>false</IsRightThumbY>
        <IsAxisMinus>true</IsAxisMinus>
        <IsLeftTrigger>false</IsLeftTrigger>
        <IsRightTrigger>false</IsRightTrigger>
        <ButtonCode>0</ButtonCode>
        <IsButton>false</IsButton>
        <ButtonIndex>0</ButtonIndex>
        <XInputIndex>0</XInputIndex>
      </XInputButton>
      <InputMapping>P1ButtonDown</InputMapping>
      <AnalogType>None</AnalogType>
      <BindNameDi>Buttons106</BindNameDi>
      <BindNameXi>Input Device 0 LeftThumbInput Device 0 X-</BindNameXi>
      <BindName>Input Device 0 LeftThumbInput Device 0 X-</BindName>
    </JoystickButtons>
    <JoystickButtons>
      <ButtonName>Player 1 Gun Right</ButtonName>
      <DirectInputButton>
        <Button>155</Button>
        <IsAxis>false</IsAxis>
        <IsAxisMinus>false</IsAxisMinus>
        <IsFullAxis>false</IsFullAxis>
        <PovDirection>0</PovDirection>
        <IsReverseAxis>false</IsReverseAxis>
        <JoystickGuid>6f1d2b61-d5a0-11cf-bfc7-444553540000</JoystickGuid>
      </DirectInputButton>
      <XInputButton>
        <IsLeftThumbX>true</IsLeftThumbX>
        <IsRightThumbX>false</IsRightThumbX>
        <IsLeftThumbY>false</IsLeftThumbY>
        <IsRightThumbY>false</IsRightThumbY>
        <IsAxisMinus>false</IsAxisMinus>
        <IsLeftTrigger>false</IsLeftTrigger>
        <IsRightTrigger>false</IsRightTrigger>
        <ButtonCode>0</ButtonCode>
        <IsButton>false</IsButton>
        <ButtonIndex>0</ButtonIndex>
        <XInputIndex>0</XInputIndex>
      </XInputButton>
      <InputMapping>P1ButtonUp</InputMapping>
      <AnalogType>None</AnalogType>
      <BindNameDi>Buttons107</BindNameDi>
      <BindNameXi>Input Device 0 LeftThumbInput Device 0 X+</BindNameXi>
      <BindName>Input Device 0 LeftThumbInput Device 0 X+</BindName>
    </JoystickButtons>
    <JoystickButtons>
      <ButtonName>Player 1 Gun Trigger</ButtonName>
      <DirectInputButton>
        <Button>91</Button>
        <IsAxis>false</IsAxis>
        <IsAxisMinus>false</IsAxisMinus>
        <IsFullAxis>false</IsFullAxis>
        <PovDirection>0</PovDirection>
        <IsReverseAxis>false</IsReverseAxis>
        <JoystickGuid>6f1d2b61-d5a0-11cf-bfc7-444553540000</JoystickGuid>
      </DirectInputButton>
      <XInputButton>
        <IsLeftThumbX>false</IsLeftThumbX>
        <IsRightThumbX>false</IsRightThumbX>
        <IsLeftThumbY>false</IsLeftThumbY>
        <IsRightThumbY>false</IsRightThumbY>
        <IsAxisMinus>false</IsAxisMinus>
        <IsLeftTrigger>false</IsLeftTrigger>
        <IsRightTrigger>true</IsRightTrigger>
        <ButtonCode>0</ButtonCode>
        <IsButton>false</IsButton>
        <ButtonIndex>0</ButtonIndex>
        <XInputIndex>0</XInputIndex>
      </XInputButton>
      <InputMapping>P1Button1</InputMapping>
      <AnalogType>None</AnalogType>
      <BindNameDi>Buttons43</BindNameDi>
      <BindNameXi>Input Device 0 RightTrigger</BindNameXi>
      <BindName>Input Device 0 RightTrigger</BindName>
    </JoystickButtons>
    <JoystickButtons>
      <ButtonName>Player 1 Reload</ButtonName>
      <DirectInputButton>
        <Button>92</Button>
        <IsAxis>false</IsAxis>
        <IsAxisMinus>false</IsAxisMinus>
        <IsFullAxis>false</IsFullAxis>
        <PovDirection>0</PovDirection>
        <IsReverseAxis>false</IsReverseAxis>
        <JoystickGuid>6f1d2b61-d5a0-11cf-bfc7-444553540000</JoystickGuid>
      </DirectInputButton>
      <XInputButton>
        <IsLeftThumbX>false</IsLeftThumbX>
        <IsRightThumbX>false</IsRightThumbX>
        <IsLeftThumbY>false</IsLeftThumbY>
        <IsRightThumbY>false</IsRightThumbY>
        <IsAxisMinus>false</IsAxisMinus>
        <IsLeftTrigger>false</IsLeftTrigger>
        <IsRightTrigger>false</IsRightTrigger>
        <ButtonCode>4096</ButtonCode>
        <IsButton>true</IsButton>
        <ButtonIndex>0</ButtonIndex>
        <XInputIndex>0</XInputIndex>
      </XInputButton>
      <InputMapping>P1Button2</InputMapping>
      <AnalogType>None</AnalogType>
      <BindNameDi>Buttons44</BindNameDi>
      <BindNameXi>Input Device 0 A</BindNameXi>
      <BindName>Input Device 0 A</BindName>
    </JoystickButtons>
    <JoystickButtons>
      <ButtonName>Player 2 Start</ButtonName>
      <DirectInputButton>
        <Button>50</Button>
        <IsAxis>false</IsAxis>
        <IsAxisMinus>false</IsAxisMinus>
        <IsFullAxis>false</IsFullAxis>
        <PovDirection>0</PovDirection>
        <IsReverseAxis>false</IsReverseAxis>
        <JoystickGuid>6f1d2b61-d5a0-11cf-bfc7-444553540000</JoystickGuid>
      </DirectInputButton>
      <XInputButton>
        <IsLeftThumbX>false</IsLeftThumbX>
        <IsRightThumbX>false</IsRightThumbX>
        <IsLeftThumbY>false</IsLeftThumbY>
        <IsRightThumbY>false</IsRightThumbY>
        <IsAxisMinus>false</IsAxisMinus>
        <IsLeftTrigger>false</IsLeftTrigger>
        <IsRightTrigger>false</IsRightTrigger>
        <ButtonCode>16</ButtonCode>
        <IsButton>true</IsButton>
        <ButtonIndex>0</ButtonIndex>
        <XInputIndex>1</XInputIndex>
      </XInputButton>
      <InputMapping>P2ButtonStart</InputMapping>
      <AnalogType>None</AnalogType>
      <BindNameDi>Buttons2</BindNameDi>
      <BindNameXi>Input Device 1 Start</BindNameXi>
      <BindName>Input Device 1 Start</BindName>
    </JoystickButtons>
    <JoystickButtons>
      <ButtonName>Player 2 Gun Down</ButtonName>
      <XInputButton>
        <IsLeftThumbX>false</IsLeftThumbX>
        <IsRightThumbX>false</IsRightThumbX>
        <IsLeftThumbY>true</IsLeftThumbY>
        <IsRightThumbY>false</IsRightThumbY>
        <IsAxisMinus>true</IsAxisMinus>
        <IsLeftTrigger>false</IsLeftTrigger>
        <IsRightTrigger>false</IsRightTrigger>
        <ButtonCode>0</ButtonCode>
        <IsButton>false</IsButton>
        <ButtonIndex>0</ButtonIndex>
        <XInputIndex>1</XInputIndex>
      </XInputButton>
      <InputMapping>P2ButtonLeft</InputMapping>
      <AnalogType>None</AnalogType>
      <BindNameXi>Input Device 1 LeftThumbInput Device 1 Y-</BindNameXi>
      <BindName>Input Device 1 LeftThumbInput Device 1 Y-</BindName>
    </JoystickButtons>
    <JoystickButtons>
      <ButtonName>Player 2 Gun Up</ButtonName>
      <XInputButton>
        <IsLeftThumbX>false</IsLeftThumbX>
        <IsRightThumbX>false</IsRightThumbX>
        <IsLeftThumbY>true</IsLeftThumbY>
        <IsRightThumbY>false</IsRightThumbY>
        <IsAxisMinus>false</IsAxisMinus>
        <IsLeftTrigger>false</IsLeftTrigger>
        <IsRightTrigger>false</IsRightTrigger>
        <ButtonCode>0</ButtonCode>
        <IsButton>false</IsButton>
        <ButtonIndex>0</ButtonIndex>
        <XInputIndex>1</XInputIndex>
      </XInputButton>
      <InputMapping>P2ButtonRight</InputMapping>
      <AnalogType>None</AnalogType>
      <BindNameXi>Input Device 1 LeftThumbInput Device 1 Y+</BindNameXi>
      <BindName>Input Device 1 LeftThumbInput Device 1 Y+</BindName>
    </JoystickButtons>
    <JoystickButtons>
      <ButtonName>Player 2 Gun Left</ButtonName>
      <XInputButton>
        <IsLeftThumbX>true</IsLeftThumbX>
        <IsRightThumbX>false</IsRightThumbX>
        <IsLeftThumbY>false</IsLeftThumbY>
        <IsRightThumbY>false</IsRightThumbY>
        <IsAxisMinus>true</IsAxisMinus>
        <IsLeftTrigger>false</IsLeftTrigger>
        <IsRightTrigger>false</IsRightTrigger>
        <ButtonCode>0</ButtonCode>
        <IsButton>false</IsButton>
        <ButtonIndex>0</ButtonIndex>
        <XInputIndex>1</XInputIndex>
      </XInputButton>
      <InputMapping>P2ButtonDown</InputMapping>
      <AnalogType>None</AnalogType>
      <BindNameXi>Input Device 1 LeftThumbInput Device 1 X-</BindNameXi>
      <BindName>Input Device 1 LeftThumbInput Device 1 X-</BindName>
    </JoystickButtons>
    <JoystickButtons>
      <ButtonName>Player 2 Gun Right</ButtonName>
      <XInputButton>
        <IsLeftThumbX>true</IsLeftThumbX>
        <IsRightThumbX>false</IsRightThumbX>
        <IsLeftThumbY>false</IsLeftThumbY>
        <IsRightThumbY>false</IsRightThumbY>
        <IsAxisMinus>false</IsAxisMinus>
        <IsLeftTrigger>false</IsLeftTrigger>
        <IsRightTrigger>false</IsRightTrigger>
        <ButtonCode>0</ButtonCode>
        <IsButton>false</IsButton>
        <ButtonIndex>0</ButtonIndex>
        <XInputIndex>1</XInputIndex>
      </XInputButton>
      <InputMapping>P2ButtonUp</InputMapping>
      <AnalogType>None</AnalogType>
      <BindNameXi>Input Device 1 LeftThumbInput Device 1 X+</BindNameXi>
      <BindName>Input Device 1 LeftThumbInput Device 1 X+</BindName>
    </JoystickButtons>
    <JoystickButtons>
      <ButtonName>Player 2 Gun Trigger</ButtonName>
      <XInputButton>
        <IsLeftThumbX>false</IsLeftThumbX>
        <IsRightThumbX>false</IsRightThumbX>
        <IsLeftThumbY>false</IsLeftThumbY>
        <IsRightThumbY>false</IsRightThumbY>
        <IsAxisMinus>false</IsAxisMinus>
        <IsLeftTrigger>false</IsLeftTrigger>
        <IsRightTrigger>true</IsRightTrigger>
        <ButtonCode>0</ButtonCode>
        <IsButton>false</IsButton>
        <ButtonIndex>0</ButtonIndex>
        <XInputIndex>1</XInputIndex>
      </XInputButton>
      <InputMapping>P2Button1</InputMapping>
      <AnalogType>None</AnalogType>
      <BindNameXi>Input Device 1 RightTrigger</BindNameXi>
      <BindName>Input Device 1 RightTrigger</BindName>
    </JoystickButtons>
    <JoystickButtons>
      <ButtonName>Player 2 Reload</ButtonName>
      <XInputButton>
        <IsLeftThumbX>false</IsLeftThumbX>
        <IsRightThumbX>false</IsRightThumbX>
        <IsLeftThumbY>false</IsLeftThumbY>
        <IsRightThumbY>false</IsRightThumbY>
        <IsAxisMinus>false</IsAxisMinus>
        <IsLeftTrigger>false</IsLeftTrigger>
        <IsRightTrigger>false</IsRightTrigger>
        <ButtonCode>4096</ButtonCode>
        <IsButton>true</IsButton>
        <ButtonIndex>0</ButtonIndex>
        <XInputIndex>1</XInputIndex>
      </XInputButton>
      <InputMapping>P2Button2</InputMapping>
      <AnalogType>None</AnalogType>
      <BindNameXi>Input Device 1 A</BindNameXi>
      <BindName>Input Device 1 A</BindName>
    </JoystickButtons>
  </JoystickButtons>
  <EmulationProfile>SegaJvsGoldenGun</EmulationProfile>
  <GameProfileRevision>4</GameProfileRevision>
  <HasSeparateTestMode>true</HasSeparateTestMode>
  <Is64Bit>false</Is64Bit>
  <EmulatorType>TeknoParrot</EmulatorType>
  <GunGame>true</GunGame>
  <Patreon>false</Patreon>
  <RequiresAdmin>false</RequiresAdmin>
  <msysType>0</msysType>
  <InvertedMouseAxis>true</InvertedMouseAxis>
  <DevOnly>false</DevOnly>
</GameProfile>