﻿<?xml version="1.0" encoding="utf-8"?>
<GameProfile xmlns:xsi="http://www.w3.org/2001/XMLSchema-instance" xmlns:xsd="http://www.w3.org/2001/XMLSchema">
  <GameName>Mario Kart: Arcade GP DX</GameName>
  <GamePath>D:\AttractMode\emulators\RetroArch\_emulators\TeknoParrot\Games\mkdx\MK_AGP3_FINAL.exe</GamePath>
  <TestMenuParameter />
  <TestMenuIsExecutable>false</TestMenuIsExecutable>
  <ExtraParameters />
  <TestMenuExtraParameters />
  <IconName>Icons/MKDX.png</IconName>
  <ResetHint>false</ResetHint>
  <ConfigValues>
    <FieldInformation>
      <CategoryName>General</CategoryName>
      <FieldName>XInput</FieldName>
      <FieldValue>1</FieldValue>
      <FieldType>Bool</FieldType>
    </FieldInformation>
    <FieldInformation>
      <CategoryName>General</CategoryName>
      <FieldName>Windowed</FieldName>
      <FieldValue>0</FieldValue>
      <FieldType>Bool</FieldType>
    </FieldInformation>
    <FieldInformation>
      <CategoryName>General</CategoryName>
      <FieldName>Enable Outputs</FieldName>
      <FieldValue>0</FieldValue>
      <FieldType>Bool</FieldType>
    </FieldInformation>
    <FieldInformation>
      <CategoryName>General</CategoryName>
      <FieldName>AutoAcclOff</FieldName>
      <FieldValue>1</FieldValue>
      <FieldType>Bool</FieldType>
    </FieldInformation>
    <FieldInformation>
      <CategoryName>General</CategoryName>
      <FieldName>CustomResolution</FieldName>
      <FieldValue>0</FieldValue>
      <FieldType>Bool</FieldType>
    </FieldInformation>
    <FieldInformation>
      <CategoryName>General</CategoryName>
      <FieldName>ResolutionWidth</FieldName>
      <FieldValue>1360</FieldValue>
      <FieldType>Text</FieldType>
    </FieldInformation>
    <FieldInformation>
      <CategoryName>General</CategoryName>
      <FieldName>ResolutionHeight</FieldName>
      <FieldValue>768</FieldValue>
      <FieldType>Text</FieldType>
    </FieldInformation>
    <FieldInformation>
      <CategoryName>Network</CategoryName>
      <FieldName>Gateway</FieldName>
      <FieldValue>192.168.1.1</FieldValue>
      <FieldType>Text</FieldType>
    </FieldInformation>
    <FieldInformation>
      <CategoryName>Network</CategoryName>
      <FieldName>ServerAddress</FieldName>
      <FieldValue>51.15.85.127</FieldValue>
      <FieldType>Text</FieldType>
    </FieldInformation>
    <FieldInformation>
      <CategoryName>Network</CategoryName>
      <FieldName>ServerPort</FieldName>
      <FieldValue>49200</FieldValue>
      <FieldType>Text</FieldType>
    </FieldInformation>
    <FieldInformation>
      <CategoryName>Network</CategoryName>
      <FieldName>AmAuthPort</FieldName>
      <FieldValue>49199</FieldValue>
      <FieldType>Text</FieldType>
    </FieldInformation>
    <FieldInformation>
      <CategoryName>Network</CategoryName>
      <FieldName>PlayerId</FieldName>
      <FieldValue>1234567890</FieldValue>
      <FieldType>Text</FieldType>
    </FieldInformation>
  </ConfigValues>
  <JoystickButtons>
    <JoystickButtons>
      <ButtonName>Test</ButtonName>
      <DirectInputButton>
        <Button>115</Button>
        <IsAxis>false</IsAxis>
        <IsAxisMinus>false</IsAxisMinus>
        <IsFullAxis>false</IsFullAxis>
        <PovDirection>0</PovDirection>
        <IsReverseAxis>false</IsReverseAxis>
        <JoystickGuid>6f1d2b61-d5a0-11cf-bfc7-444553540000</JoystickGuid>
      </DirectInputButton>
      <InputMapping>Test</InputMapping>
      <AnalogType>None</AnalogType>
      <BindNameDi>Buttons67</BindNameDi>
    </JoystickButtons>
    <JoystickButtons>
      <ButtonName>Service</ButtonName>
      <InputMapping>Service1</InputMapping>
      <AnalogType>None</AnalogType>
    </JoystickButtons>
    <JoystickButtons>
      <ButtonName>Start</ButtonName>
      <DirectInputButton>
        <Button>49</Button>
        <IsAxis>false</IsAxis>
        <IsAxisMinus>false</IsAxisMinus>
        <IsFullAxis>false</IsFullAxis>
        <PovDirection>0</PovDirection>
        <IsReverseAxis>false</IsReverseAxis>
        <JoystickGuid>6f1d2b61-d5a0-11cf-bfc7-444553540000</JoystickGuid>
      </DirectInputButton>
      <XInputButton>
        <IsLeftThumbX>false</IsLeftThumbX>
        <IsRightThumbX>false</IsRightThumbX>
        <IsLeftThumbY>false</IsLeftThumbY>
        <IsRightThumbY>false</IsRightThumbY>
        <IsAxisMinus>false</IsAxisMinus>
        <IsLeftTrigger>false</IsLeftTrigger>
        <IsRightTrigger>false</IsRightTrigger>
        <ButtonCode>16</ButtonCode>
        <IsButton>true</IsButton>
        <ButtonIndex>0</ButtonIndex>
        <XInputIndex>0</XInputIndex>
      </XInputButton>
      <InputMapping>P1ButtonStart</InputMapping>
      <AnalogType>None</AnalogType>
      <BindNameDi>Buttons1</BindNameDi>
      <BindNameXi>Input Device 0 Start</BindNameXi>
      <BindName>Input Device 0 Start</BindName>
    </JoystickButtons>
    <JoystickButtons>
      <ButtonName>Wheel Axis</ButtonName>
      <DirectInputButton>
        <Button>155</Button>
        <IsAxis>false</IsAxis>
        <IsAxisMinus>false</IsAxisMinus>
        <IsFullAxis>false</IsFullAxis>
        <PovDirection>0</PovDirection>
        <IsReverseAxis>false</IsReverseAxis>
        <JoystickGuid>6f1d2b61-d5a0-11cf-bfc7-444553540000</JoystickGuid>
      </DirectInputButton>
      <XInputButton>
        <IsLeftThumbX>true</IsLeftThumbX>
        <IsRightThumbX>false</IsRightThumbX>
        <IsLeftThumbY>false</IsLeftThumbY>
        <IsRightThumbY>false</IsRightThumbY>
        <IsAxisMinus>false</IsAxisMinus>
        <IsLeftTrigger>false</IsLeftTrigger>
        <IsRightTrigger>false</IsRightTrigger>
        <ButtonCode>0</ButtonCode>
        <IsButton>false</IsButton>
        <ButtonIndex>0</ButtonIndex>
        <XInputIndex>0</XInputIndex>
      </XInputButton>
      <InputMapping>Analog0</InputMapping>
      <AnalogType>Wheel</AnalogType>
      <BindNameDi>Buttons107</BindNameDi>
      <BindNameXi>Input Device 0 LeftThumbInput Device 0 X+</BindNameXi>
      <BindName>Input Device 0 LeftThumbInput Device 0 X+</BindName>
    </JoystickButtons>
    <JoystickButtons>
      <ButtonName>Gas</ButtonName>
      <DirectInputButton>
        <Button>104</Button>
        <IsAxis>false</IsAxis>
        <IsAxisMinus>false</IsAxisMinus>
        <IsFullAxis>false</IsFullAxis>
        <PovDirection>0</PovDirection>
        <IsReverseAxis>false</IsReverseAxis>
        <JoystickGuid>6f1d2b61-d5a0-11cf-bfc7-444553540000</JoystickGuid>
      </DirectInputButton>
      <XInputButton>
        <IsLeftThumbX>false</IsLeftThumbX>
        <IsRightThumbX>false</IsRightThumbX>
        <IsLeftThumbY>false</IsLeftThumbY>
        <IsRightThumbY>false</IsRightThumbY>
        <IsAxisMinus>false</IsAxisMinus>
        <IsLeftTrigger>false</IsLeftTrigger>
        <IsRightTrigger>true</IsRightTrigger>
        <ButtonCode>0</ButtonCode>
        <IsButton>false</IsButton>
        <ButtonIndex>0</ButtonIndex>
        <XInputIndex>0</XInputIndex>
      </XInputButton>
      <InputMapping>Analog2</InputMapping>
      <AnalogType>Gas</AnalogType>
      <BindNameDi>Buttons56</BindNameDi>
      <BindNameXi>Input Device 0 RightTrigger</BindNameXi>
      <BindName>Input Device 0 RightTrigger</BindName>
    </JoystickButtons>
    <JoystickButtons>
      <ButtonName>Brake</ButtonName>
      <DirectInputButton>
        <Button>91</Button>
        <IsAxis>false</IsAxis>
        <IsAxisMinus>false</IsAxisMinus>
        <IsFullAxis>false</IsFullAxis>
        <PovDirection>0</PovDirection>
        <IsReverseAxis>false</IsReverseAxis>
        <JoystickGuid>6f1d2b61-d5a0-11cf-bfc7-444553540000</JoystickGuid>
      </DirectInputButton>
      <XInputButton>
        <IsLeftThumbX>false</IsLeftThumbX>
        <IsRightThumbX>false</IsRightThumbX>
        <IsLeftThumbY>false</IsLeftThumbY>
        <IsRightThumbY>false</IsRightThumbY>
        <IsAxisMinus>false</IsAxisMinus>
        <IsLeftTrigger>false</IsLeftTrigger>
        <IsRightTrigger>false</IsRightTrigger>
        <ButtonCode>8192</ButtonCode>
        <IsButton>true</IsButton>
        <ButtonIndex>0</ButtonIndex>
        <XInputIndex>0</XInputIndex>
      </XInputButton>
      <InputMapping>Analog4</InputMapping>
      <AnalogType>Brake</AnalogType>
      <BindNameDi>Buttons43</BindNameDi>
      <BindNameXi>Input Device 0 B</BindNameXi>
      <BindName>Input Device 0 B</BindName>
    </JoystickButtons>
    <JoystickButtons>
      <ButtonName>Item</ButtonName>
      <DirectInputButton>
        <Button>92</Button>
        <IsAxis>false</IsAxis>
        <IsAxisMinus>false</IsAxisMinus>
        <IsFullAxis>false</IsFullAxis>
        <PovDirection>0</PovDirection>
        <IsReverseAxis>false</IsReverseAxis>
        <JoystickGuid>6f1d2b61-d5a0-11cf-bfc7-444553540000</JoystickGuid>
      </DirectInputButton>
      <XInputButton>
        <IsLeftThumbX>false</IsLeftThumbX>
        <IsRightThumbX>false</IsRightThumbX>
        <IsLeftThumbY>false</IsLeftThumbY>
        <IsRightThumbY>false</IsRightThumbY>
        <IsAxisMinus>false</IsAxisMinus>
        <IsLeftTrigger>false</IsLeftTrigger>
        <IsRightTrigger>false</IsRightTrigger>
        <ButtonCode>4096</ButtonCode>
        <IsButton>true</IsButton>
        <ButtonIndex>0</ButtonIndex>
        <XInputIndex>0</XInputIndex>
      </XInputButton>
      <InputMapping>P1Button5</InputMapping>
      <AnalogType>None</AnalogType>
      <BindNameDi>Buttons44</BindNameDi>
      <BindNameXi>Input Device 0 A</BindNameXi>
      <BindName>Input Device 0 A</BindName>
    </JoystickButtons>
    <JoystickButtons>
      <ButtonName>Menu Up</ButtonName>
      <DirectInputButton>
        <Button>64</Button>
        <IsAxis>false</IsAxis>
        <IsAxisMinus>false</IsAxisMinus>
        <IsFullAxis>false</IsFullAxis>
        <PovDirection>0</PovDirection>
        <IsReverseAxis>false</IsReverseAxis>
        <JoystickGuid>6f1d2b61-d5a0-11cf-bfc7-444553540000</JoystickGuid>
      </DirectInputButton>
      <XInputButton>
        <IsLeftThumbX>false</IsLeftThumbX>
        <IsRightThumbX>false</IsRightThumbX>
        <IsLeftThumbY>true</IsLeftThumbY>
        <IsRightThumbY>false</IsRightThumbY>
        <IsAxisMinus>false</IsAxisMinus>
        <IsLeftTrigger>false</IsLeftTrigger>
        <IsRightTrigger>false</IsRightTrigger>
        <ButtonCode>0</ButtonCode>
        <IsButton>false</IsButton>
        <ButtonIndex>0</ButtonIndex>
        <XInputIndex>0</XInputIndex>
      </XInputButton>
      <InputMapping>P1ButtonUp</InputMapping>
      <AnalogType>None</AnalogType>
      <BindNameDi>Buttons16</BindNameDi>
      <BindNameXi>Input Device 0 LeftThumbInput Device 0 Y+</BindNameXi>
      <BindName>Input Device 0 LeftThumbInput Device 0 Y+</BindName>
    </JoystickButtons>
    <JoystickButtons>
      <ButtonName>Menu Down</ButtonName>
      <DirectInputButton>
        <Button>78</Button>
        <IsAxis>false</IsAxis>
        <IsAxisMinus>false</IsAxisMinus>
        <IsFullAxis>false</IsFullAxis>
        <PovDirection>0</PovDirection>
        <IsReverseAxis>false</IsReverseAxis>
        <JoystickGuid>6f1d2b61-d5a0-11cf-bfc7-444553540000</JoystickGuid>
      </DirectInputButton>
      <XInputButton>
        <IsLeftThumbX>false</IsLeftThumbX>
        <IsRightThumbX>false</IsRightThumbX>
        <IsLeftThumbY>true</IsLeftThumbY>
        <IsRightThumbY>false</IsRightThumbY>
        <IsAxisMinus>true</IsAxisMinus>
        <IsLeftTrigger>false</IsLeftTrigger>
        <IsRightTrigger>false</IsRightTrigger>
        <ButtonCode>0</ButtonCode>
        <IsButton>false</IsButton>
        <ButtonIndex>0</ButtonIndex>
        <XInputIndex>0</XInputIndex>
      </XInputButton>
      <InputMapping>P1ButtonDown</InputMapping>
      <AnalogType>None</AnalogType>
      <BindNameDi>Buttons30</BindNameDi>
      <BindNameXi>Input Device 0 LeftThumbInput Device 0 Y-</BindNameXi>
      <BindName>Input Device 0 LeftThumbInput Device 0 Y-</BindName>
    </JoystickButtons>
    <JoystickButtons>
      <ButtonName>Enter Switch</ButtonName>
      <DirectInputButton>
        <Button>93</Button>
        <IsAxis>false</IsAxis>
        <IsAxisMinus>false</IsAxisMinus>
        <IsFullAxis>false</IsFullAxis>
        <PovDirection>0</PovDirection>
        <IsReverseAxis>false</IsReverseAxis>
        <JoystickGuid>6f1d2b61-d5a0-11cf-bfc7-444553540000</JoystickGuid>
      </DirectInputButton>
      <XInputButton>
        <IsLeftThumbX>false</IsLeftThumbX>
        <IsRightThumbX>false</IsRightThumbX>
        <IsLeftThumbY>false</IsLeftThumbY>
        <IsRightThumbY>false</IsRightThumbY>
        <IsAxisMinus>false</IsAxisMinus>
        <IsLeftTrigger>false</IsLeftTrigger>
        <IsRightTrigger>false</IsRightTrigger>
        <ButtonCode>16384</ButtonCode>
        <IsButton>true</IsButton>
        <ButtonIndex>0</ButtonIndex>
        <XInputIndex>0</XInputIndex>
      </XInputButton>
      <InputMapping>P1Button1</InputMapping>
      <AnalogType>None</AnalogType>
      <BindNameDi>Buttons45</BindNameDi>
      <BindNameXi>Input Device 0 X</BindNameXi>
      <BindName>Input Device 0 X</BindName>
    </JoystickButtons>
    <JoystickButtons>
      <ButtonName>Mario Button</ButtonName>
      <DirectInputButton>
        <Button>94</Button>
        <IsAxis>false</IsAxis>
        <IsAxisMinus>false</IsAxisMinus>
        <IsFullAxis>false</IsFullAxis>
        <PovDirection>0</PovDirection>
        <IsReverseAxis>false</IsReverseAxis>
        <JoystickGuid>6f1d2b61-d5a0-11cf-bfc7-444553540000</JoystickGuid>
      </DirectInputButton>
      <XInputButton>
        <IsLeftThumbX>false</IsLeftThumbX>
        <IsRightThumbX>false</IsRightThumbX>
        <IsLeftThumbY>false</IsLeftThumbY>
        <IsRightThumbY>false</IsRightThumbY>
        <IsAxisMinus>false</IsAxisMinus>
        <IsLeftTrigger>false</IsLeftTrigger>
        <IsRightTrigger>false</IsRightTrigger>
        <ButtonCode>-32768</ButtonCode>
        <IsButton>true</IsButton>
        <ButtonIndex>0</ButtonIndex>
        <XInputIndex>0</XInputIndex>
      </XInputButton>
      <InputMapping>ExtensionOne2</InputMapping>
      <AnalogType>None</AnalogType>
      <BindNameDi>Buttons46</BindNameDi>
      <BindNameXi>Input Device 0 Y</BindNameXi>
      <BindName>Input Device 0 Y</BindName>
    </JoystickButtons>
  </JoystickButtons>
  <EmulationProfile>NamcoMkdx</EmulationProfile>
  <GameProfileRevision>14</GameProfileRevision>
  <HasSeparateTestMode>false</HasSeparateTestMode>
  <Is64Bit>false</Is64Bit>
  <EmulatorType>TeknoParrot</EmulatorType>
  <GunGame>false</GunGame>
  <Patreon>false</Patreon>
  <RequiresAdmin>true</RequiresAdmin>
  <msysType>0</msysType>
  <InvertedMouseAxis>false</InvertedMouseAxis>
  <DevOnly>false</DevOnly>
  <ExecutableName>MK_AGP3_FINAL.exe</ExecutableName>
</GameProfile>