﻿<?xml version="1.0" encoding="utf-8"?>
<GameProfile xmlns:xsi="http://www.w3.org/2001/XMLSchema-instance" xmlns:xsd="http://www.w3.org/2001/XMLSchema">
  <GameName>Project Diva Arcade</GameName>
  <GamePath>D:\AttractMode\emulators\RetroArch\_emulators\TeknoParrot\Games\ProjectDiva\diva.exe</GamePath>
  <TestMenuParameter>-t</TestMenuParameter>
  <TestMenuIsExecutable>false</TestMenuIsExecutable>
  <ExtraParameters />
  <TestMenuExtraParameters />
  <IconName>Icons/ProjectDiva.png</IconName>
  <ResetHint>false</ResetHint>
  <ConfigValues>
    <FieldInformation>
      <CategoryName>General</CategoryName>
      <FieldName>XInput</FieldName>
      <FieldValue>1</FieldValue>
      <FieldType>Bool</FieldType>
    </FieldInformation>
    <FieldInformation>
      <CategoryName>General</CategoryName>
      <FieldName>DongleRegion</FieldName>
      <FieldValue>JAPAN</FieldValue>
      <FieldType>Text</FieldType>
    </FieldInformation>
    <FieldInformation>
      <CategoryName>General</CategoryName>
      <FieldName>PcbRegion</FieldName>
      <FieldValue>JAPAN</FieldValue>
      <FieldType>Text</FieldType>
    </FieldInformation>
    <FieldInformation>
      <CategoryName>General</CategoryName>
      <FieldName>FreePlay</FieldName>
      <FieldValue>1</FieldValue>
      <FieldType>Bool</FieldType>
    </FieldInformation>
    <FieldInformation>
      <CategoryName>General</CategoryName>
      <FieldName>Windowed</FieldName>
      <FieldValue>0</FieldValue>
      <FieldType>Bool</FieldType>
    </FieldInformation>
    <FieldInformation>
      <CategoryName>General</CategoryName>
      <FieldName>FullHD</FieldName>
      <FieldValue>1</FieldValue>
      <FieldType>Bool</FieldType>
    </FieldInformation>
  </ConfigValues>
  <JoystickButtons>
    <JoystickButtons>
      <ButtonName>Test</ButtonName>
      <InputMapping>Test</InputMapping>
      <AnalogType>None</AnalogType>
    </JoystickButtons>
    <JoystickButtons>
      <ButtonName>Service</ButtonName>
      <InputMapping>Service1</InputMapping>
      <AnalogType>None</AnalogType>
    </JoystickButtons>
    <JoystickButtons>
      <ButtonName>Service 2</ButtonName>
      <InputMapping>Service2</InputMapping>
      <AnalogType>None</AnalogType>
    </JoystickButtons>
    <JoystickButtons>
      <ButtonName>Coin</ButtonName>
      <XInputButton>
        <IsLeftThumbX>false</IsLeftThumbX>
        <IsRightThumbX>false</IsRightThumbX>
        <IsLeftThumbY>false</IsLeftThumbY>
        <IsRightThumbY>false</IsRightThumbY>
        <IsAxisMinus>false</IsAxisMinus>
        <IsLeftTrigger>false</IsLeftTrigger>
        <IsRightTrigger>false</IsRightTrigger>
        <ButtonCode>32</ButtonCode>
        <IsButton>true</IsButton>
        <ButtonIndex>0</ButtonIndex>
        <XInputIndex>0</XInputIndex>
      </XInputButton>
      <InputMapping>Coin1</InputMapping>
      <AnalogType>None</AnalogType>
      <BindNameXi>Input Device 0 Back</BindNameXi>
      <BindName>Input Device 0 Back</BindName>
    </JoystickButtons>
    <JoystickButtons>
      <ButtonName>Player 1 Start</ButtonName>
      <XInputButton>
        <IsLeftThumbX>false</IsLeftThumbX>
        <IsRightThumbX>false</IsRightThumbX>
        <IsLeftThumbY>false</IsLeftThumbY>
        <IsRightThumbY>false</IsRightThumbY>
        <IsAxisMinus>false</IsAxisMinus>
        <IsLeftTrigger>false</IsLeftTrigger>
        <IsRightTrigger>false</IsRightTrigger>
        <ButtonCode>16</ButtonCode>
        <IsButton>true</IsButton>
        <ButtonIndex>0</ButtonIndex>
        <XInputIndex>0</XInputIndex>
      </XInputButton>
      <InputMapping>P1ButtonStart</InputMapping>
      <AnalogType>None</AnalogType>
      <BindNameXi>Input Device 0 Start</BindNameXi>
      <BindName>Input Device 0 Start</BindName>
    </JoystickButtons>
    <JoystickButtons>
      <ButtonName>Triangle</ButtonName>
      <XInputButton>
        <IsLeftThumbX>false</IsLeftThumbX>
        <IsRightThumbX>false</IsRightThumbX>
        <IsLeftThumbY>false</IsLeftThumbY>
        <IsRightThumbY>false</IsRightThumbY>
        <IsAxisMinus>false</IsAxisMinus>
        <IsLeftTrigger>false</IsLeftTrigger>
        <IsRightTrigger>false</IsRightTrigger>
        <ButtonCode>-32768</ButtonCode>
        <IsButton>true</IsButton>
        <ButtonIndex>0</ButtonIndex>
        <XInputIndex>0</XInputIndex>
      </XInputButton>
      <InputMapping>P1Button1</InputMapping>
      <AnalogType>None</AnalogType>
      <BindNameXi>Input Device 0 Y</BindNameXi>
      <BindName>Input Device 0 Y</BindName>
    </JoystickButtons>
    <JoystickButtons>
      <ButtonName>Square</ButtonName>
      <XInputButton>
        <IsLeftThumbX>false</IsLeftThumbX>
        <IsRightThumbX>false</IsRightThumbX>
        <IsLeftThumbY>false</IsLeftThumbY>
        <IsRightThumbY>false</IsRightThumbY>
        <IsAxisMinus>false</IsAxisMinus>
        <IsLeftTrigger>false</IsLeftTrigger>
        <IsRightTrigger>false</IsRightTrigger>
        <ButtonCode>16384</ButtonCode>
        <IsButton>true</IsButton>
        <ButtonIndex>0</ButtonIndex>
        <XInputIndex>0</XInputIndex>
      </XInputButton>
      <InputMapping>P1Button2</InputMapping>
      <AnalogType>None</AnalogType>
      <BindNameXi>Input Device 0 X</BindNameXi>
      <BindName>Input Device 0 X</BindName>
    </JoystickButtons>
    <JoystickButtons>
      <ButtonName>Cross</ButtonName>
      <XInputButton>
        <IsLeftThumbX>false</IsLeftThumbX>
        <IsRightThumbX>false</IsRightThumbX>
        <IsLeftThumbY>false</IsLeftThumbY>
        <IsRightThumbY>false</IsRightThumbY>
        <IsAxisMinus>false</IsAxisMinus>
        <IsLeftTrigger>false</IsLeftTrigger>
        <IsRightTrigger>false</IsRightTrigger>
        <ButtonCode>4096</ButtonCode>
        <IsButton>true</IsButton>
        <ButtonIndex>0</ButtonIndex>
        <XInputIndex>0</XInputIndex>
      </XInputButton>
      <InputMapping>P1Button3</InputMapping>
      <AnalogType>None</AnalogType>
      <BindNameXi>Input Device 0 A</BindNameXi>
      <BindName>Input Device 0 A</BindName>
    </JoystickButtons>
    <JoystickButtons>
      <ButtonName>Circle</ButtonName>
      <XInputButton>
        <IsLeftThumbX>false</IsLeftThumbX>
        <IsRightThumbX>false</IsRightThumbX>
        <IsLeftThumbY>false</IsLeftThumbY>
        <IsRightThumbY>false</IsRightThumbY>
        <IsAxisMinus>false</IsAxisMinus>
        <IsLeftTrigger>false</IsLeftTrigger>
        <IsRightTrigger>false</IsRightTrigger>
        <ButtonCode>8192</ButtonCode>
        <IsButton>true</IsButton>
        <ButtonIndex>0</ButtonIndex>
        <XInputIndex>0</XInputIndex>
      </XInputButton>
      <InputMapping>P1Button4</InputMapping>
      <AnalogType>None</AnalogType>
      <BindNameXi>Input Device 0 B</BindNameXi>
      <BindName>Input Device 0 B</BindName>
    </JoystickButtons>
    <JoystickButtons>
      <ButtonName>L</ButtonName>
      <XInputButton>
        <IsLeftThumbX>false</IsLeftThumbX>
        <IsRightThumbX>false</IsRightThumbX>
        <IsLeftThumbY>false</IsLeftThumbY>
        <IsRightThumbY>false</IsRightThumbY>
        <IsAxisMinus>false</IsAxisMinus>
        <IsLeftTrigger>false</IsLeftTrigger>
        <IsRightTrigger>false</IsRightTrigger>
        <ButtonCode>256</ButtonCode>
        <IsButton>true</IsButton>
        <ButtonIndex>0</ButtonIndex>
        <XInputIndex>0</XInputIndex>
      </XInputButton>
      <InputMapping>P1Button5</InputMapping>
      <AnalogType>None</AnalogType>
      <BindNameXi>Input Device 0 LeftShoulder</BindNameXi>
      <BindName>Input Device 0 LeftShoulder</BindName>
    </JoystickButtons>
    <JoystickButtons>
      <ButtonName>R</ButtonName>
      <XInputButton>
        <IsLeftThumbX>false</IsLeftThumbX>
        <IsRightThumbX>false</IsRightThumbX>
        <IsLeftThumbY>false</IsLeftThumbY>
        <IsRightThumbY>false</IsRightThumbY>
        <IsAxisMinus>false</IsAxisMinus>
        <IsLeftTrigger>false</IsLeftTrigger>
        <IsRightTrigger>false</IsRightTrigger>
        <ButtonCode>512</ButtonCode>
        <IsButton>true</IsButton>
        <ButtonIndex>0</ButtonIndex>
        <XInputIndex>0</XInputIndex>
      </XInputButton>
      <InputMapping>P1Button6</InputMapping>
      <AnalogType>None</AnalogType>
      <BindNameXi>Input Device 0 RightShoulder</BindNameXi>
      <BindName>Input Device 0 RightShoulder</BindName>
    </JoystickButtons>
  </JoystickButtons>
  <EmulationProfile>SegaJvs</EmulationProfile>
  <GameProfileRevision>5</GameProfileRevision>
  <HasSeparateTestMode>true</HasSeparateTestMode>
  <Is64Bit>false</Is64Bit>
  <EmulatorType>TeknoParrot</EmulatorType>
  <GunGame>false</GunGame>
  <Patreon>false</Patreon>
  <RequiresAdmin>false</RequiresAdmin>
  <msysType>0</msysType>
  <InvertedMouseAxis>false</InvertedMouseAxis>
  <DevOnly>false</DevOnly>
</GameProfile>