﻿<?xml version="1.0" encoding="utf-8"?>
<GameProfile xmlns:xsi="http://www.w3.org/2001/XMLSchema-instance" xmlns:xsd="http://www.w3.org/2001/XMLSchema">
  <GameName>Chase H.Q. 2</GameName>
  <GamePath>F:\AttractMode\emulators\RetroArch\_emulators\TeknoParrot\Games\ChaseHQ2\gameorig.exe</GamePath>
  <TestMenuParameter />
  <TestMenuIsExecutable>false</TestMenuIsExecutable>
  <ExtraParameters />
  <TestMenuExtraParameters />
  <IconName>Icons/ChaseHQ2.png</IconName>
  <ResetHint>false</ResetHint>
  <ConfigValues>
    <FieldInformation>
      <CategoryName>General</CategoryName>
      <FieldName>XInput</FieldName>
      <FieldValue>1</FieldValue>
      <FieldType>Bool</FieldType>
    </FieldInformation>
    <FieldInformation>
      <CategoryName>General</CategoryName>
      <FieldName>Windowed</FieldName>
      <FieldValue>0</FieldValue>
      <FieldType>Bool</FieldType>
    </FieldInformation>
    <FieldInformation>
      <CategoryName>General</CategoryName>
      <FieldName>Enable Outputs</FieldName>
      <FieldValue>0</FieldValue>
      <FieldType>Bool</FieldType>
    </FieldInformation>
  </ConfigValues>
  <JoystickButtons>
    <JoystickButtons>
      <ButtonName>Test</ButtonName>
      <XInputButton>
        <IsLeftThumbX>false</IsLeftThumbX>
        <IsRightThumbX>false</IsRightThumbX>
        <IsLeftThumbY>false</IsLeftThumbY>
        <IsRightThumbY>false</IsRightThumbY>
        <IsAxisMinus>false</IsAxisMinus>
        <IsLeftTrigger>false</IsLeftTrigger>
        <IsRightTrigger>false</IsRightTrigger>
        <ButtonCode>128</ButtonCode>
        <IsButton>true</IsButton>
        <ButtonIndex>0</ButtonIndex>
        <XInputIndex>0</XInputIndex>
      </XInputButton>
      <InputMapping>Test</InputMapping>
      <AnalogType>None</AnalogType>
      <BindNameXi>Input Device 0 RightThumb</BindNameXi>
      <BindName>Input Device 0 RightThumb</BindName>
    </JoystickButtons>
    <JoystickButtons>
      <ButtonName>Service</ButtonName>
      <InputMapping>Service1</InputMapping>
      <AnalogType>None</AnalogType>
      <BindNameXi />
      <BindName />
    </JoystickButtons>
    <JoystickButtons>
      <ButtonName>Coin</ButtonName>
      <XInputButton>
        <IsLeftThumbX>false</IsLeftThumbX>
        <IsRightThumbX>false</IsRightThumbX>
        <IsLeftThumbY>false</IsLeftThumbY>
        <IsRightThumbY>false</IsRightThumbY>
        <IsAxisMinus>false</IsAxisMinus>
        <IsLeftTrigger>false</IsLeftTrigger>
        <IsRightTrigger>false</IsRightTrigger>
        <ButtonCode>32</ButtonCode>
        <IsButton>true</IsButton>
        <ButtonIndex>0</ButtonIndex>
        <XInputIndex>0</XInputIndex>
      </XInputButton>
      <InputMapping>Coin1</InputMapping>
      <AnalogType>None</AnalogType>
      <BindNameXi>Input Device 0 Back</BindNameXi>
      <BindName>Input Device 0 Back</BindName>
    </JoystickButtons>
    <JoystickButtons>
      <ButtonName>Start</ButtonName>
      <XInputButton>
        <IsLeftThumbX>false</IsLeftThumbX>
        <IsRightThumbX>false</IsRightThumbX>
        <IsLeftThumbY>false</IsLeftThumbY>
        <IsRightThumbY>false</IsRightThumbY>
        <IsAxisMinus>false</IsAxisMinus>
        <IsLeftTrigger>false</IsLeftTrigger>
        <IsRightTrigger>false</IsRightTrigger>
        <ButtonCode>16</ButtonCode>
        <IsButton>true</IsButton>
        <ButtonIndex>0</ButtonIndex>
        <XInputIndex>0</XInputIndex>
      </XInputButton>
      <InputMapping>ExtensionOne4</InputMapping>
      <AnalogType>None</AnalogType>
      <BindNameXi>Input Device 0 Start</BindNameXi>
      <BindName>Input Device 0 Start</BindName>
    </JoystickButtons>
    <JoystickButtons>
      <ButtonName>Wheel Axis</ButtonName>
      <XInputButton>
        <IsLeftThumbX>true</IsLeftThumbX>
        <IsRightThumbX>false</IsRightThumbX>
        <IsLeftThumbY>false</IsLeftThumbY>
        <IsRightThumbY>false</IsRightThumbY>
        <IsAxisMinus>false</IsAxisMinus>
        <IsLeftTrigger>false</IsLeftTrigger>
        <IsRightTrigger>false</IsRightTrigger>
        <ButtonCode>0</ButtonCode>
        <IsButton>false</IsButton>
        <ButtonIndex>0</ButtonIndex>
        <XInputIndex>0</XInputIndex>
      </XInputButton>
      <InputMapping>Analog4</InputMapping>
      <AnalogType>Wheel</AnalogType>
      <BindNameXi>Input Device 0 LeftThumbInput Device 0 X+</BindNameXi>
      <BindName>Input Device 0 LeftThumbInput Device 0 X+</BindName>
    </JoystickButtons>
    <JoystickButtons>
      <ButtonName>Gas</ButtonName>
      <XInputButton>
        <IsLeftThumbX>false</IsLeftThumbX>
        <IsRightThumbX>false</IsRightThumbX>
        <IsLeftThumbY>false</IsLeftThumbY>
        <IsRightThumbY>false</IsRightThumbY>
        <IsAxisMinus>false</IsAxisMinus>
        <IsLeftTrigger>false</IsLeftTrigger>
        <IsRightTrigger>true</IsRightTrigger>
        <ButtonCode>0</ButtonCode>
        <IsButton>false</IsButton>
        <ButtonIndex>0</ButtonIndex>
        <XInputIndex>0</XInputIndex>
      </XInputButton>
      <InputMapping>Analog6</InputMapping>
      <AnalogType>Gas</AnalogType>
      <BindNameXi>Input Device 0 RightTrigger</BindNameXi>
      <BindName>Input Device 0 RightTrigger</BindName>
    </JoystickButtons>
    <JoystickButtons>
      <ButtonName>Brake</ButtonName>
      <XInputButton>
        <IsLeftThumbX>false</IsLeftThumbX>
        <IsRightThumbX>false</IsRightThumbX>
        <IsLeftThumbY>false</IsLeftThumbY>
        <IsRightThumbY>false</IsRightThumbY>
        <IsAxisMinus>false</IsAxisMinus>
        <IsLeftTrigger>true</IsLeftTrigger>
        <IsRightTrigger>false</IsRightTrigger>
        <ButtonCode>0</ButtonCode>
        <IsButton>false</IsButton>
        <ButtonIndex>0</ButtonIndex>
        <XInputIndex>0</XInputIndex>
      </XInputButton>
      <InputMapping>Analog8</InputMapping>
      <AnalogType>Brake</AnalogType>
      <BindNameXi>Input Device 0 LeftTrigger</BindNameXi>
      <BindName>Input Device 0 LeftTrigger</BindName>
    </JoystickButtons>
    <JoystickButtons>
      <ButtonName>Shift Low</ButtonName>
      <XInputButton>
        <IsLeftThumbX>false</IsLeftThumbX>
        <IsRightThumbX>false</IsRightThumbX>
        <IsLeftThumbY>false</IsLeftThumbY>
        <IsRightThumbY>true</IsRightThumbY>
        <IsAxisMinus>true</IsAxisMinus>
        <IsLeftTrigger>false</IsLeftTrigger>
        <IsRightTrigger>false</IsRightTrigger>
        <ButtonCode>0</ButtonCode>
        <IsButton>false</IsButton>
        <ButtonIndex>0</ButtonIndex>
        <XInputIndex>0</XInputIndex>
      </XInputButton>
      <InputMapping>P1ButtonUp</InputMapping>
      <AnalogType>None</AnalogType>
      <BindNameXi>Input Device 0 RightThumbInput Device 0 Y-</BindNameXi>
      <BindName>Input Device 0 RightThumbInput Device 0 Y-</BindName>
    </JoystickButtons>
    <JoystickButtons>
      <ButtonName>Shift-Nitro</ButtonName>
      <XInputButton>
        <IsLeftThumbX>false</IsLeftThumbX>
        <IsRightThumbX>false</IsRightThumbX>
        <IsLeftThumbY>false</IsLeftThumbY>
        <IsRightThumbY>true</IsRightThumbY>
        <IsAxisMinus>false</IsAxisMinus>
        <IsLeftTrigger>false</IsLeftTrigger>
        <IsRightTrigger>false</IsRightTrigger>
        <ButtonCode>0</ButtonCode>
        <IsButton>false</IsButton>
        <ButtonIndex>0</ButtonIndex>
        <XInputIndex>0</XInputIndex>
      </XInputButton>
      <InputMapping>P1ButtonDown</InputMapping>
      <AnalogType>None</AnalogType>
      <BindNameXi>Input Device 0 RightThumbInput Device 0 Y+</BindNameXi>
      <BindName>Input Device 0 RightThumbInput Device 0 Y+</BindName>
    </JoystickButtons>
    <JoystickButtons>
      <ButtonName>Pato-Nitro</ButtonName>
      <XInputButton>
        <IsLeftThumbX>false</IsLeftThumbX>
        <IsRightThumbX>false</IsRightThumbX>
        <IsLeftThumbY>false</IsLeftThumbY>
        <IsRightThumbY>false</IsRightThumbY>
        <IsAxisMinus>false</IsAxisMinus>
        <IsLeftTrigger>false</IsLeftTrigger>
        <IsRightTrigger>false</IsRightTrigger>
        <ButtonCode>4096</ButtonCode>
        <IsButton>true</IsButton>
        <ButtonIndex>0</ButtonIndex>
        <XInputIndex>0</XInputIndex>
      </XInputButton>
      <InputMapping>ExtensionOne3</InputMapping>
      <AnalogType>None</AnalogType>
      <BindNameXi>Input Device 0 A</BindNameXi>
      <BindName>Input Device 0 A</BindName>
    </JoystickButtons>
  </JoystickButtons>
  <EmulationProfile>ChaseHq2</EmulationProfile>
  <GameProfileRevision>6</GameProfileRevision>
  <HasSeparateTestMode>false</HasSeparateTestMode>
  <Is64Bit>false</Is64Bit>
  <EmulatorType>OpenParrot</EmulatorType>
  <GunGame>false</GunGame>
  <Patreon>false</Patreon>
  <RequiresAdmin>false</RequiresAdmin>
  <msysType>0</msysType>
  <InvertedMouseAxis>false</InvertedMouseAxis>
  <DevOnly>false</DevOnly>
</GameProfile>