﻿<?xml version="1.0" encoding="utf-8"?>
<GameProfile xmlns:xsi="http://www.w3.org/2001/XMLSchema-instance" xmlns:xsd="http://www.w3.org/2001/XMLSchema">
  <GameName>House of the Dead 4, The</GameName>
  <GamePath>F:\AttractMode\emulators\RetroArch\_emulators\TeknoParrot\Games\hotd4\elf\hod4M.elf</GamePath>
  <TestMenuParameter>hod4testM.elf</TestMenuParameter>
  <TestMenuIsExecutable>true</TestMenuIsExecutable>
  <ExtraParameters />
  <TestMenuExtraParameters />
  <IconName>Icons/HOTD4.png</IconName>
  <ResetHint>false</ResetHint>
  <ConfigValues>
    <FieldInformation>
      <CategoryName>General</CategoryName>
      <FieldName>XInput</FieldName>
      <FieldValue>1</FieldValue>
      <FieldType>Bool</FieldType>
    </FieldInformation>
    <FieldInformation>
      <CategoryName>General</CategoryName>
      <FieldName>CustomResolution</FieldName>
      <FieldValue>0</FieldValue>
      <FieldType>Bool</FieldType>
    </FieldInformation>
    <FieldInformation>
      <CategoryName>General</CategoryName>
      <FieldName>ResolutionWidth</FieldName>
      <FieldValue>1280</FieldValue>
      <FieldType>Text</FieldType>
    </FieldInformation>
    <FieldInformation>
      <CategoryName>General</CategoryName>
      <FieldName>ResolutionHeight</FieldName>
      <FieldValue>768</FieldValue>
      <FieldType>Text</FieldType>
    </FieldInformation>
    <FieldInformation>
      <CategoryName>General</CategoryName>
      <FieldName>DongleRegion</FieldName>
      <FieldValue>JAPAN</FieldValue>
      <FieldType>Text</FieldType>
    </FieldInformation>
    <FieldInformation>
      <CategoryName>General</CategoryName>
      <FieldName>PcbRegion</FieldName>
      <FieldValue>JAPAN</FieldValue>
      <FieldType>Text</FieldType>
    </FieldInformation>
    <FieldInformation>
      <CategoryName>General</CategoryName>
      <FieldName>FreePlay</FieldName>
      <FieldValue>1</FieldValue>
      <FieldType>Bool</FieldType>
    </FieldInformation>
    <FieldInformation>
      <CategoryName>General</CategoryName>
      <FieldName>Windowed</FieldName>
      <FieldValue>0</FieldValue>
      <FieldType>Bool</FieldType>
    </FieldInformation>
    <FieldInformation>
      <CategoryName>General</CategoryName>
      <FieldName>OffScreenReloadHack</FieldName>
      <FieldValue>1</FieldValue>
      <FieldType>Bool</FieldType>
    </FieldInformation>
    <FieldInformation>
      <CategoryName>General</CategoryName>
      <FieldName>VgaMode</FieldName>
      <FieldValue>0</FieldValue>
      <FieldType>Bool</FieldType>
    </FieldInformation>
    <FieldInformation>
      <CategoryName>General</CategoryName>
      <FieldName>UseMouseForGun</FieldName>
      <FieldValue>1</FieldValue>
      <FieldType>Bool</FieldType>
    </FieldInformation>
    <FieldInformation>
      <CategoryName>General</CategoryName>
      <FieldName>HideCursor</FieldName>
      <FieldValue>1</FieldValue>
      <FieldType>Bool</FieldType>
    </FieldInformation>
    <FieldInformation>
      <CategoryName>General</CategoryName>
      <FieldName>Enable Outputs</FieldName>
      <FieldValue>0</FieldValue>
      <FieldType>Bool</FieldType>
    </FieldInformation>
  </ConfigValues>
  <JoystickButtons>
    <JoystickButtons>
      <ButtonName>Test</ButtonName>
      <DirectInputButton>
        <Button>115</Button>
        <IsAxis>false</IsAxis>
        <IsAxisMinus>false</IsAxisMinus>
        <IsFullAxis>false</IsFullAxis>
        <PovDirection>0</PovDirection>
        <IsReverseAxis>false</IsReverseAxis>
        <JoystickGuid>6f1d2b61-d5a0-11cf-bfc7-444553540000</JoystickGuid>
      </DirectInputButton>
      <XInputButton>
        <IsLeftThumbX>false</IsLeftThumbX>
        <IsRightThumbX>false</IsRightThumbX>
        <IsLeftThumbY>false</IsLeftThumbY>
        <IsRightThumbY>false</IsRightThumbY>
        <IsAxisMinus>false</IsAxisMinus>
        <IsLeftTrigger>false</IsLeftTrigger>
        <IsRightTrigger>false</IsRightTrigger>
        <ButtonCode>128</ButtonCode>
        <IsButton>true</IsButton>
        <ButtonIndex>0</ButtonIndex>
        <XInputIndex>0</XInputIndex>
      </XInputButton>
      <InputMapping>Test</InputMapping>
      <AnalogType>None</AnalogType>
      <BindNameDi>Buttons67</BindNameDi>
      <BindNameXi>Input Device 0 RightThumb</BindNameXi>
      <BindName>Buttons67</BindName>
    </JoystickButtons>
    <JoystickButtons>
      <ButtonName>Service 1</ButtonName>
      <DirectInputButton>
        <Button>106</Button>
        <IsAxis>false</IsAxis>
        <IsAxisMinus>false</IsAxisMinus>
        <IsFullAxis>false</IsFullAxis>
        <PovDirection>0</PovDirection>
        <IsReverseAxis>false</IsReverseAxis>
        <JoystickGuid>6f1d2b61-d5a0-11cf-bfc7-444553540000</JoystickGuid>
      </DirectInputButton>
      <XInputButton>
        <IsLeftThumbX>false</IsLeftThumbX>
        <IsRightThumbX>false</IsRightThumbX>
        <IsLeftThumbY>false</IsLeftThumbY>
        <IsRightThumbY>false</IsRightThumbY>
        <IsAxisMinus>false</IsAxisMinus>
        <IsLeftTrigger>false</IsLeftTrigger>
        <IsRightTrigger>false</IsRightTrigger>
        <ButtonCode>64</ButtonCode>
        <IsButton>true</IsButton>
        <ButtonIndex>0</ButtonIndex>
        <XInputIndex>0</XInputIndex>
      </XInputButton>
      <InputMapping>Service1</InputMapping>
      <AnalogType>None</AnalogType>
      <BindNameDi>Buttons58</BindNameDi>
      <BindNameXi>Input Device 0 LeftThumb</BindNameXi>
      <BindName>Buttons58</BindName>
    </JoystickButtons>
    <JoystickButtons>
      <ButtonName>Service 2</ButtonName>
      <DirectInputButton>
        <Button>107</Button>
        <IsAxis>false</IsAxis>
        <IsAxisMinus>false</IsAxisMinus>
        <IsFullAxis>false</IsFullAxis>
        <PovDirection>0</PovDirection>
        <IsReverseAxis>false</IsReverseAxis>
        <JoystickGuid>6f1d2b61-d5a0-11cf-bfc7-444553540000</JoystickGuid>
      </DirectInputButton>
      <InputMapping>Service2</InputMapping>
      <AnalogType>None</AnalogType>
      <BindNameDi>Buttons59</BindNameDi>
      <BindName>Buttons59</BindName>
    </JoystickButtons>
    <JoystickButtons>
      <ButtonName>Coin 1</ButtonName>
      <DirectInputButton>
        <Button>53</Button>
        <IsAxis>false</IsAxis>
        <IsAxisMinus>false</IsAxisMinus>
        <IsFullAxis>false</IsFullAxis>
        <PovDirection>0</PovDirection>
        <IsReverseAxis>false</IsReverseAxis>
        <JoystickGuid>6f1d2b61-d5a0-11cf-bfc7-444553540000</JoystickGuid>
      </DirectInputButton>
      <XInputButton>
        <IsLeftThumbX>false</IsLeftThumbX>
        <IsRightThumbX>false</IsRightThumbX>
        <IsLeftThumbY>false</IsLeftThumbY>
        <IsRightThumbY>false</IsRightThumbY>
        <IsAxisMinus>false</IsAxisMinus>
        <IsLeftTrigger>false</IsLeftTrigger>
        <IsRightTrigger>false</IsRightTrigger>
        <ButtonCode>32</ButtonCode>
        <IsButton>true</IsButton>
        <ButtonIndex>0</ButtonIndex>
        <XInputIndex>0</XInputIndex>
      </XInputButton>
      <InputMapping>Coin1</InputMapping>
      <AnalogType>None</AnalogType>
      <BindNameDi>Buttons5</BindNameDi>
      <BindNameXi>Input Device 0 Back</BindNameXi>
      <BindName>Buttons5</BindName>
    </JoystickButtons>
    <JoystickButtons>
      <ButtonName>Coin 2</ButtonName>
      <DirectInputButton>
        <Button>54</Button>
        <IsAxis>false</IsAxis>
        <IsAxisMinus>false</IsAxisMinus>
        <IsFullAxis>false</IsFullAxis>
        <PovDirection>0</PovDirection>
        <IsReverseAxis>false</IsReverseAxis>
        <JoystickGuid>6f1d2b61-d5a0-11cf-bfc7-444553540000</JoystickGuid>
      </DirectInputButton>
      <XInputButton>
        <IsLeftThumbX>false</IsLeftThumbX>
        <IsRightThumbX>false</IsRightThumbX>
        <IsLeftThumbY>false</IsLeftThumbY>
        <IsRightThumbY>false</IsRightThumbY>
        <IsAxisMinus>false</IsAxisMinus>
        <IsLeftTrigger>false</IsLeftTrigger>
        <IsRightTrigger>false</IsRightTrigger>
        <ButtonCode>32</ButtonCode>
        <IsButton>true</IsButton>
        <ButtonIndex>0</ButtonIndex>
        <XInputIndex>1</XInputIndex>
      </XInputButton>
      <InputMapping>Coin2</InputMapping>
      <AnalogType>None</AnalogType>
      <BindNameDi>Buttons6</BindNameDi>
      <BindNameXi>Input Device 1 Back</BindNameXi>
      <BindName>Buttons6</BindName>
    </JoystickButtons>
    <JoystickButtons>
      <ButtonName>Player 1 Start</ButtonName>
      <DirectInputButton>
        <Button>49</Button>
        <IsAxis>false</IsAxis>
        <IsAxisMinus>false</IsAxisMinus>
        <IsFullAxis>false</IsFullAxis>
        <PovDirection>0</PovDirection>
        <IsReverseAxis>false</IsReverseAxis>
        <JoystickGuid>6f1d2b61-d5a0-11cf-bfc7-444553540000</JoystickGuid>
      </DirectInputButton>
      <XInputButton>
        <IsLeftThumbX>false</IsLeftThumbX>
        <IsRightThumbX>false</IsRightThumbX>
        <IsLeftThumbY>false</IsLeftThumbY>
        <IsRightThumbY>false</IsRightThumbY>
        <IsAxisMinus>false</IsAxisMinus>
        <IsLeftTrigger>false</IsLeftTrigger>
        <IsRightTrigger>false</IsRightTrigger>
        <ButtonCode>16</ButtonCode>
        <IsButton>true</IsButton>
        <ButtonIndex>0</ButtonIndex>
        <XInputIndex>0</XInputIndex>
      </XInputButton>
      <InputMapping>P1ButtonStart</InputMapping>
      <AnalogType>None</AnalogType>
      <BindNameDi>Buttons1</BindNameDi>
      <BindNameXi>Input Device 0 Start</BindNameXi>
      <BindName>Buttons1</BindName>
    </JoystickButtons>
    <JoystickButtons>
      <ButtonName>Player 1 Gun Down</ButtonName>
      <DirectInputButton>
        <Button>157</Button>
        <IsAxis>false</IsAxis>
        <IsAxisMinus>false</IsAxisMinus>
        <IsFullAxis>false</IsFullAxis>
        <PovDirection>0</PovDirection>
        <IsReverseAxis>false</IsReverseAxis>
        <JoystickGuid>6f1d2b61-d5a0-11cf-bfc7-444553540000</JoystickGuid>
      </DirectInputButton>
      <XInputButton>
        <IsLeftThumbX>false</IsLeftThumbX>
        <IsRightThumbX>false</IsRightThumbX>
        <IsLeftThumbY>true</IsLeftThumbY>
        <IsRightThumbY>false</IsRightThumbY>
        <IsAxisMinus>true</IsAxisMinus>
        <IsLeftTrigger>false</IsLeftTrigger>
        <IsRightTrigger>false</IsRightTrigger>
        <ButtonCode>0</ButtonCode>
        <IsButton>false</IsButton>
        <ButtonIndex>0</ButtonIndex>
        <XInputIndex>0</XInputIndex>
      </XInputButton>
      <InputMapping>P1ButtonLeft</InputMapping>
      <AnalogType>None</AnalogType>
      <BindNameDi>Buttons109</BindNameDi>
      <BindNameXi>Input Device 0 LeftThumbInput Device 0 Y-</BindNameXi>
      <BindName>Buttons109</BindName>
    </JoystickButtons>
    <JoystickButtons>
      <ButtonName>Player 1 Gun Up</ButtonName>
      <DirectInputButton>
        <Button>152</Button>
        <IsAxis>false</IsAxis>
        <IsAxisMinus>false</IsAxisMinus>
        <IsFullAxis>false</IsFullAxis>
        <PovDirection>0</PovDirection>
        <IsReverseAxis>false</IsReverseAxis>
        <JoystickGuid>6f1d2b61-d5a0-11cf-bfc7-444553540000</JoystickGuid>
      </DirectInputButton>
      <XInputButton>
        <IsLeftThumbX>false</IsLeftThumbX>
        <IsRightThumbX>false</IsRightThumbX>
        <IsLeftThumbY>true</IsLeftThumbY>
        <IsRightThumbY>false</IsRightThumbY>
        <IsAxisMinus>false</IsAxisMinus>
        <IsLeftTrigger>false</IsLeftTrigger>
        <IsRightTrigger>false</IsRightTrigger>
        <ButtonCode>0</ButtonCode>
        <IsButton>false</IsButton>
        <ButtonIndex>0</ButtonIndex>
        <XInputIndex>0</XInputIndex>
      </XInputButton>
      <InputMapping>P1ButtonRight</InputMapping>
      <AnalogType>None</AnalogType>
      <BindNameDi>Buttons104</BindNameDi>
      <BindNameXi>Input Device 0 LeftThumbInput Device 0 Y+</BindNameXi>
      <BindName>Buttons104</BindName>
    </JoystickButtons>
    <JoystickButtons>
      <ButtonName>Player 1 Gun Left</ButtonName>
      <DirectInputButton>
        <Button>154</Button>
        <IsAxis>false</IsAxis>
        <IsAxisMinus>false</IsAxisMinus>
        <IsFullAxis>false</IsFullAxis>
        <PovDirection>0</PovDirection>
        <IsReverseAxis>false</IsReverseAxis>
        <JoystickGuid>6f1d2b61-d5a0-11cf-bfc7-444553540000</JoystickGuid>
      </DirectInputButton>
      <XInputButton>
        <IsLeftThumbX>true</IsLeftThumbX>
        <IsRightThumbX>false</IsRightThumbX>
        <IsLeftThumbY>false</IsLeftThumbY>
        <IsRightThumbY>false</IsRightThumbY>
        <IsAxisMinus>true</IsAxisMinus>
        <IsLeftTrigger>false</IsLeftTrigger>
        <IsRightTrigger>false</IsRightTrigger>
        <ButtonCode>0</ButtonCode>
        <IsButton>false</IsButton>
        <ButtonIndex>0</ButtonIndex>
        <XInputIndex>0</XInputIndex>
      </XInputButton>
      <InputMapping>P1ButtonDown</InputMapping>
      <AnalogType>None</AnalogType>
      <BindNameDi>Buttons106</BindNameDi>
      <BindNameXi>Input Device 0 LeftThumbInput Device 0 X-</BindNameXi>
      <BindName>Buttons106</BindName>
    </JoystickButtons>
    <JoystickButtons>
      <ButtonName>Player 1 Gun Right</ButtonName>
      <DirectInputButton>
        <Button>155</Button>
        <IsAxis>false</IsAxis>
        <IsAxisMinus>false</IsAxisMinus>
        <IsFullAxis>false</IsFullAxis>
        <PovDirection>0</PovDirection>
        <IsReverseAxis>false</IsReverseAxis>
        <JoystickGuid>6f1d2b61-d5a0-11cf-bfc7-444553540000</JoystickGuid>
      </DirectInputButton>
      <XInputButton>
        <IsLeftThumbX>true</IsLeftThumbX>
        <IsRightThumbX>false</IsRightThumbX>
        <IsLeftThumbY>false</IsLeftThumbY>
        <IsRightThumbY>false</IsRightThumbY>
        <IsAxisMinus>false</IsAxisMinus>
        <IsLeftTrigger>false</IsLeftTrigger>
        <IsRightTrigger>false</IsRightTrigger>
        <ButtonCode>0</ButtonCode>
        <IsButton>false</IsButton>
        <ButtonIndex>0</ButtonIndex>
        <XInputIndex>0</XInputIndex>
      </XInputButton>
      <InputMapping>P1ButtonUp</InputMapping>
      <AnalogType>None</AnalogType>
      <BindNameDi>Buttons107</BindNameDi>
      <BindNameXi>Input Device 0 LeftThumbInput Device 0 X+</BindNameXi>
      <BindName>Buttons107</BindName>
    </JoystickButtons>
    <JoystickButtons>
      <ButtonName>Player 1 Gun Trigger</ButtonName>
      <DirectInputButton>
        <Button>77</Button>
        <IsAxis>false</IsAxis>
        <IsAxisMinus>false</IsAxisMinus>
        <IsFullAxis>false</IsFullAxis>
        <PovDirection>0</PovDirection>
        <IsReverseAxis>false</IsReverseAxis>
        <JoystickGuid>6f1d2b61-d5a0-11cf-bfc7-444553540000</JoystickGuid>
      </DirectInputButton>
      <XInputButton>
        <IsLeftThumbX>false</IsLeftThumbX>
        <IsRightThumbX>false</IsRightThumbX>
        <IsLeftThumbY>false</IsLeftThumbY>
        <IsRightThumbY>false</IsRightThumbY>
        <IsAxisMinus>false</IsAxisMinus>
        <IsLeftTrigger>false</IsLeftTrigger>
        <IsRightTrigger>true</IsRightTrigger>
        <ButtonCode>0</ButtonCode>
        <IsButton>false</IsButton>
        <ButtonIndex>0</ButtonIndex>
        <XInputIndex>0</XInputIndex>
      </XInputButton>
      <InputMapping>P1Button1</InputMapping>
      <AnalogType>None</AnalogType>
      <BindNameDi>Buttons29</BindNameDi>
      <BindNameXi>Input Device 0 RightTrigger</BindNameXi>
      <BindName>Buttons29</BindName>
    </JoystickButtons>
    <JoystickButtons>
      <ButtonName>Player 1 Reload</ButtonName>
      <DirectInputButton>
        <Button>104</Button>
        <IsAxis>false</IsAxis>
        <IsAxisMinus>false</IsAxisMinus>
        <IsFullAxis>false</IsFullAxis>
        <PovDirection>0</PovDirection>
        <IsReverseAxis>false</IsReverseAxis>
        <JoystickGuid>6f1d2b61-d5a0-11cf-bfc7-444553540000</JoystickGuid>
      </DirectInputButton>
      <XInputButton>
        <IsLeftThumbX>false</IsLeftThumbX>
        <IsRightThumbX>false</IsRightThumbX>
        <IsLeftThumbY>false</IsLeftThumbY>
        <IsRightThumbY>false</IsRightThumbY>
        <IsAxisMinus>false</IsAxisMinus>
        <IsLeftTrigger>false</IsLeftTrigger>
        <IsRightTrigger>false</IsRightTrigger>
        <ButtonCode>4096</ButtonCode>
        <IsButton>true</IsButton>
        <ButtonIndex>0</ButtonIndex>
        <XInputIndex>0</XInputIndex>
      </XInputButton>
      <InputMapping>P1Button2</InputMapping>
      <AnalogType>None</AnalogType>
      <BindNameDi>Buttons56</BindNameDi>
      <BindNameXi>Input Device 0 A</BindNameXi>
      <BindName>Buttons56</BindName>
    </JoystickButtons>
    <JoystickButtons>
      <ButtonName>Player 1 Grenade</ButtonName>
      <DirectInputButton>
        <Button>78</Button>
        <IsAxis>false</IsAxis>
        <IsAxisMinus>false</IsAxisMinus>
        <IsFullAxis>false</IsFullAxis>
        <PovDirection>0</PovDirection>
        <IsReverseAxis>false</IsReverseAxis>
        <JoystickGuid>6f1d2b61-d5a0-11cf-bfc7-444553540000</JoystickGuid>
      </DirectInputButton>
      <XInputButton>
        <IsLeftThumbX>false</IsLeftThumbX>
        <IsRightThumbX>false</IsRightThumbX>
        <IsLeftThumbY>false</IsLeftThumbY>
        <IsRightThumbY>false</IsRightThumbY>
        <IsAxisMinus>false</IsAxisMinus>
        <IsLeftTrigger>false</IsLeftTrigger>
        <IsRightTrigger>false</IsRightTrigger>
        <ButtonCode>8192</ButtonCode>
        <IsButton>true</IsButton>
        <ButtonIndex>0</ButtonIndex>
        <XInputIndex>0</XInputIndex>
      </XInputButton>
      <InputMapping>P1Button3</InputMapping>
      <AnalogType>None</AnalogType>
      <BindNameDi>Buttons30</BindNameDi>
      <BindNameXi>Input Device 0 B</BindNameXi>
      <BindName>Buttons30</BindName>
    </JoystickButtons>
    <JoystickButtons>
      <ButtonName>Player 2 Start</ButtonName>
      <DirectInputButton>
        <Button>50</Button>
        <IsAxis>false</IsAxis>
        <IsAxisMinus>false</IsAxisMinus>
        <IsFullAxis>false</IsFullAxis>
        <PovDirection>0</PovDirection>
        <IsReverseAxis>false</IsReverseAxis>
        <JoystickGuid>6f1d2b61-d5a0-11cf-bfc7-444553540000</JoystickGuid>
      </DirectInputButton>
      <XInputButton>
        <IsLeftThumbX>false</IsLeftThumbX>
        <IsRightThumbX>false</IsRightThumbX>
        <IsLeftThumbY>false</IsLeftThumbY>
        <IsRightThumbY>false</IsRightThumbY>
        <IsAxisMinus>false</IsAxisMinus>
        <IsLeftTrigger>false</IsLeftTrigger>
        <IsRightTrigger>false</IsRightTrigger>
        <ButtonCode>16</ButtonCode>
        <IsButton>true</IsButton>
        <ButtonIndex>0</ButtonIndex>
        <XInputIndex>1</XInputIndex>
      </XInputButton>
      <InputMapping>P2ButtonStart</InputMapping>
      <AnalogType>None</AnalogType>
      <BindNameDi>Buttons2</BindNameDi>
      <BindNameXi>Input Device 1 Start</BindNameXi>
      <BindName>Buttons2</BindName>
    </JoystickButtons>
    <JoystickButtons>
      <ButtonName>Player 2 Gun Down</ButtonName>
      <XInputButton>
        <IsLeftThumbX>false</IsLeftThumbX>
        <IsRightThumbX>false</IsRightThumbX>
        <IsLeftThumbY>true</IsLeftThumbY>
        <IsRightThumbY>false</IsRightThumbY>
        <IsAxisMinus>true</IsAxisMinus>
        <IsLeftTrigger>false</IsLeftTrigger>
        <IsRightTrigger>false</IsRightTrigger>
        <ButtonCode>0</ButtonCode>
        <IsButton>false</IsButton>
        <ButtonIndex>0</ButtonIndex>
        <XInputIndex>1</XInputIndex>
      </XInputButton>
      <InputMapping>P2ButtonLeft</InputMapping>
      <AnalogType>None</AnalogType>
      <BindNameXi>Input Device 1 LeftThumbInput Device 1 Y-</BindNameXi>
    </JoystickButtons>
    <JoystickButtons>
      <ButtonName>Player 2 Gun Up</ButtonName>
      <XInputButton>
        <IsLeftThumbX>true</IsLeftThumbX>
        <IsRightThumbX>false</IsRightThumbX>
        <IsLeftThumbY>false</IsLeftThumbY>
        <IsRightThumbY>false</IsRightThumbY>
        <IsAxisMinus>false</IsAxisMinus>
        <IsLeftTrigger>false</IsLeftTrigger>
        <IsRightTrigger>false</IsRightTrigger>
        <ButtonCode>0</ButtonCode>
        <IsButton>false</IsButton>
        <ButtonIndex>0</ButtonIndex>
        <XInputIndex>1</XInputIndex>
      </XInputButton>
      <InputMapping>P2ButtonRight</InputMapping>
      <AnalogType>None</AnalogType>
      <BindNameXi>Input Device 1 LeftThumbInput Device 1 X+</BindNameXi>
    </JoystickButtons>
    <JoystickButtons>
      <ButtonName>Player 2 Gun Left</ButtonName>
      <XInputButton>
        <IsLeftThumbX>true</IsLeftThumbX>
        <IsRightThumbX>false</IsRightThumbX>
        <IsLeftThumbY>false</IsLeftThumbY>
        <IsRightThumbY>false</IsRightThumbY>
        <IsAxisMinus>true</IsAxisMinus>
        <IsLeftTrigger>false</IsLeftTrigger>
        <IsRightTrigger>false</IsRightTrigger>
        <ButtonCode>0</ButtonCode>
        <IsButton>false</IsButton>
        <ButtonIndex>0</ButtonIndex>
        <XInputIndex>1</XInputIndex>
      </XInputButton>
      <InputMapping>P2ButtonDown</InputMapping>
      <AnalogType>None</AnalogType>
      <BindNameXi>Input Device 1 LeftThumbInput Device 1 X-</BindNameXi>
    </JoystickButtons>
    <JoystickButtons>
      <ButtonName>Player 2 Gun Right</ButtonName>
      <XInputButton>
        <IsLeftThumbX>true</IsLeftThumbX>
        <IsRightThumbX>false</IsRightThumbX>
        <IsLeftThumbY>false</IsLeftThumbY>
        <IsRightThumbY>false</IsRightThumbY>
        <IsAxisMinus>false</IsAxisMinus>
        <IsLeftTrigger>false</IsLeftTrigger>
        <IsRightTrigger>false</IsRightTrigger>
        <ButtonCode>0</ButtonCode>
        <IsButton>false</IsButton>
        <ButtonIndex>0</ButtonIndex>
        <XInputIndex>1</XInputIndex>
      </XInputButton>
      <InputMapping>P2ButtonUp</InputMapping>
      <AnalogType>None</AnalogType>
      <BindNameXi>Input Device 1 LeftThumbInput Device 1 X+</BindNameXi>
    </JoystickButtons>
    <JoystickButtons>
      <ButtonName>Player 2 Gun Trigger</ButtonName>
      <XInputButton>
        <IsLeftThumbX>false</IsLeftThumbX>
        <IsRightThumbX>false</IsRightThumbX>
        <IsLeftThumbY>false</IsLeftThumbY>
        <IsRightThumbY>false</IsRightThumbY>
        <IsAxisMinus>false</IsAxisMinus>
        <IsLeftTrigger>false</IsLeftTrigger>
        <IsRightTrigger>true</IsRightTrigger>
        <ButtonCode>0</ButtonCode>
        <IsButton>false</IsButton>
        <ButtonIndex>0</ButtonIndex>
        <XInputIndex>1</XInputIndex>
      </XInputButton>
      <InputMapping>P2Button1</InputMapping>
      <AnalogType>None</AnalogType>
      <BindNameXi>Input Device 1 RightTrigger</BindNameXi>
    </JoystickButtons>
    <JoystickButtons>
      <ButtonName>Player 2 Reload</ButtonName>
      <XInputButton>
        <IsLeftThumbX>false</IsLeftThumbX>
        <IsRightThumbX>false</IsRightThumbX>
        <IsLeftThumbY>false</IsLeftThumbY>
        <IsRightThumbY>false</IsRightThumbY>
        <IsAxisMinus>false</IsAxisMinus>
        <IsLeftTrigger>false</IsLeftTrigger>
        <IsRightTrigger>false</IsRightTrigger>
        <ButtonCode>4096</ButtonCode>
        <IsButton>true</IsButton>
        <ButtonIndex>0</ButtonIndex>
        <XInputIndex>1</XInputIndex>
      </XInputButton>
      <InputMapping>P2Button2</InputMapping>
      <AnalogType>None</AnalogType>
      <BindNameXi>Input Device 1 A</BindNameXi>
    </JoystickButtons>
    <JoystickButtons>
      <ButtonName>Player 2 Grenade</ButtonName>
      <XInputButton>
        <IsLeftThumbX>false</IsLeftThumbX>
        <IsRightThumbX>false</IsRightThumbX>
        <IsLeftThumbY>false</IsLeftThumbY>
        <IsRightThumbY>false</IsRightThumbY>
        <IsAxisMinus>false</IsAxisMinus>
        <IsLeftTrigger>false</IsLeftTrigger>
        <IsRightTrigger>false</IsRightTrigger>
        <ButtonCode>8192</ButtonCode>
        <IsButton>true</IsButton>
        <ButtonIndex>0</ButtonIndex>
        <XInputIndex>1</XInputIndex>
      </XInputButton>
      <InputMapping>P2Button3</InputMapping>
      <AnalogType>None</AnalogType>
      <BindNameXi>Input Device 1 B</BindNameXi>
    </JoystickButtons>
  </JoystickButtons>
  <EmulationProfile>Hotd4</EmulationProfile>
  <GameProfileRevision>10</GameProfileRevision>
  <HasSeparateTestMode>true</HasSeparateTestMode>
  <Is64Bit>false</Is64Bit>
  <EmulatorType>Lindbergh</EmulatorType>
  <GunGame>true</GunGame>
  <Patreon>false</Patreon>
  <RequiresAdmin>false</RequiresAdmin>
  <msysType>0</msysType>
  <InvertedMouseAxis>true</InvertedMouseAxis>
  <DevOnly>false</DevOnly>
</GameProfile>