﻿<?xml version="1.0" encoding="utf-8"?>
<GameProfile xmlns:xsi="http://www.w3.org/2001/XMLSchema-instance" xmlns:xsd="http://www.w3.org/2001/XMLSchema">
  <GameName>Tetris: The Grand Master 3 - Terror-Instinct</GameName>
  <GamePath>F:\AttractMode\emulators\RetroArch\_emulators\TeknoParrot\Games\Tetris The Grand Master 3  Terror Instinct - TX1\game.exe</GamePath>
  <TestMenuParameter />
  <TestMenuIsExecutable>false</TestMenuIsExecutable>
  <ExtraParameters />
  <TestMenuExtraParameters />
  <IconName>Icons/TetrisTheGrandMaster3TerrorInstinct.png</IconName>
  <ResetHint>false</ResetHint>
  <ConfigValues>
    <FieldInformation>
      <CategoryName>General</CategoryName>
      <FieldName>XInput</FieldName>
      <FieldValue>1</FieldValue>
      <FieldType>Bool</FieldType>
    </FieldInformation>
    <FieldInformation>
      <CategoryName>General</CategoryName>
      <FieldName>Windowed</FieldName>
      <FieldValue>0</FieldValue>
      <FieldType>Bool</FieldType>
    </FieldInformation>
  </ConfigValues>
  <JoystickButtons>
    <JoystickButtons>
      <ButtonName>Test</ButtonName>
      <InputMapping>Test</InputMapping>
      <AnalogType>None</AnalogType>
    </JoystickButtons>
    <JoystickButtons>
      <ButtonName>Service 1</ButtonName>
      <InputMapping>Service1</InputMapping>
      <AnalogType>None</AnalogType>
    </JoystickButtons>
    <JoystickButtons>
      <ButtonName>Service 2</ButtonName>
      <InputMapping>Service2</InputMapping>
      <AnalogType>None</AnalogType>
    </JoystickButtons>
    <JoystickButtons>
      <ButtonName>Coin 1</ButtonName>
      <DirectInputButton>
        <Button>53</Button>
        <IsAxis>false</IsAxis>
        <IsAxisMinus>false</IsAxisMinus>
        <IsFullAxis>false</IsFullAxis>
        <PovDirection>0</PovDirection>
        <IsReverseAxis>false</IsReverseAxis>
        <JoystickGuid>6f1d2b61-d5a0-11cf-bfc7-444553540000</JoystickGuid>
      </DirectInputButton>
      <InputMapping>Coin1</InputMapping>
      <AnalogType>None</AnalogType>
      <BindNameDi>Buttons5</BindNameDi>
      <BindName>Buttons5</BindName>
    </JoystickButtons>
    <JoystickButtons>
      <ButtonName>Coin 2</ButtonName>
      <DirectInputButton>
        <Button>54</Button>
        <IsAxis>false</IsAxis>
        <IsAxisMinus>false</IsAxisMinus>
        <IsFullAxis>false</IsFullAxis>
        <PovDirection>0</PovDirection>
        <IsReverseAxis>false</IsReverseAxis>
        <JoystickGuid>6f1d2b61-d5a0-11cf-bfc7-444553540000</JoystickGuid>
      </DirectInputButton>
      <InputMapping>Coin2</InputMapping>
      <AnalogType>None</AnalogType>
      <BindNameDi>Buttons6</BindNameDi>
      <BindName>Buttons6</BindName>
    </JoystickButtons>
    <JoystickButtons>
      <ButtonName>Player 1 Start</ButtonName>
      <DirectInputButton>
        <Button>49</Button>
        <IsAxis>false</IsAxis>
        <IsAxisMinus>false</IsAxisMinus>
        <IsFullAxis>false</IsFullAxis>
        <PovDirection>0</PovDirection>
        <IsReverseAxis>false</IsReverseAxis>
        <JoystickGuid>6f1d2b61-d5a0-11cf-bfc7-444553540000</JoystickGuid>
      </DirectInputButton>
      <InputMapping>P1ButtonStart</InputMapping>
      <AnalogType>None</AnalogType>
      <BindNameDi>Buttons1</BindNameDi>
      <BindName>Buttons1</BindName>
    </JoystickButtons>
    <JoystickButtons>
      <ButtonName>Player 1 Up</ButtonName>
      <DirectInputButton>
        <Button>152</Button>
        <IsAxis>false</IsAxis>
        <IsAxisMinus>false</IsAxisMinus>
        <IsFullAxis>false</IsFullAxis>
        <PovDirection>0</PovDirection>
        <IsReverseAxis>false</IsReverseAxis>
        <JoystickGuid>6f1d2b61-d5a0-11cf-bfc7-444553540000</JoystickGuid>
      </DirectInputButton>
      <InputMapping>P1ButtonUp</InputMapping>
      <AnalogType>None</AnalogType>
      <BindNameDi>Buttons104</BindNameDi>
      <BindName>Buttons104</BindName>
    </JoystickButtons>
    <JoystickButtons>
      <ButtonName>Player 1 Down</ButtonName>
      <DirectInputButton>
        <Button>157</Button>
        <IsAxis>false</IsAxis>
        <IsAxisMinus>false</IsAxisMinus>
        <IsFullAxis>false</IsFullAxis>
        <PovDirection>0</PovDirection>
        <IsReverseAxis>false</IsReverseAxis>
        <JoystickGuid>6f1d2b61-d5a0-11cf-bfc7-444553540000</JoystickGuid>
      </DirectInputButton>
      <InputMapping>P1ButtonDown</InputMapping>
      <AnalogType>None</AnalogType>
      <BindNameDi>Buttons109</BindNameDi>
      <BindName>Buttons109</BindName>
    </JoystickButtons>
    <JoystickButtons>
      <ButtonName>Player 1 Left</ButtonName>
      <DirectInputButton>
        <Button>154</Button>
        <IsAxis>false</IsAxis>
        <IsAxisMinus>false</IsAxisMinus>
        <IsFullAxis>false</IsFullAxis>
        <PovDirection>0</PovDirection>
        <IsReverseAxis>false</IsReverseAxis>
        <JoystickGuid>6f1d2b61-d5a0-11cf-bfc7-444553540000</JoystickGuid>
      </DirectInputButton>
      <InputMapping>P1ButtonLeft</InputMapping>
      <AnalogType>None</AnalogType>
      <BindNameDi>Buttons106</BindNameDi>
      <BindName>Buttons106</BindName>
    </JoystickButtons>
    <JoystickButtons>
      <ButtonName>Player 1 Right</ButtonName>
      <DirectInputButton>
        <Button>155</Button>
        <IsAxis>false</IsAxis>
        <IsAxisMinus>false</IsAxisMinus>
        <IsFullAxis>false</IsFullAxis>
        <PovDirection>0</PovDirection>
        <IsReverseAxis>false</IsReverseAxis>
        <JoystickGuid>6f1d2b61-d5a0-11cf-bfc7-444553540000</JoystickGuid>
      </DirectInputButton>
      <InputMapping>P1ButtonRight</InputMapping>
      <AnalogType>None</AnalogType>
      <BindNameDi>Buttons107</BindNameDi>
      <BindName>Buttons107</BindName>
    </JoystickButtons>
    <JoystickButtons>
      <ButtonName>Player 1 Button 1</ButtonName>
      <DirectInputButton>
        <Button>77</Button>
        <IsAxis>false</IsAxis>
        <IsAxisMinus>false</IsAxisMinus>
        <IsFullAxis>false</IsFullAxis>
        <PovDirection>0</PovDirection>
        <IsReverseAxis>false</IsReverseAxis>
        <JoystickGuid>6f1d2b61-d5a0-11cf-bfc7-444553540000</JoystickGuid>
      </DirectInputButton>
      <InputMapping>P1Button1</InputMapping>
      <AnalogType>None</AnalogType>
      <BindNameDi>Buttons29</BindNameDi>
      <BindName>Buttons29</BindName>
    </JoystickButtons>
    <JoystickButtons>
      <ButtonName>Player 1 Button 2</ButtonName>
      <DirectInputButton>
        <Button>78</Button>
        <IsAxis>false</IsAxis>
        <IsAxisMinus>false</IsAxisMinus>
        <IsFullAxis>false</IsFullAxis>
        <PovDirection>0</PovDirection>
        <IsReverseAxis>false</IsReverseAxis>
        <JoystickGuid>6f1d2b61-d5a0-11cf-bfc7-444553540000</JoystickGuid>
      </DirectInputButton>
      <InputMapping>P1Button2</InputMapping>
      <AnalogType>None</AnalogType>
      <BindNameDi>Buttons30</BindNameDi>
      <BindName>Buttons30</BindName>
    </JoystickButtons>
    <JoystickButtons>
      <ButtonName>Player 1 Button 3</ButtonName>
      <DirectInputButton>
        <Button>79</Button>
        <IsAxis>false</IsAxis>
        <IsAxisMinus>false</IsAxisMinus>
        <IsFullAxis>false</IsFullAxis>
        <PovDirection>0</PovDirection>
        <IsReverseAxis>false</IsReverseAxis>
        <JoystickGuid>6f1d2b61-d5a0-11cf-bfc7-444553540000</JoystickGuid>
      </DirectInputButton>
      <InputMapping>P1Button3</InputMapping>
      <AnalogType>None</AnalogType>
      <BindNameDi>Buttons31</BindNameDi>
      <BindName>Buttons31</BindName>
    </JoystickButtons>
    <JoystickButtons>
      <ButtonName>Player 1 Button 4</ButtonName>
      <DirectInputButton>
        <Button>80</Button>
        <IsAxis>false</IsAxis>
        <IsAxisMinus>false</IsAxisMinus>
        <IsFullAxis>false</IsFullAxis>
        <PovDirection>0</PovDirection>
        <IsReverseAxis>false</IsReverseAxis>
        <JoystickGuid>6f1d2b61-d5a0-11cf-bfc7-444553540000</JoystickGuid>
      </DirectInputButton>
      <InputMapping>P1Button4</InputMapping>
      <AnalogType>None</AnalogType>
      <BindNameDi>Buttons32</BindNameDi>
      <BindName>Buttons32</BindName>
    </JoystickButtons>
    <JoystickButtons>
      <ButtonName>Player 2 Start</ButtonName>
      <DirectInputButton>
        <Button>50</Button>
        <IsAxis>false</IsAxis>
        <IsAxisMinus>false</IsAxisMinus>
        <IsFullAxis>false</IsFullAxis>
        <PovDirection>0</PovDirection>
        <IsReverseAxis>false</IsReverseAxis>
        <JoystickGuid>6f1d2b61-d5a0-11cf-bfc7-444553540000</JoystickGuid>
      </DirectInputButton>
      <InputMapping>P2ButtonStart</InputMapping>
      <AnalogType>None</AnalogType>
      <BindNameDi>Buttons2</BindNameDi>
      <BindName>Buttons2</BindName>
    </JoystickButtons>
    <JoystickButtons>
      <ButtonName>Player 2 Up</ButtonName>
      <InputMapping>P2ButtonUp</InputMapping>
      <AnalogType>None</AnalogType>
    </JoystickButtons>
    <JoystickButtons>
      <ButtonName>Player 2 Down</ButtonName>
      <InputMapping>P2ButtonDown</InputMapping>
      <AnalogType>None</AnalogType>
    </JoystickButtons>
    <JoystickButtons>
      <ButtonName>Player 2 Left</ButtonName>
      <InputMapping>P2ButtonLeft</InputMapping>
      <AnalogType>None</AnalogType>
    </JoystickButtons>
    <JoystickButtons>
      <ButtonName>Player 2 Right</ButtonName>
      <InputMapping>P2ButtonRight</InputMapping>
      <AnalogType>None</AnalogType>
    </JoystickButtons>
    <JoystickButtons>
      <ButtonName>Player 2 Button 1</ButtonName>
      <InputMapping>P2Button1</InputMapping>
      <AnalogType>None</AnalogType>
    </JoystickButtons>
    <JoystickButtons>
      <ButtonName>Player 2 Button 2</ButtonName>
      <InputMapping>P2Button2</InputMapping>
      <AnalogType>None</AnalogType>
    </JoystickButtons>
    <JoystickButtons>
      <ButtonName>Player 2 Button 3</ButtonName>
      <InputMapping>P2Button3</InputMapping>
      <AnalogType>None</AnalogType>
    </JoystickButtons>
    <JoystickButtons>
      <ButtonName>Player 2 Button 4</ButtonName>
      <InputMapping>P2Button4</InputMapping>
      <AnalogType>None</AnalogType>
    </JoystickButtons>
  </JoystickButtons>
  <EmulationProfile>TaitoTypeXGeneric</EmulationProfile>
  <GameProfileRevision>5</GameProfileRevision>
  <HasSeparateTestMode>false</HasSeparateTestMode>
  <Is64Bit>false</Is64Bit>
  <EmulatorType>OpenParrot</EmulatorType>
  <GunGame>false</GunGame>
  <Patreon>false</Patreon>
  <RequiresAdmin>false</RequiresAdmin>
  <msysType>0</msysType>
  <InvertedMouseAxis>false</InvertedMouseAxis>
  <DevOnly>false</DevOnly>
</GameProfile>