﻿<?xml version="1.0" encoding="utf-8"?>
<GameProfile xmlns:xsi="http://www.w3.org/2001/XMLSchema-instance" xmlns:xsd="http://www.w3.org/2001/XMLSchema">
  <GameName>Too Spicy</GameName>
  <GamePath />
  <TestMenuParameter>apachetestM.elf</TestMenuParameter>
  <TestMenuIsExecutable>true</TestMenuIsExecutable>
  <ExtraParameters />
  <TestMenuExtraParameters>-t</TestMenuExtraParameters>
  <IconName>Icons/2Spicy.png</IconName>
  <ResetHint>false</ResetHint>
  <ConfigValues>
    <FieldInformation>
      <CategoryName>General</CategoryName>
      <FieldName>XInput</FieldName>
      <FieldValue>1</FieldValue>
      <FieldType>Bool</FieldType>
    </FieldInformation>
    <FieldInformation>
      <CategoryName>General</CategoryName>
      <FieldName>EnableAmdFix</FieldName>
      <FieldValue>0</FieldValue>
      <FieldType>Bool</FieldType>
    </FieldInformation>
    <FieldInformation>
      <CategoryName>General</CategoryName>
      <FieldName>DongleRegion</FieldName>
      <FieldValue>EXPORT</FieldValue>
      <FieldType>Text</FieldType>
    </FieldInformation>
    <FieldInformation>
      <CategoryName>General</CategoryName>
      <FieldName>PcbRegion</FieldName>
      <FieldValue>EXPORT</FieldValue>
      <FieldType>Text</FieldType>
    </FieldInformation>
    <FieldInformation>
      <CategoryName>General</CategoryName>
      <FieldName>FreePlay</FieldName>
      <FieldValue>1</FieldValue>
      <FieldType>Bool</FieldType>
    </FieldInformation>
    <FieldInformation>
      <CategoryName>General</CategoryName>
      <FieldName>Windowed</FieldName>
      <FieldValue>0</FieldValue>
      <FieldType>Bool</FieldType>
    </FieldInformation>
    <FieldInformation>
      <CategoryName>General</CategoryName>
      <FieldName>UseMouseForGun</FieldName>
      <FieldValue>1</FieldValue>
      <FieldType>Bool</FieldType>
    </FieldInformation>
    <FieldInformation>
      <CategoryName>General</CategoryName>
      <FieldName>HideCursor</FieldName>
      <FieldValue>0</FieldValue>
      <FieldType>Bool</FieldType>
    </FieldInformation>
  </ConfigValues>
  <JoystickButtons>
    <JoystickButtons>
      <ButtonName>Test</ButtonName>
      <InputMapping>Test</InputMapping>
      <AnalogType>None</AnalogType>
    </JoystickButtons>
    <JoystickButtons>
      <ButtonName>Service 1</ButtonName>
      <InputMapping>Service1</InputMapping>
      <AnalogType>None</AnalogType>
    </JoystickButtons>
    <JoystickButtons>
      <ButtonName>Player 1 Start</ButtonName>
      <InputMapping>P1ButtonStart</InputMapping>
      <AnalogType>None</AnalogType>
    </JoystickButtons>
    <JoystickButtons>
      <ButtonName>Pedal Left</ButtonName>
      <InputMapping>P1ButtonLeft</InputMapping>
      <AnalogType>None</AnalogType>
    </JoystickButtons>
    <JoystickButtons>
      <ButtonName>Pedal Right</ButtonName>
      <InputMapping>P1ButtonRight</InputMapping>
      <AnalogType>None</AnalogType>
    </JoystickButtons>
    <JoystickButtons>
      <ButtonName>Player 1 Gun Trigger</ButtonName>
      <InputMapping>P1Button1</InputMapping>
      <AnalogType>None</AnalogType>
    </JoystickButtons>
    <JoystickButtons>
      <ButtonName>Reload</ButtonName>
      <InputMapping>P1Button2</InputMapping>
      <AnalogType>None</AnalogType>
    </JoystickButtons>
    <JoystickButtons>
      <ButtonName>Player 1 Gun Down</ButtonName>
      <InputMapping>P2ButtonLeft</InputMapping>
      <AnalogType>None</AnalogType>
    </JoystickButtons>
    <JoystickButtons>
      <ButtonName>Player 1 Gun Up</ButtonName>
      <InputMapping>P2ButtonRight</InputMapping>
      <AnalogType>None</AnalogType>
    </JoystickButtons>
    <JoystickButtons>
      <ButtonName>Player 1 Gun Left</ButtonName>
      <InputMapping>P2ButtonDown</InputMapping>
      <AnalogType>None</AnalogType>
    </JoystickButtons>
    <JoystickButtons>
      <ButtonName>Player 1 Gun Right</ButtonName>
      <InputMapping>P2ButtonUp</InputMapping>
      <AnalogType>None</AnalogType>
    </JoystickButtons>
  </JoystickButtons>
  <EmulationProfile>TooSpicy</EmulationProfile>
  <GameProfileRevision>10</GameProfileRevision>
  <HasSeparateTestMode>true</HasSeparateTestMode>
  <Is64Bit>false</Is64Bit>
  <EmulatorType>Lindbergh</EmulatorType>
  <GunGame>true</GunGame>
  <Patreon>true</Patreon>
  <RequiresAdmin>false</RequiresAdmin>
  <msysType>3</msysType>
  <InvertedMouseAxis>true</InvertedMouseAxis>
  <DevOnly>false</DevOnly>
</GameProfile>